name,name_kana,name_romaji,nickname,latitude,longitude
天川一丁目,アマカワ 1,AMAKAWA 1,,36.065893,140.174972
天川二丁目,アマカワ 2,AMAKAWA 2,,36.069595,140.172852
荒川沖,アラカワオキ,ARAKAWAOKI,,36.025427,140.157138
荒川沖西一丁目,アラカワオキニシ 1,ARAKAWAOKINISHI 1,,36.034454,140.163664
荒川沖西二丁目,アラカワオキニシ 2,ARAKAWAOKINISHI 2,,36.028298,140.162749
荒川沖東一丁目,アラカワオキヒガシ 1,ARAKAWAOKIHIGASHI 1,,36.03368,140.169773
荒川沖東二丁目,アラカワオキヒガシ 2,ARAKAWAOKIHIGASHI 2,,36.02966,140.169894
荒川沖東三丁目,アラカワオキヒガシ 3,ARAKAWAOKIHIGASHI 3,,36.023482,140.166378
荒川本郷,アラカワホンゴウ,ARAKAWAHONGO,,36.016735,140.156627
有明町,アリアケチョウ,ARIAKECHO,,36.077463,140.2063
粟野町,アワノマチ,AWANOMACHI,,36.145481,140.199561
飯田,イイダ,IIDA,,36.097226,140.164757
生田町,イクタマチ,IKUTAMACHI,,36.081384,140.187706
板谷一丁目,イタヤ 1,ITAYA 1,,36.11247,140.201565
板谷二丁目,イタヤ 2,ITAYA 2,,36.113937,140.195929
板谷三丁目,イタヤ 3,ITAYA 3,,36.117191,140.194698
板谷四丁目,イタヤ 4,ITAYA 4,,36.117479,140.199033
板谷五丁目,イタヤ 5,ITAYA 5,,36.117032,140.203321
板谷六丁目,イタヤ 6,ITAYA 6,,36.113953,140.205944
板谷七丁目,イタヤ 7,ITAYA 7,,36.113436,140.211276
今泉,イマイズミ,IMAIZUMI,,36.143921,140.188925
大岩田,オオイワタ,OIWATA,,36.060163,140.212359
大志戸,オオシト,OSHITO,,36.153488,140.166369
おおつ野一丁目,オオツノ 1,OTSUNO 1,,36.093089,140.254283
おおつ野二丁目,オオツノ 2,OTSUNO 2,,36.087555,140.256627
おおつ野三丁目,オオツノ 3,OTSUNO 3,,36.084584,140.261397
おおつ野四丁目,オオツノ 4,OTSUNO 4,,36.083179,140.26114
おおつ野五丁目,オオツノ 5,OTSUNO 5,,36.082786,140.255967
おおつ野六丁目,オオツノ 6,OTSUNO 6,,36.083057,140.252886
おおつ野七丁目,オオツノ 7,OTSUNO 7,,36.086378,140.254525
おおつ野八丁目,オオツノ 8,OTSUNO 8,,36.091939,140.253552
大手町,オオテマチ,OTEMACHI,,36.082646,140.195844
大畑,オオバタケ,OBATAKE,,36.130602,140.169731
大町,オオマチ,OMACHI,,36.07972,140.193307
沖新田,オキシンデン,OKISHINDEN,,36.021889,140.162707
沖宿町,オキジュクマチ,OKIJUKUMACHI,,36.075299,140.256579
小高,オダカ,ODAKA,,36.147841,140.14621
乙戸,オット,OTTO,,36.035817,140.152158
乙戸南一丁目,オットミナミ 1,OTTOMINAMI 1,,36.028481,140.151787
乙戸南二丁目,オットミナミ 2,OTTOMINAMI 2,,36.03073,140.147642
乙戸南三丁目,オットミナミ 3,OTTOMINAMI 3,,36.032998,140.14562
小野,オノ,ONO,,36.165788,140.164124
小山田一丁目,オヤマダ 1,OYAMADA 1,,36.04157,140.14211
小山田二丁目,オヤマダ 2,OYAMADA 2,,36.029381,140.144054
卸町一丁目,オロシマチ 1,OROSHIMACHI 1,,36.045116,140.148304
卸町二丁目,オロシマチ 2,OROSHIMACHI 2,,36.048318,140.147045
笠師町,カサシマチ,KASASHIMACHI,,36.123247,140.19244
粕毛,カスゲ,KASUGE,,36.085393,140.171521
霞ケ岡町,カスミガオカマチ,KASUMIGAOKAMACHI,,36.061618,140.203714
上坂田,カミサカタ,KAMISAKATA,,36.113595,140.16436
上高津,カミタカツ,KAMITAKATSU,,36.076263,140.171451
上高津新町,カミタカツシンマチ,KAMITAKATSUSHIMMACHI,,36.071874,140.175145
烏山,カラスヤマ,KARASUYAMA,,36.050465,140.196968
烏山一丁目,カラスヤマ 1,KARASUYAMA 1,,36.050528,140.200779
烏山二丁目,カラスヤマ 2,KARASUYAMA 2,,36.048906,140.205943
烏山三丁目,カラスヤマ 3,KARASUYAMA 3,,36.047954,140.197508
烏山四丁目,カラスヤマ 4,KARASUYAMA 4,,36.042348,140.199476
烏山五丁目,カラスヤマ 5,KARASUYAMA 5,,36.043301,140.194475
川口一丁目,カワグチ 1,KAWAGUCHI 1,,36.081095,140.204379
川口二丁目,カワグチ 2,KAWAGUCHI 2,,36.082584,140.211841
神立中央一丁目,カンダツチュウオウ 1,KANDATSUCHUO 1,,36.119478,140.24596
神立中央二丁目,カンダツチュウオウ 2,KANDATSUCHUO 2,,36.119109,140.242929
神立中央三丁目,カンダツチュウオウ 3,KANDATSUCHUO 3,,36.120929,140.2382
神立中央四丁目,カンダツチュウオウ 4,KANDATSUCHUO 4,,36.120897,140.233136
神立中央五丁目,カンダツチュウオウ 5,KANDATSUCHUO 5,,36.121609,140.227243
神立東一丁目,カンダツヒガシ 1,KANDATSUHIGASHI 1,,36.116432,140.252318
神立東二丁目,カンダツヒガシ 2,KANDATSUHIGASHI 2,,36.114514,140.248974
神立町,カンダツマチ,KANDATSUMACHI,,36.109218,140.229949
北荒川沖町,キタアラカワオキマチ,KITAARAKAWAOKIMACHI,,36.037688,140.168088
北神立町,キタカンダツマチ,KITAKANDATSUMACHI,,36.116075,140.228705
木田余,キダマリ,KIDAMARI,,36.097709,140.215485
木田余西台,キダマリニシダイ,KIDAMARINISHIDAI,,36.099226,140.210601
木田余東台一丁目,キダマリヒガシダイ 1,KIDAMARIHIGASHIDAI 1,,36.101571,140.221199
木田余東台二丁目,キダマリヒガシダイ 2,KIDAMARIHIGASHIDAI 2,,36.101935,140.217477
木田余東台三丁目,キダマリヒガシダイ 3,KIDAMARIHIGASHIDAI 3,,36.105744,140.217839
木田余東台四丁目,キダマリヒガシダイ 4,KIDAMARIHIGASHIDAI 4,,36.105031,140.221975
木田余東台五丁目,キダマリヒガシダイ 5,KIDAMARIHIGASHIDAI 5,,36.10435,140.226139
小岩田西一丁目,コイワダニシ 1,KOIWADA NISHI 1,,36.057749,140.193354
小岩田西二丁目,コイワダニシ 2,KOIWADA NISHI 2,,36.058149,140.188611
小岩田東一丁目,コイワダヒガシ 1,KOIWADA HIGASHI 1,,36.057291,140.197619
小岩田東二丁目,コイワダヒガシ 2,KOIWADA HIGASHI 2,,36.057183,140.200975
国分町,コクブチョウ,KOKUBUCHO,,36.067867,140.190322
湖北一丁目,コホク 1,KOHOKU 1,,36.086812,140.211839
湖北二丁目,コホク 2,KOHOKU 2,,36.085944,140.215584
小松一丁目,コマツ 1,KOMATSU 1,,36.069344,140.207086
小松二丁目,コマツ 2,KOMATSU 2,,36.066532,140.198415
小松三丁目,コマツ 3,KOMATSU 3,,36.066501,140.206036
小松ケ丘町,コマツガオカマチ,KOMATSUGAOKAMACHI,,36.065914,140.195129
小山崎,コヤマザキ,KOYAMAZAKI,,36.133882,140.185128
桜ケ丘町,サクラガオカマチ,SAKURAGAOKAMACHI,,36.062359,140.19327
桜町一丁目,サクラマチ 1,SAKURAMACHI 1,,36.076588,140.20294
桜町二丁目,サクラマチ 2,SAKURAMACHI 2,,36.077659,140.199255
桜町三丁目,サクラマチ 3,SAKURAMACHI 3,,36.079417,140.200196
桜町四丁目,サクラマチ 4,SAKURAMACHI 4,,36.078464,140.195855
佐野子,サノコ,SANOKO,,36.091528,140.171814
沢辺,サワベ,SAWABE,,36.14667,140.157797
宍塚,シシツカ,SHISHITSUKA,,36.080624,140.1644
宍塚,シシツカ,SHISHITSUKA,下田,36.084193,140.168416
下坂田,シモサカタ,SHIMOSAKATA,,36.108483,140.170764
下高津一丁目,シモタカツ 1,SHIMOTAKATSU 1,,36.0727,140.195029
下高津二丁目,シモタカツ 2,SHIMOTAKATSU 2,,36.074199,140.190989
下高津三丁目,シモタカツ 3,SHIMOTAKATSU 3,,36.076371,140.186653
下高津四丁目,シモタカツ 4,SHIMOTAKATSU 4,,36.077454,140.18133
白鳥町,シラトリマチ,SHIRATORIMACHI,,36.103837,140.254896
城北町,ジョウホクマチ,JOHOKUMACHI,,36.08599,140.203379
菅谷町,スゲノヤマチ,SUGENOYAMACHI,,36.10465,140.273074
千束町,センゾクチョウ,SENZOKUCHO,,36.080967,140.190723
高岡,タカオカ,TAKAOKA,,36.124838,140.140435
滝田一丁目,タキタ 1,TAKITA 1,,36.069145,140.215295
滝田二丁目,タキタ 2,TAKITA 2,,36.067546,140.21733
立田町,タツタマチ,TATSUTAMACHI,,36.088108,140.196335
田土部,タドベ,TADOBE,,36.128571,140.131264
田中一丁目,タナカ 1,TANAKA 1,,36.087609,140.192106
田中二丁目,タナカ 2,TANAKA 2,,36.087602,140.187159
田中三丁目,タナカ 3,TANAKA 3,,36.084349,140.18484
田中町,タナカマチ,TANAKAMACHI,,36.091683,140.188216
田宮,タミヤ,TAMIYA,,36.137276,140.14394
田村町,タムラマチ,TAMURAMACHI,,36.084207,140.243519
千鳥ケ丘町,チドリガオカマチ,CHIDORIGAOKAMACHI,,36.065606,140.204275
中,チュウオウ,CHUO,,36.051839,140.175731
中央一丁目,チュウオウ 1,CHUO 1,,36.083246,140.199354
中央二丁目,チュウオウ 2,CHUO 2,,36.084049,140.201792
都和一丁目,ツワ 1,TSUWA 1,,36.107816,140.19577
都和二丁目,ツワ 2,TSUWA 2,,36.110872,140.193761
都和三丁目,ツワ 3,TSUWA 3,,36.112613,140.192564
都和四丁目,ツワ 4,TSUWA 4,,36.110629,140.197074
手野町,テノマチ,TENOMACHI,,36.094486,140.233447
東崎町,トウザキマチ,TOZAKIMACHI,,36.084077,140.207028
東城寺,トウジョウジ,TOJOJI,,36.16338,140.144089
殿里,トノサト,TONOSATO,,36.096685,140.193293
中荒川沖町,ナカアラカワオキマチ,NAKAARAKAWAOKIMACHI,,36.032984,140.166452
中神立町,ナカカンダツマチ,NAKAKANDATSUMACHI,,36.117542,140.23381
中高津一丁目,ナカタカツ 1,NAKATAKATSU 1,,36.068077,140.186504
中高津二丁目,ナカタカツ 2,NAKATAKATSU 2,,36.071354,140.183486
中高津三丁目,ナカタカツ 3,NAKATAKATSU 3,,36.067939,140.180645
中都町一丁目,ナカツマチ 1,NAKATSUMACHI 1,,36.120848,140.186038
中都町二丁目,ナカツマチ 2,NAKATSUMACHI 2,,36.123777,140.200054
中都町三丁目,ナカツマチ 3,NAKATSUMACHI 3,,36.127059,140.198708
中都町四丁目,ナカツマチ 4,NAKATSUMACHI 4,,36.126087,140.183535
中貫,ナカヌキ,NAKANUKI,,36.118721,140.205326
中村西根,ナカムラニシネ,NAKAMURANISHINE,,36.050264,140.159279
中村東一丁目,ナカムラヒガシ 1,NAKAMURAHIGASHI 1,,36.045958,140.1689
中村東二丁目,ナカムラヒガシ 2,NAKAMURAHIGASHI 2,,36.044297,140.171935
中村東三丁目,ナカムラヒガシ 3,NAKAMURAHIGASHI 3,,36.043368,140.174181
中村南一丁目,ナカムラミナミ 1,NAKAMURAMINAMI 1,,36.043758,140.167862
中村南二丁目,ナカムラミナミ 2,NAKAMURAMINAMI 2,,36.041058,140.170293
中村南三丁目,ナカムラミナミ 3,NAKAMURAMINAMI 3,,36.039097,140.165648
中村南四丁目,ナカムラミナミ 4,NAKAMURAMINAMI 4,,36.040889,140.161433
中村南五丁目,ナカムラミナミ 5,NAKAMURAMINAMI 5,,36.042787,140.160878
中村南六丁目,ナカムラミナミ 6,NAKAMURAMINAMI 6,,36.038791,140.159723
永井,ナガイ,NAGAI,,36.150814,140.188085
永国,ナガクニ,NAGAKUNI,,36.061019,140.178968
永国台,ナガクニダイ,NAGAKUNIDAI,,36.063253,140.173258
永国東町,ナガクニヒガシマチ,NAGAKUNIHIGASHIMACHI,,36.059866,140.186714
並木一丁目,ナミキ 1,NAMIKI 1,,36.10607,140.193474
並木二丁目,ナミキ 2,NAMIKI 2,,36.111613,140.191121
並木三丁目,ナミキ 3,NAMIKI 3,,36.111866,140.185755
並木四丁目,ナミキ 4,NAMIKI 4,,36.115199,140.186096
並木五丁目,ナミキ 5,NAMIKI 5,,36.11667,140.191902
西並木町,ニシナミキマチ,NISHINAMIKIMACHI,,36.109637,140.183959
西根西一丁目,ニシネニシ 1,NISHINENISHI 1,,36.046928,140.152156
西根南一丁目,ニシネミナミ 1,NISHINEMINAMI 1,,36.046375,140.16487
西根南二丁目,ニシネミナミ 2,NISHINEMINAMI 2,,36.046045,140.161077
西根南三丁目,ニシネミナミ 3,NISHINEMINAMI 3,,36.04417,140.157272
西真鍋町,ニシマナベマチ,NISHIMANABEMACHI,,36.094857,140.197249
蓮河原新町,ハスカワラシンマチ,HASUKAWARASHIMMACHI,,36.072643,140.207759
蓮河原町,ハスカワラマチ,HASUKAWARAMACHI,,36.072391,140.215565
東都和,ヒガシツワ,HIGASHITSUWA,,36.110022,140.200611
東中貫町,ヒガシナカヌキマチ,HIGASHINAKANUKIMACHI,,36.121787,140.217291
東並木町,ヒガシナミキマチ,HIGASHINAMIKIMACHI,,36.104857,140.190916
東真鍋町,ヒガシマナベマチ,HIGASHIMANABEMACHI,,36.093862,140.206532
東若松町,ヒガシワカマツマチ,HIGASHIWAKAMATSUMACHI,,36.108343,140.207988
常名,ヒタナ,HITANA,,36.10237,140.183966
富士崎一丁目,フジサキ 1,FUJISAKI 1,,36.073486,140.200949
富士崎二丁目,フジサキ 2,FUJISAKI 2,,36.069643,140.19571
藤沢,フジサワ,FUJISAWA,,36.12782,140.155582
藤沢新田,フジサワシンデン,FUJISAWASHINDEN,,36.116297,140.141728
文京町,ブンキョウチョウ,BUNKYOCHO,,36.084916,140.193425
本郷,ホンゴウ,HONGO,,36.153322,140.176815
真鍋一丁目,マナベ 1,MANABE 1,,36.089165,140.203313
真鍋二丁目,マナベ 2,MANABE 2,,36.090851,140.195695
真鍋三丁目,マナベ 3,MANABE 3,,36.093782,140.202018
真鍋四丁目,マナベ 4,MANABE 4,,36.100428,140.205405
真鍋五丁目,マナベ 5,MANABE 5,,36.099601,140.199817
真鍋六丁目,マナベ 6,MANABE 6,,36.104001,140.199691
真鍋新町,マナベシンマチ,MANABESHIMMACHI,,36.089673,140.209629
摩利山新田,マリヤマシンデン,MARIYAMASHINDEN,,36.04068,140.178449
右籾,ミギモミ,MIGIMOMI,,36.043017,140.185808
右籾,ミギモミ,MIGIMOMI,宮塚,36.036169,140.183443
港町一丁目,ミナトマチ 1,MINATOMACHI 1,,36.077202,140.208675
港町二丁目,ミナトマチ 2,MINATOMACHI 2,,36.076821,140.212736
港町三丁目,ミナトマチ 3,MINATOMACHI 3,,36.077983,140.217036
虫掛,ムシカケ,MUSHIKAKE,,36.096749,140.175517
紫ケ丘,ムラサキガオカ,MURASAKIGAOKA,,36.135483,140.195278
矢作,ヤハギ,YAHAGI,,36.0942,140.155071
大和町,ヤマトチョウ,YAMATOCHO,,36.079059,140.204451
若松町,ワカマツチョウ,WAKAMATSUCHO,,36.108064,140.202729
