name,name_kana,name_romaji,nickname,latitude,longitude
青木町,アオキマチ,AOKIMACHI,,37.41199,138.855164
青島町,アオシママチ,AOSHIMAMACHI,,37.399861,138.816837
青葉台一丁目,アオバダイ 1,AOBADAI 1,,37.446789,138.74945
青葉台二丁目,アオバダイ 2,AOBADAI 2,,37.442125,138.749296
青葉台三丁目,アオバダイ 3,AOBADAI 3,,37.442383,138.756122
青葉台四丁目,アオバダイ 4,AOBADAI 4,,37.440279,138.75157
青葉台五丁目,アオバダイ 5,AOBADAI 5,,37.437802,138.754005
青山新町,アオヤマシンマチ,AOYAMASHIMMACHI,,37.412048,138.829869
青山町,アオヤママチ,AOYAMAMACHI,,37.409156,138.82738
赤谷,アカタニ,AKATANI,,37.43767,139.014303
赤沼,アカヌマ,AKANUMA,,37.589857,138.868911
明戸,アケト,AKETO,,37.501788,139.003657
曙一丁目,アケボノ 1,AKEBONO 1,,37.425562,138.848994
曙二丁目,アケボノ 2,AKEBONO 2,,37.427583,138.85004
曙三丁目,アケボノ 3,AKEBONO 3,,37.430173,138.851351
朝日,アサヒ,ASAHI,,37.394454,138.768927
旭町一丁目,アサヒマチ 1,ASAHIMACHI 1,,37.442396,138.851341
旭町二丁目,アサヒマチ 2,ASAHIMACHI 2,,37.443864,138.850745
東町,アズマチョウ,AZUMACHO,,37.476425,138.996774
麻生田町,アソウダマチ,ASODAMACHI,,37.459478,138.909488
愛宕二丁目,アタゴ 2,ATAGO 2,,37.457351,138.86067
愛宕三丁目,アタゴ 3,ATAGO 3,,37.458346,138.85947
雨池町,アマイケマチ,AMAIKEMACHI,,37.468559,138.815822
天下島,アマガシマ,AMAGASHIMA,,37.462711,138.999525
天下島一丁目,アマガシマ 1,AMAGASHIMA 1,,37.46983,139.001169
天下島二丁目,アマガシマ 2,AMAGASHIMA 2,,37.467784,139.002588
阿弥陀瀬,アミダセ,AMIDASE,,37.542906,138.782629
荒巻,アラマキ,ARAMAKI,,37.567741,138.787255
新町一丁目,アラマチ 1,ARAMACHI 1,,37.460575,138.855825
新町二丁目,アラマチ 2,ARAMACHI 2,,37.463359,138.857195
新町三丁目,アラマチ 3,ARAMACHI 3,,37.465592,138.858976
飯島,イイジマ,IIJIMA,,37.423557,138.809851
飯島善兵エ古新田,,,,37.423395,138.81498
飯塚,イイヅカ,IIZUKA,,37.385744,138.756996
池之島,イケノシマ,IKENOSHIMA,,37.508308,138.876268
石内一丁目,イシウチ 1,ISHIUCHI 1,,37.461604,138.85321
石内二丁目,イシウチ 2,ISHIUCHI 2,,37.461813,138.85127
泉一丁目,イズミ 1,IZUMI 1,,37.463856,138.853713
泉二丁目,イズミ 2,IZUMI 2,,37.463887,138.851977
石動町,イスルギマチ,ISURUGIMACHI,,37.448429,138.794417
石動南町,イスルギミナミマチ,ISURUGIMINAMIMACHI,,37.442959,138.790936
一之貝,イチノカイ,ICHINOKAI,,37.436603,138.958291
一之渡戸,,,,37.48846,138.987571
稲島,イナジマ,INAJIMA,,37.562303,138.859023
稲保二丁目,イナホ 2,INAHO 2,,37.480582,138.872323
稲保四丁目,イナホ 4,INAHO 4,,37.480896,138.869754
今井一丁目,イマイ 1,IMAI 1,,37.424173,138.827302
今井二丁目,イマイ 2,IMAI 2,,37.42483,138.830104
今井三丁目,イマイ 3,IMAI 3,,37.426887,138.831459
今井町,,,,37.428169,138.830618
入塩川,イリシオガワ,IRISHIOGAWA,,37.464237,139.046176
岩田,イワダ,IWADA,,37.378165,138.733784
岩野,イワノ,IWANO ,,37.371124,138.810623
上田町,ウエダマチ,UEDAMACHI,,37.449696,138.844305
上の原町,ウエノハラマチ,UENOHARAMACHI,,37.468742,138.997046
梅野俣,ウメノマタ,UMENOMATA,,37.512015,139.073312
浦,ウラ,URA,,37.3924,138.802331
浦瀬町,ウラセマチ,URASEMACHI,,37.468245,138.910385
瓜生,ウリュウ,URYU,,37.510789,138.803836
上沼新田,ウワヌマシンデン,UWANUMASHINDEN,,37.57632,138.850681
海老島勇次新田,エビジマユウジシンデン,EBIJIMAYUJISHINDEN,,37.553947,138.828949
王番田町,オウバデンマチ,OBADEMMACHI,,37.46554,138.789339
大字日越,,,,37.43944,138.781346
大荒戸町,オオアラトマチ,OARATOMACHI,,37.48168,138.801342
大川戸,オオカワド,OKAWADO,,37.453647,139.016813
大川原町,オオガワラマチ,OGAWARAMACHI,,37.368733,138.82322
大口,オオクチ,OKUCHI,,37.520745,138.866958
大島新町一丁目,オオジマシンマチ 1,OJIMA SHIMMACHI 1,,37.445141,138.827134
大島新町二丁目,オオジマシンマチ 2,OJIMA SHIMMACHI 2,,37.445144,138.825244
大島新町三丁目,オオジマシンマチ 3,OJIMA SHIMMACHI 3,,37.445437,138.823383
大島新町四丁目,オオジマシンマチ 4,OJIMA SHIMMACHI 4,,37.446926,138.818792
大島新町五丁目,オオジマシンマチ 5,OJIMA SHIMMACHI 5,,37.447604,138.820188
大島本町一丁目,オオジマホンチョウ 1,OJIMA HONCHO 1,,37.442872,138.826495
大島本町二丁目,オオジマホンチョウ 2,OJIMA HONCHO 2,,37.442095,138.824561
大島本町三丁目,オオジマホンチョウ 3,OJIMA HONCHO 3,,37.442459,138.821493
大島本町四丁目,オオジマホンチョウ 4,OJIMA HONCHO 4,,37.444087,138.820134
大島本町五丁目,オオジマホンチョウ 5,OJIMA HONCHO 5,,37.445569,138.818548
大島町,,,,37.441263,138.826812
大積折渡町,オオヅミオリワタリマチ,OZUMI ORIWATARIMACHI,,37.432037,138.703833
大積熊上町,オオヅミクマガミマチ,OZUMI KUMAGAMIMACHI,,37.426149,138.711315
大積千本町,オオヅミセンボンマチ,OZUMI SEMBOMMACHI,,37.408281,138.714582
大積善間町,オオヅミゼンママチ,OZUMI ZEMMAMACHI,,37.442389,138.722886
大積高鳥町,オオヅミタカトリマチ,OZUMI TAKATORIMACHI,,37.395366,138.714857
大積田代町,オオヅミタシロマチ,OZUMI TASHIROMACHI,,37.410772,138.706835
大積灰下町,オオヅミハイゲマチ,OZUMI HAIGEMACHI,,37.404173,138.724376
大積町一丁目,オオヅミマチ 1,OZUMIMACHI 1,,37.429921,138.732711
大積町二丁目,オオヅミマチ 2,OZUMIMACHI 2,,37.422375,138.734836
大積町三丁目,オオヅミマチ 3,OZUMIMACHI 3,,37.416513,138.726461
大積三島谷町,オオヅミミシマダニマチ,OZUMI MISHIMADANIMACHI,,37.450869,138.707868
大手通一丁目,オオテドオリ 1,OTEDORI 1,,37.446869,138.852007
大手通二丁目,オオテドオリ 2,OTEDORI 2,,37.447927,138.849098
大沼新田,オオヌマシンデン,ONUMASHINDEN,,37.607211,138.876617
大野,オオノ,ONO,,37.499395,138.798487
大曲戸,オオマガト,OMAGATO,,37.513574,138.882869
大町,オオマチ,OMACHI,,37.427978,138.857655
大町一丁目,オオマチ 1,OMACHI 1,,37.428839,138.860641
大町二丁目,オオマチ 2,OMACHI 2,,37.429472,138.859311
大町三丁目,オオマチ 3,OMACHI 3,,37.431144,138.859857
大宮町,オオミヤマチ,OMIYAMACHI,,37.428231,138.827301
大山一丁目,オオヤマ 1,OYAMA 1,,37.440855,138.820512
大山二丁目,オオヤマ 2,OYAMA 2,,37.441733,138.816988
大山三丁目,オオヤマ 3,OYAMA 3,,37.443013,138.816754
岡村町,,,,37.44896,138.831414
沖田一丁目,オキタ 1,OKITA 1,,37.44428,138.865904
沖田二丁目,オキタ 2,OKITA 2,,37.446456,138.865204
沖田三丁目,オキタ 3,OKITA 3,,37.445619,138.868913
荻野一丁目,オギノ 1,OGINO 1,,37.471957,138.835778
荻野二丁目,オギノ 2,OGINO 2,,37.472576,138.838087
荻野町,,,,37.468022,138.839942
小国町相野原,オグニマチアイノハラ,OGUNIMACHI AINOHARA,,37.29084,138.683268
小国町新町,オグニマチアラマチ,OGUNIMACHI ARAMACHI,,37.290514,138.712512
小国町大貝,オグニマチオオガイ,OGUNIMACHI OGAI,,37.236674,138.693104
小国町小国沢,オグニマチオグニサワ,OGUNIMACHI OGUNISAWA,,37.276072,138.724749
小国町上岩田,オグニマチカミイワタ,OGUNIMACHI KAMIIWATA,,37.283488,138.708124
小国町上新田,,,,37.329208,138.716213
小国町上谷内新田,オグニマチカミヤウチシンデン,OGUNIMACHI KAMIYAUCHISHINDEN,,37.29506,138.710938
小国町桐沢,オグニマチキリサワ,OGUNIMACHI KIRISAWA,,37.303345,138.734386
小国町小栗山,オグニマチコグリヤマ,OGUNIMACHI KOGURIYAMA,,37.276236,138.683662
小国町苔野島,オグニマチコケノシマ,OGUNIMACHI KOKENOSHIMA,,37.248938,138.701074
小国町下新田,,,,37.332884,138.718759
小国町諏訪井,オグニマチスワイ,OGUNIMACHI SUWAI,,37.247507,138.723004
小国町武石,オグニマチタケイシ,OGUNIMACHI TAKEISHI,,37.326774,138.689485
小国町太郎丸,オグニマチタロウマル,OGUNIMACHI TAROMARU,,37.270849,138.712482
小国町千谷沢,オグニマチチヤザワ,OGUNIMACHI CHIYAZAWA,,37.328445,138.73702
小国町七日町,オグニマチナノカマチ,OGUNIMACHI NANOKAMACHI,,37.317765,138.726245
小国町楢沢,オグニマチナラサワ,OGUNIMACHI NARASAWA,,37.284033,138.735594
小国町二本柳,オグニマチニホンヤナギ,OGUNIMACHI NIHONYANAGI,,37.299259,138.703294
小国町八王子,オグニマチハチオウジ,OGUNIMACHI HACHIOJI,,37.293556,138.658868
小国町原,オグニマチハラ,OGUNIMACHI HARA,,37.258626,138.697637
小国町法坂,オグニマチホウザカ,OGUNIMACHI HOZAKA,,37.296833,138.72022
小国町法末,オグニマチホウスエ,OGUNIMACHI HOSUE,,37.263987,138.737509
小国町三桶,オグニマチミオケ,OGUNIMACHI MIOKE,,37.243293,138.713661
小国町森光,オグニマチモリミツ,OGUNIMACHI MORIMITSU,,37.265886,138.685841
小国町山野田,オグニマチヤマノタ,OGUNIMACHI YAMANOTA,,37.247841,138.679971
小国町横沢,オグニマチヨコサワ,OGUNIMACHI YOKOSAWA,,37.309734,138.69271
押切川原町,オシキリカワラマチ,OSHIKIRIKAWARAMACHI,,37.506117,138.885174
押切新田,オシキリシンデン,OSHIKIRISHINDEN,,37.509035,138.883115
小島谷,オジマヤ,OJIMAYA,,37.560895,138.769128
乙吉町,オトヨシマチ,OTOYOSHIMACHI,,37.447874,138.90458
思川新田,オモイガワシンデン,OMOIGAWASHINDEN,,37.511583,138.890444
表町一丁目,オモテマチ 1,OMOTEMACHI 1,,37.446996,138.845677
表町二丁目,オモテマチ 2,OMOTEMACHI 2,,37.449207,138.84776
表町三丁目,オモテマチ 3,OMOTEMACHI 3,,37.450423,138.848431
表町四丁目,オモテマチ 4,OMOTEMACHI 4,,37.451966,138.849055
親沢町,オヤザワマチ,OYAZAWAMACHI,,37.40997,138.754178
御山町,オヤマチョウ,OYAMACHO,,37.427668,138.883212
柿町,カギマチ,KAGIMACHI,,37.404607,138.875167
籠田,,,,37.570234,138.744484
柏町一丁目,カシワチョウ 1,KASHIWACHO 1,,37.442399,138.846551
柏町二丁目,カシワチョウ 2,KASHIWACHO 2,,37.444419,138.847216
春日一丁目,カスガ 1,KASUGA 1,,37.447442,138.842595
春日二丁目,カスガ 2,KASUGA 2,,37.448891,138.84247
片田町,カタダマチ,KATADAMACHI,,37.393568,138.83935
学校町一丁目,ガッコウチョウ 1,GAKKOCHO 1,,37.43942,138.86169
学校町二丁目,ガッコウチョウ 2,GAKKOCHO 2,,37.441953,138.861176
学校町三丁目,ガッコウチョウ 3,GAKKOCHO 3,,37.444238,138.860429
加津保町,カツボマチ,KATSUBOMACHI,,37.476609,138.923097
桂町,カツラマチ,KATSURAMACHI,,37.48311,138.91697
金沢,カナザワ,KANAZAWA,,37.47707,139.014731
金沢一丁目,カナザワ 1,KANAZAWA 1,,37.480265,138.996515
金沢二丁目,カナザワ 2,KANAZAWA 2,,37.476984,138.998212
金沢三丁目,カナザワ 3,KANAZAWA 3,,37.476458,139.000667
金沢四丁目,カナザワ 4,KANAZAWA 4,,37.475513,139.004615
金沢五丁目,カナザワ 5,KANAZAWA 5,,37.477496,139.004881
金沢六丁目,カナザワ 6,KANAZAWA 6,,37.477235,139.008332
要町一丁目,カナメチョウ 1,KANAMECHO 1,,37.423514,138.835931
要町二丁目,カナメチョウ 2,KANAMECHO 2,,37.427539,138.839397
要町三丁目,カナメチョウ 3,KANAMECHO 3,,37.42963,138.840508
金房一丁目,カネフサ 1,KANEFUSA 1,,37.436777,138.851535
金房二丁目,カネフサ 2,KANEFUSA 2,,37.438126,138.853115
金房三丁目,カネフサ 3,KANEFUSA 3,,37.439667,138.853127
金町一丁目,カネマチ 1,KANEMACHI 1,,37.479011,138.994697
金町二丁目,カネマチ 2,KANEMACHI 2,,37.481974,138.994206
釜ケ島,カマガシマ,KAMAGASHIMA ,,37.38372,138.814711
釜沢町,カマザワマチ,KAMAZAWAMACHI,,37.396047,138.861026
上岩井,カミイワイ,KAMIIWAI,,37.489058,138.775283
上樫出,カミカシイデ,KAMIKASHIIDE,,37.486936,139.028136
上桐,カミギリ,KAMIGIRI,,37.590277,138.786586
上塩,カミシオ,KAMISHIO,,37.510298,139.054628
上新田,,,,37.330296,138.713623
上富岡一丁目,カミトミオカ 1,KAMITOMIOKA 1,,37.424443,138.786535
上富岡二丁目,カミトミオカ 2,KAMITOMIOKA 2,,37.42413,138.782643
上富岡町,カミトミオカマチ,KAMITOMIOKAMACHI,,37.424921,138.776317
上除町,カミノゾキマチ,KAMINOZOKIMACHI,,37.450992,138.786272
上除町西一丁目,カミノゾキマチニシ 1,KAMINOZOKIMACHINISHI 1,,37.448032,138.778429
上除町西二丁目,カミノゾキマチニシ 2,KAMINOZOKIMACHINISHI 2,,37.451645,138.77921
上野町,カミノマチ,KAMINOMACHI,,37.487897,138.838489
上前島町,カミマエジママチ,KAMIMAEJIMAMACHI,,37.400561,138.824988
神谷,カミヤ,KAMIYA,,37.403318,138.79759
上柳町,カミヤナギマチ,KAMIYANAGIMACHI,,37.497031,138.83672
亀貝町,カメガイマチ,KAMEGAIMACHI,,37.473328,138.884935
亀崎町,カメザキマチ,KAMEZAKIMACHI,,37.483636,138.929987
鴉ケ島,カラスガシマ,KARASUGASHIMA,,37.513269,138.990261
軽井沢,カルイザワ,KARUIZAWA,,37.43331,138.936388
川口相川,カワグチアイカワ,KAWAGUCHI AIKAWA,,37.293894,138.851094
川口荒谷,カワグチアラヤ,KAWAGUCHI ARAYA,,37.304077,138.858948
川口牛ヶ島,,,,37.280383,138.843919
川口木沢,カワグチキザワ,KAWAGUCHI KIZAWA,,37.290213,138.884994
川口田麦山,カワグチタムギヤマ,KAWAGUCHI TAMUGIYAMA,,37.214006,138.855526
川口峠,カワグチトウゲ,KAWAGUCHI TOGE,,37.297608,138.879713
川口中山,カワグチナカヤマ,KAWAGUCHI NAKAYAMA,,37.268263,138.873823
川口武道窪,カワグチブドウクボ,KAWAGUCHI BUDOKUBO,,37.289346,138.863124
川口和南津,カワグチワナヅ,KAWAGUCHI WANAZU,,37.255799,138.88375
川崎一丁目,カワサキ 1,KAWASAKI 1,,37.44921,138.864818
川崎二丁目,カワサキ 2,KAWASAKI 2,,37.450521,138.867768
川崎三丁目,カワサキ 3,KAWASAKI 3,,37.452035,138.871168
川崎四丁目,カワサキ 4,KAWASAKI 4,,37.452908,138.865118
川崎六丁目,カワサキ 6,KAWASAKI 6,,37.454771,138.872674
河根川町,カワネガワマチ,KAWANEGAWAMACHI,,37.476586,138.794294
川袋町,カワブクロマチ,KAWABUKUROMACHI,,37.515771,138.837357
川辺町,カワベマチ,KAWABEMACHI,,37.521584,138.857404
寒沢,カンザワ,KANZAWA,,37.412836,138.998405
雁島町,ガンジママチ,GANJIMAMACHI,,37.502223,138.824768
神田町一丁目,カンダマチ 1,KANDAMACHI 1,,37.45437,138.852807
神田町二丁目,カンダマチ 2,KANDAMACHI 2,,37.455999,138.853937
神田町三丁目,カンダマチ 3,KANDAMACHI 3,,37.457974,138.854839
関東町,カントウマチ,KANTOMACHI,,37.452318,138.852313
気比宮,キイノミヤ,KIINOMIYA,,37.506629,138.778045
北園町,キタゾノマチ,KITAZONOMACHI,,37.477725,138.859006
北荷頃,キタニゴロ,KITANIGORO,,37.452341,138.979673
北山一丁目,キタヤマ 1,KITAYAMA 1,,37.437963,138.817832
北山二丁目,キタヤマ 2,KITAYAMA 2,,37.43873,138.815039
北山三丁目,キタヤマ 3,KITAYAMA 3,,37.440395,138.816067
北山四丁目,キタヤマ 4,KITAYAMA 4,,37.439778,138.818889
北山町,,,,37.438145,138.820094
狐興野,キツネゴウヤ,KITSUNEGOYA,,37.55633,138.837136
希望が丘一丁目,キボウガオカ 1,KIBOGAOKA 1,,37.442778,138.812187
希望が丘四丁目,キボウガオカ 4,KIBOGAOKA 4,,37.448334,138.812837
希望が丘南五丁目,キボウガオカミナミ 5,KIBOGAOKAMINAMI 5,,37.439508,138.809762
希望が丘南六丁目,キボウガオカミナミ 6,KIBOGAOKAMINAMI 6,,37.441781,138.810135
木山沢,キヤマザワ,KIYAMAZAWA,,37.416231,138.98343
九川,クカワ,KUKAWA,,37.511938,139.095106
草生津一丁目,クソウヅ 1,KUSOZU 1,,37.441178,138.838725
草生津二丁目,クソウヅ 2,KUSOZU 2,,37.442752,138.838935
草生津三丁目,クソウヅ 3,KUSOZU 3,,37.443921,138.839788
草生津町,,,,37.452743,138.832868
熊袋,クマノフクロ,KUMANOFUKURO,,37.499574,139.037963
雲出町,クモイデマチ,KUMOIDEMACHI,,37.463744,138.763555
栗山沢,クリヤマザワ,KURIYAMAZAWA,,37.396415,139.015324
黒坂,クロサカ,KUROSAKA,,37.582939,138.794115
黒津町,クロヅマチ,KUROZUMACHI,,37.507252,138.840736
稽古町,ケイコチョウ,KEIKOCHO,,37.456241,138.856733
今朝白一丁目,ケサジロ 1,KESAJIRO 1,,37.446405,138.859479
今朝白二丁目,ケサジロ 2,KESAJIRO 2,,37.448845,138.860005
今朝白三丁目,ケサジロ 3,KESAJIRO 3,,37.4507,138.860426
下条町,ゲジョウマチ,GEJOMACHI,,37.404266,138.835631
江陽一丁目,コウヨウ 1,KOYO 1,,37.475878,138.836822
江陽二丁目,コウヨウ 2,KOYO 2,,37.478144,138.835999
越路中沢,コシジナカザワ,KOSHIJI NAKAZAWA,,37.415223,138.797128
越路中島,コシジナカジマ,KOSHIJI NAKAJIMA,,37.408809,138.811379
古正寺一丁目,コショウジ 1,KOSHOJI 1,,37.454715,138.819592
古正寺二丁目,コショウジ 2,KOSHOJI 2,,37.457237,138.820487
古正寺三丁目,コショウジ 3,KOSHOJI 3,,37.458981,138.821071
古正寺町,コショウジマチ,KOSHOJIMACHI,,37.455899,138.814531
小曽根町,コゾネマチ,KOZONEMACHI,,37.462963,138.88247
五反田町,ゴタンダマチ,GOTANDAMACHI,,37.460022,138.773424
小貫,コツナギ,KOTSUNAGI,,37.490042,138.970738
寿一丁目,コトブキ 1,KOTOBUKI 1,,37.47475,138.853399
寿二丁目,コトブキ 2,KOTOBUKI 2,,37.477173,138.853973
寿三丁目,コトブキ 3,KOTOBUKI 3,,37.483987,138.854786
呉服町一丁目,ゴフクマチ 1,GOFUKUMACHI 1,,37.452573,138.850771
呉服町二丁目,ゴフクマチ 2,GOFUKUMACHI 2,,37.454253,138.851466
小向,コムカイ,KOMUKAI,,37.435431,139.027445
西所,,,,37.5774,138.865796
才津西町,サイヅニシマチ,SAIZU NISHIMACHI,,37.434234,138.797556
才津東町,サイヅヒガシマチ,SAIZU HIGASHIMACHI,,37.437949,138.803734
才津南町,サイヅミナミマチ,SAIZU MINAMIMACHI,,37.43044,138.792951
幸町一丁目,サイワイチョウ 1,SAIWAICHO 1,,37.437672,138.841656
幸町二丁目,サイワイチョウ 2,SAIWAICHO 2,,37.437272,138.839646
幸町三丁目,サイワイチョウ 3,SAIWAICHO 3,,37.437358,138.838056
蔵王一丁目,ザオウ 1,ZAO 1,,37.465967,138.852845
蔵王二丁目,ザオウ 2,ZAO 2,,37.467933,138.853037
蔵王三丁目,ザオウ 3,ZAO 3,,37.47099,138.852537
蔵王町,,,,37.470487,138.846573
堺東町,サカイヒガシマチ,SAKAIHIGASHIMACHI,,37.456934,138.812101
堺町,サカイマチ,SAKAIMACHI,,37.462012,138.810936
栄町一丁目,サカエチョウ 1,SAKAECHO 1,,37.484335,138.990959
栄町二丁目,サカエチョウ 2,SAKAECHO 2,,37.484332,138.992632
栄町三丁目,サカエチョウ 3,SAKAECHO 3,,37.484546,138.995312
逆谷,サカシダニ,SAKASHIDANI,,37.526697,138.771354
坂之上町一丁目,サカノウエマチ 1,SAKANOEMACHI 1,,37.446992,138.848461
坂之上町二丁目,サカノウエマチ 2,SAKANOEMACHI 2,,37.449247,138.849653
坂之上町三丁目,サカノウエマチ 3,SAKANOEMACHI 3,,37.4509,138.850086
鷺巣町,サギノスマチ,SAGINOSUMACHI,,37.400323,138.855592
左近一丁目,サコン 1,SAKON 1,,37.428341,138.834828
左近二丁目,サコン 2,SAKON 2,,37.430526,138.8371
左近三丁目,サコン 3,SAKON 3,,37.4311,138.838535
左近町,サコンマチ,SAKOMMACHI,,37.436625,138.831063
笹崎一丁目,ササザキ 1,SASAZAKI 1,,37.425981,138.847061
笹崎二丁目,ササザキ 2,SASAZAKI 2,,37.428388,138.848512
笹崎三丁目,ササザキ 3,SASAZAKI 3,,37.430677,138.850257
篠花,ササバナ,SASABANA,,37.417157,138.815888
沢下条,サワゲジョウ,SAWAGEJO,,37.402114,138.742379
沢田一丁目,サワダ 1,SAWADA 1,,37.425825,138.844434
沢田二丁目,サワダ 2,SAWADA 2,,37.428002,138.845928
沢田三丁目,サワダ 3,SAWADA 3,,37.431559,138.848205
三瀬ケ谷,サンゼガヤ,SANZEGAYA,,37.577217,138.793525
三之宮町,サンノミヤマチ,SANNOMIYAMACHI,,37.491419,138.818747
三俵野町,サンビョウノマチ,SAMBYONOMACHI,,37.357881,138.824479
三和一丁目,サンワ 1,SANWA 1,,37.432023,138.841776
三和二丁目,サンワ 2,SANWA 2,,37.434165,138.841466
三和三丁目,サンワ 3,SANWA 3,,37.43385,138.838825
三和町,サンワマチ,SANWAMACHI,,37.432552,138.839459
塩新町,シオアラマチ,SHIOARAMACHI,,37.505308,139.065909
塩中,シオナカ,SHIONAKA,,37.512642,139.081294
地蔵一丁目,ジゾウ 1,JIZO 1,,37.454636,138.863795
七軒町,シチケンマチ,SHICHIKEMMACHI,,37.500976,138.881813
信濃一丁目,シナノ 1,SHINANO 1,,37.447627,138.838079
信濃二丁目,シナノ 2,SHINANO 2,,37.45024,138.837518
寺宝町,ジホウマチ,JIHOMACHI,,37.471917,138.798054
島崎,シマザキ,SHIMAZAKI,,37.586129,138.765871
島田,シマダ,SHIMADA,,37.540841,138.841312
下樫出,シモカシイデ,SHIMOKASHIIDE,,37.495379,139.023511
下河根川,シモカワネガワ,SHIMOKAWANEGAWA,,37.500413,138.805338
下々条一丁目,シモゲジョウ 1,SHIMOGEJO 1,,37.480847,138.862567
下々条二丁目,シモゲジョウ 2,SHIMOGEJO 2,,37.484137,138.863061
下々条三丁目,シモゲジョウ 3,SHIMOGEJO 3,,37.487351,138.862724
下々条四丁目,シモゲジョウ 4,SHIMOGEJO 4,,37.490684,138.861702
下々条町,シモゲジョウマチ,SHIMOGEJOMACHI,,37.488343,138.86772
下塩,シモジオ,SHIMOJIO,,37.518651,139.029029
下新田,,,,37.333073,138.715414
下富岡,シモトミオカ,SHIMOTOMIOKA,,37.563191,138.778464
下柳一丁目,シモヤナギ 1,SHIMOYANAGI 1,,37.470398,138.834815
下柳二丁目,シモヤナギ 2,SHIMOYANAGI 2,,37.473114,138.834166
下柳三丁目,シモヤナギ 3,SHIMOYANAGI 3,,37.475723,138.833185
下山一丁目,シモヤマ 1,SHIMOYAMA 1,,37.433032,138.812888
下山二丁目,シモヤマ 2,SHIMOYAMA 2,,37.434751,138.811694
下山三丁目,シモヤマ 3,SHIMOYAMA 3,,37.436906,138.812696
下山四丁目,シモヤマ 4,SHIMOYAMA 4,,37.436649,138.814496
下山五丁目,シモヤマ 5,SHIMOYAMA 5,,37.43631,138.816676
下山六丁目,シモヤマ 6,SHIMOYAMA 6,,37.434511,138.814973
下山町,,,,37.433019,138.81819
十二潟町,ジュウニガタマチ,JUNIGATAMACHI,,37.51121,138.866062
城岡一丁目,ジョウオカ 1,JOOKA 1,,37.467303,138.860084
城岡二丁目,ジョウオカ 2,JOOKA 2,,37.47095,138.86165
城岡三丁目,ジョウオカ 3,JOOKA 3,,37.475905,138.86335
成願寺町,ジョウガンジマチ,JOGANJIMACHI,,37.429551,138.920254
上条町,ジョウジョウマチ,JOJOMACHI,,37.425667,138.852495
城内町一丁目,ジョウナイチョウ 1,JONAICHO 1,,37.445872,138.85174
城内町二丁目,ジョウナイチョウ 2,JONAICHO 2,,37.447958,138.852949
城内町三丁目,ジョウナイチョウ 3,JONAICHO 3,,37.450153,138.853697
定明町,ジョウミョウマチ,JOMYOMACHI,,37.41233,138.837539
昭和一丁目,ショウワ 1,SHOWA 1,,37.457442,138.848335
昭和二丁目,ショウワ 2,SHOWA 2,,37.459834,138.848526
四郎丸一丁目,シロウマル 1,SHIROMARU 1,,37.439328,138.856896
四郎丸二丁目,シロウマル 2,SHIROMARU 2,,37.441,138.855913
四郎丸三丁目,シロウマル 3,SHIROMARU 3,,37.44182,138.856755
四郎丸四丁目,シロウマル 4,SHIROMARU 4,,37.443681,138.856743
四郎丸町,シロウマルマチ,SHIROMARUMACHI,,37.445931,138.862864
白鳥町,シロトリマチ,SHIROTORIMACHI,,37.452719,138.76393
新開町,シンカイマチ,SHINKAIMACHI,,37.49955,138.837916
新組町,シングミマチ,SHINGUMIMACHI,,37.499339,138.874063
新組南町,シングミミナミマチ,SHINGUMIMINAMIMACHI,,37.49357,138.879831
新栄町一丁目,シンサカエチョウ 1,SHINSAKAECHO 1,,37.48921,138.996092
新栄町二丁目,シンサカエチョウ 2,SHINSAKAECHO 2,,37.489094,138.997698
新栄町三丁目,シンサカエチョウ 3,SHINSAKAECHO 3,,37.487883,138.998668
新産一丁目,シンサン 1,SHINSAN 1,,37.439633,138.796642
新産二丁目,シンサン 2,SHINSAN 2,,37.43791,138.791732
新産三丁目,シンサン 3,SHINSAN 3,,37.434443,138.791474
新産四丁目,シンサン 4,SHINSAN 4,,37.435414,138.788021
新産東町,シンサンヒガシマチ,SHINSANHIGASHIMACHI,,37.438868,138.800288
信条南,シンジョウミナミ,SHINJOMINAMI,,37.587209,138.849148
新陽一丁目,シンヨウ 1,SHINYO 1,,37.433578,138.75416
新陽二丁目,シンヨウ 2,SHINYO 2,,37.428761,138.755465
水道町一丁目,スイドウチョウ 1,SUIDOCHO 1,,37.45564,138.841763
水道町二丁目,スイドウチョウ 2,SUIDOCHO 2,,37.455565,138.843709
水道町三丁目,スイドウチョウ 3,SUIDOCHO 3,,37.456637,138.845499
水道町四丁目,スイドウチョウ 4,SUIDOCHO 4,,37.458176,138.845338
水道町五丁目,スイドウチョウ 5,SUIDOCHO 5,,37.460387,138.846046
末広一丁目,スエヒロ 1,SUEHIRO 1,,37.431158,138.854524
末広二丁目,スエヒロ 2,SUEHIRO 2,,37.431852,138.855293
末広三丁目,スエヒロ 3,SUEHIRO 3,,37.433167,138.856442
菅畑,スガバタケ,SUGABATAKE,,37.456123,139.026569
杉之森,スギノモリ,SUGINOMORI,,37.542312,138.871241
住吉一丁目,スミヨシ 1,SUMIYOSHI 1,,37.433101,138.852009
住吉二丁目,スミヨシ 2,SUMIYOSHI 2,,37.434941,138.851572
住吉三丁目,スミヨシ 3,SUMIYOSHI 3,,37.436299,138.853534
李崎町,スモンザキマチ,SUMONZAKIMACHI,,37.530997,138.83233
栖吉町,スヨシマチ,SUYOSHIMACHI,,37.404815,138.913522
西陵町,セイリョウマチ,SEIRYOMACHI,,37.465607,138.751889
関根,セキネ,SEKINE,,37.536855,138.848732
関原西町,セキハラニシマチ,SEKIHARANISHIMACHI,,37.458875,138.777135
関原東町,セキハラヒガシマチ,SEKIHARAHIGASHIMACHI,,37.455928,138.780668
関原町一丁目,セキハラマチ 1,SEKIHARAMACHI 1,,37.442743,138.768618
関原町二丁目,セキハラマチ 2,SEKIHARAMACHI 2,,37.454236,138.77334
関原町三丁目,セキハラマチ 3,SEKIHARAMACHI 3,,37.455819,138.768267
関原町五丁目,セキハラマチ 5,SEKIHARAMACHI 5,,37.450617,138.7692
関原南一丁目,セキハラミナミ 1,SEKIHARAMINAMI 1,,37.450042,138.775432
関原南二丁目,セキハラミナミ 2,SEKIHARAMINAMI 2,,37.447908,138.774513
関原南三丁目,セキハラミナミ 3,SEKIHARAMINAMI 3,,37.449646,138.7716
関原南四丁目,セキハラミナミ 4,SEKIHARAMINAMI 4,,37.445789,138.774488
関原南五丁目,セキハラミナミ 5,SEKIHARAMINAMI 5,,37.447542,138.771168
摂田屋一丁目,セッタヤ 1,SETTAYA 1,,37.412385,138.84579
摂田屋二丁目,セッタヤ 2,SETTAYA 2,,37.412688,138.843856
摂田屋三丁目,セッタヤ 3,SETTAYA 3,,37.414945,138.842439
摂田屋四丁目,セッタヤ 4,SETTAYA 4,,37.415285,138.840794
摂田屋五丁目,セッタヤ 5,SETTAYA 5,,37.417011,138.837953
摂田屋町,セッタヤマチ,SETTAYAMACHI,,37.41505,138.833047
芹川町,セリカワマチ,SERIKAWAMACHI,,37.495352,138.823173
千歳一丁目,センザイ 1,SENZAI 1,,37.43752,138.84935
千歳二丁目,センザイ 2,SENZAI 2,,37.437194,138.846426
千歳三丁目,センザイ 3,SENZAI 3,,37.438802,138.847056
千手一丁目,センジュ 1,SENJU 1,,37.439691,138.844327
千手二丁目,センジュ 2,SENJU 2,,37.44181,138.844164
千手三丁目,センジュ 3,SENJU 3,,37.444481,138.844316
千秋一丁目,センシュウ 1,SENSHU 1,,37.45399,138.825613
千秋二丁目,センシュウ 2,SENSHU 2,,37.459035,138.827639
千秋三丁目,センシュウ 3,SENSHU 3,,37.463721,138.829697
千秋四丁目,センシュウ 4,SENSHU 4,,37.466839,138.832637
大黒町,ダイコクマチ,DAIKOKUMACHI,,37.495965,138.886135
大保,ダイボ,DAIBO,,37.530074,138.861154
台町一丁目,ダイマチ 1,DAIMACHI 1,,37.444855,138.854537
台町二丁目,ダイマチ 2,DAIMACHI 2,,37.446824,138.855321
平,タイラ,TAIRA,,37.46826,139.020781
平一丁目,タイラ 1,TAIRA 1,,37.472733,139.003775
平二丁目,タイラ 2,TAIRA 2,,37.470502,139.005884
平三丁目,タイラ 3,TAIRA 3,,37.466714,139.00564
平四丁目,タイラ 4,TAIRA 4,,37.468056,139.008876
平五丁目,タイラ 5,TAIRA 5,,37.464953,139.007797
高島町,タカシママチ,TAKASHIMAMACHI,,37.384304,138.825867
高瀬町,タカセマチ,TAKASEMACHI,,37.462749,138.79985
高寺町,タカテラマチ,TAKATERAMACHI,,37.434616,138.772616
高頭町,タカトウマチ,TAKATOMACHI,,37.432095,138.759899
高野町,タカノマチ,TAKANOMACHI,,37.491869,138.809417
高畑町,タカバタケマチ,TAKABATAKEMACHI,,37.421973,138.86327
高町一丁目,タカマチ 1,TAKAMACHI 1,,37.420309,138.86683
高町二丁目,タカマチ 2,TAKAMACHI 2,,37.418124,138.865844
高町三丁目,タカマチ 3,TAKAMACHI 3,,37.415426,138.864096
高町四丁目,タカマチ 4,TAKAMACHI 4,,37.413145,138.864169
高見一丁目,タカミ 1,TAKAMI 1,,37.498959,138.866204
高見二丁目,タカミ 2,TAKAMI 2,,37.499243,138.863461
高見町,タカミマチ,TAKAMIMACHI,,37.504342,138.861287
宝一丁目,タカラ 1,TAKARA 1,,37.480987,138.85699
宝二丁目,タカラ 2,TAKARA 2,,37.482675,138.857826
宝三丁目,タカラ 3,TAKARA 3,,37.484706,138.858307
宝四丁目,タカラ 4,TAKARA 4,,37.487406,138.859761
宝五丁目,タカラ 5,TAKARA 5,,37.489999,138.858672
滝之口,タキノクチ,TAKINOKUCHI,,37.493824,139.052043
滝の下町,タキノシタマチ,TAKINOSHITAMACHI,,37.472504,138.997671
滝谷町,タキヤマチ,TAKIYAMACHI,,37.368487,138.835859
竹之高地町,タケノコウチマチ,TAKENOKOCHIMACHI,,37.379943,138.899632
竹町,タケマチ,TAKEMACHI,,37.398146,138.850247
田之口,タノクチ,TANOKUCHI,,37.435592,138.98003
千谷沢,チヤザワ,CHIYAZAWA,,37.340772,138.704262
中永,チュウエイ,CHUEI,,37.509617,138.751565
中央公園,チュウオウコウエン,CHUOKOEN,,37.47839,138.993327
中条北,,,,37.581107,138.845389
千代栄町,チヨエマチ,CHIYOEMACHI,,37.446169,138.884142
塚野山,ツカノヤマ,TSUKANOYAMA,,37.348948,138.726015
土ケ谷,ツチガヤ,TSUCHIGAYA,,37.469453,138.963048
堤町,ツツミチョウ,TSUTSUMICHO,,37.478112,138.839013
坪根,ツボネ,TSUBONE,,37.50994,138.87111
鶴ケ曽根,ツルガソネ,TSURUGASONE,,37.550474,138.867371
鉄工町一丁目,テッコウチョウ 1,TEKKOCHO 1,,37.470703,138.828488
鉄工町二丁目,テッコウチョウ 2,TEKKOCHO 2,,37.472972,138.827553
寺島町,テラジママチ,TERAJIMAMACHI,,37.459534,138.837082
寺泊吉,テラドマリヨシ,TERADOMARI YOSHI,,37.63479,138.783973
寺泊赤坂,,,,37.641608,138.776584
寺泊小豆曽根,テラドマリアズキソネ,TERADOMARI AZUKISONE,,37.626982,138.818696
寺泊雨池,,,,37.655734,138.779273
寺泊荒町,,,,37.64737,138.769984
寺泊有信,テラドマリアリノブ,TERADOMARI ARINOBU,,37.596629,138.796243
寺泊磯町,,,,37.653391,138.773546
寺泊一枚田,,,,37.650555,138.773998
寺泊一里塚,,,,37.645385,138.773711
寺泊入軽井,テラドマリイリカルイ,TERADOMARI IRIKARUI,,37.595141,138.811236
寺泊岩方,テラドマリイワカタ,TERADOMARI IWAKATA,,37.582236,138.822917
寺泊上田町,,,,37.647017,138.766566
寺泊烏帽子平,,,,37.635479,138.774665
寺泊円上寺,テラドマリエンジョウジ,TERADOMARI ENJOJI,,37.64633,138.786745
寺泊円上寺山,,,,37.641222,138.787992
寺泊大地,テラドマリオオジ,TERADOMARI OJI,,37.637857,138.789929
寺泊大町,,,,37.644131,138.767467
寺泊大和田,テラドマリオオワダ,TERADOMARI OWADA,,37.619611,138.761342
寺泊小川町,,,,37.637666,138.762788
寺泊片町,,,,37.642184,138.765875
寺泊金山,,,,37.627527,138.759794
寺泊蟹沢,,,,37.650699,138.780485
寺泊上荒町,,,,37.63905,138.763447
寺泊上片町,,,,37.640763,138.765543
寺泊川崎,テラドマリカワサキ,TERADOMARI KAWASAKI,,37.624641,138.804091
寺泊木島,テラドマリキジマ,TERADOMARI KIJIMA,,37.60739,138.789928
寺泊北曽根,テラドマリキタゾネ,TERADOMARI KITAZONE,,37.621858,138.823881
寺泊京ケ入,テラドマリキョウガイリ,TERADOMARI KYOGAIRI,,37.639438,138.797046
寺泊切替,,,,37.652839,138.78712
寺泊蔵場町,,,,37.64759,138.773562
寺泊香清水,,,,37.637557,138.765765
寺泊庚塚,,,,37.653556,138.777671
寺泊郷本,テラドマリゴウモト,TERADOMARI GOMOTO,,37.607502,138.751093
寺泊越ノ浦,,,,37.651432,138.776333
寺泊五分一,テラドマリゴブイチ,TERADOMARI GOBUICHI,,37.60031,138.790472
寺泊小屋場,,,,37.658794,138.781755
寺泊坂井町,,,,37.649977,138.771442
寺泊敷ノ川,,,,37.649607,138.77741
寺泊志戸橋,テラドマリシトバシ,TERADOMARI SHITOBASHI,,37.596623,138.747962
寺泊下荒町,,,,37.64863,138.770494
寺泊下桐,テラドマリシモギリ,TERADOMARI SHIMOGIRI,,37.609035,138.803886
寺泊下窪田,,,,37.64342,138.7977
寺泊下曽根,テラドマリシモゾネ,TERADOMARI SHIMOZONE,,37.626345,138.807385
寺泊下中条,テラドマリシモナカジョウ,TERADOMARI SHIMONAKAJO,,37.619477,138.832494
寺泊白岩,,,,37.657504,138.774935
寺泊新長,テラドマリシンチョウ,TERADOMARI SHINCHO,,37.628158,138.825194
寺泊千駄越,,,,37.653415,138.779232
寺泊高内,テラドマリタカウチ,TERADOMARI TAKAUCHI,,37.60182,138.823129
寺泊田頭,テラドマリタガシラ,TERADOMARI TAGASHIRA,,37.600709,138.767543
寺泊竹森,テラドマリタケモリ,TERADOMARI TAKEMORI,,37.620825,138.815208
寺泊田尻,テラドマリタジリ,TERADOMARI TAJIRI,,37.587958,138.818112
寺泊田ノ尻,,,,37.629045,138.762291
寺泊敦ケ曽根,テラドマリツルガソネ,TERADOMARI TSURUGASONE,,37.616144,138.82688
寺泊当新田,テラドマリトウシンデン,TERADOMARI TOSHINDEN,,37.632256,138.807442
寺泊戸崎,テラドマリトザキ,TERADOMARI TOZAKI,,37.624241,138.796117
寺泊年友,テラドマリトシトモ,TERADOMARI TOSHITOMO,,37.621417,138.775529
寺泊殿林,,,,37.642817,138.79707
寺泊中曽根,テラドマリナカゾネ,TERADOMARI NAKAZONE,,37.6344,138.817581
寺泊長峯,,,,37.624334,138.760541
寺泊名子山,,,,37.639259,138.781071
寺泊夏戸,テラドマリナツド,TERADOMARI NATSUDO,,37.609989,138.776869
寺泊七曲,,,,37.64465,138.780922
寺泊仁ケ村外新田,,,,37.587249,138.826241
寺泊二ノ関,,,,37.641121,138.769692
寺泊鼠山,,,,37.646197,138.776157
寺泊野積,テラドマリノヅミ,TERADOMARI NOZUMI,,37.686231,138.79283
寺泊硲田,テラドマリハザマダ,TERADOMARI HAZAMADA,,37.605295,138.796696
寺泊花立,,,,37.632337,138.762756
寺泊万善寺,テラドマリバンゼンジ,TERADOMARI BANZENJI,,37.610147,138.821143
寺泊引岡,テラドマリヒキオカ,TERADOMARI HIKIOKA,,37.626215,138.78506
寺泊平野新村新田,テラドマリヒラノシンムラシンデン,TERADOMARI HIRANOSHIMMURASHINDEN,,37.59559,138.823009
寺泊蛇塚,テラドマリヘビツカ,TERADOMARI HEBITSUKA,,37.639837,138.815444
寺泊弁才天,テラドマリベンザイテン,TERADOMARI BENZAITEN,,37.635778,138.798009
寺泊町軽井,テラドマリマチカルイ,TERADOMARI MACHIKARUI,,37.598452,138.826882
寺泊松沢町,,,,37.635843,138.762555
寺泊松田,テラドマリマツダ,TERADOMARI MATSUDA,,37.594314,138.765022
寺泊湊町,,,,37.662359,138.774213
寺泊箕輪,,,,37.633986,138.792852
寺泊明ケ谷,テラドマリミョウガダニ,TERADOMARI MYOGADANI,,37.592756,138.759898
寺泊本弁,テラドマリモトベン,TERADOMARI MOTOBEN,,37.630481,138.799701
寺泊求草,テラドマリモトメグサ,TERADOMARI MOTOMEGUSA,,37.60823,138.812416
寺泊本山,テラドマリモトヤマ,TERADOMARI MOTOYAMA,,37.633173,138.799593
寺泊矢田,テラドマリヤダ,TERADOMARI YADA,,37.579263,138.803099
寺泊藪田,,,,37.658683,138.78595
寺泊山田,テラドマリヤマダ,TERADOMARI YAMADA,,37.589254,138.740443
寺泊横掛,,,,37.634158,138.767032
寺泊鰐口,テラドマリワニクチ,TERADOMARI WANIKUCHI,,37.618706,138.805709
天神町,テンジンマチ,TENJIMMACHI,,37.509962,138.849846
土合一丁目,ドアイ 1,DOAI 1,,37.433166,138.854464
土合二丁目,ドアイ 2,DOAI 2,,37.43539,138.85573
土合三丁目,ドアイ 3,DOAI 3,,37.435459,138.85808
土合四丁目,ドアイ 4,DOAI 4,,37.436752,138.858408
土合五丁目,ドアイ 5,DOAI 5,,37.437757,138.857407
土合町,ドアイマチ,DOAIMACHI,,37.43167,138.867658
十日町,トオカマチ,TOKAMACHI,,37.384646,138.838259
栃尾旭町,トチオアサヒチョウ,TOCHIO ASAHICHO,,37.470911,139.002639
栃尾新町,トチオアラマチ,TOCHIO ARAMACHI,,37.47957,138.990766
栃尾泉,トチオイズミ,TOCHIO IZUMI,,37.447274,139.002694
栃尾岩野外新田,トチオイワノソトシンデン,TOCHIO IWANOSOTOSHINDEN,,37.504114,138.9934
栃尾大野,トチオオオノ,TOCHIO ONO,,37.464504,138.986266
栃尾大野町一丁目,トチオオオノマチ 1,TOCHIO ONOMACHI 1,,37.469441,138.990875
栃尾大野町二丁目,トチオオオノマチ 2,TOCHIO ONOMACHI 2,,37.467292,138.987938
栃尾大野町三丁目,トチオオオノマチ 3,TOCHIO ONOMACHI 3,,37.469833,138.993866
栃尾大野町四丁目,トチオオオノマチ 4,TOCHIO ONOMACHI 4,,37.467227,138.993319
栃尾大町,トチオオオマチ,TOCHIO OMACHI,,37.476978,138.991361
栃尾表町,トチオオモテマチ,TOCHIO OMOTEMACHI,,37.474181,138.99323
栃尾島田,トチオシマダ,TOCHIO SHIMADA,,37.485425,139.05689
栃尾原,トチオハラ,TOCHIO HARA,,37.482502,139.00743
栃尾原町一丁目,トチオハラマチ 1,TOCHIO HARAMACHI 1,,37.481591,139.000582
栃尾原町二丁目,トチオハラマチ 2,TOCHIO HARAMACHI 2,,37.480714,139.001477
栃尾原町三丁目,トチオハラマチ 3,TOCHIO HARAMACHI 3,,37.480623,139.004421
栃尾原町四丁目,トチオハラマチ 4,TOCHIO HARAMACHI 4,,37.483171,138.998792
栃尾原町五丁目,トチオハラマチ 5,TOCHIO HARAMACHI 5,,37.485759,139.000095
栃尾本町,トチオホンチョウ,TOCHIO HONCHO,,37.476988,138.994166
栃尾町,トチオマチ,TOCHIOMACHI,,37.475783,138.984248
栃尾宮沢,トチオミヤザワ,TOCHIO MIYAZAWA,,37.457209,139.00034
栃尾山田,トチオヤマダ,TOCHIO YAMADA,,37.480593,138.977902
栃尾山田町,トチオヤマダチョウ,TOCHIO YAMADACHO,,37.482009,138.988979
栃堀,トチボリ,TOCHIBORI,,37.436758,139.07254
殿町一丁目,トノマチ 1,TONOMACHI 1,,37.444639,138.851899
殿町二丁目,トノマチ 2,TONOMACHI 2,,37.44526,138.84958
殿町三丁目,トノマチ 3,TONOMACHI 3,,37.446051,138.848107
富島町,トミジママチ,TOMIJIMAMACHI,,37.472245,138.889346
豊田町,トヨダマチ,TOYODAMACHI,,37.429662,138.855492
豊詰町,トヨヅメマチ,TOYOZUMEMACHI,,37.40494,138.844662
鳥越,トリゴエ,TORIGOE,,37.474974,138.74768
中,チュウエイ,CHUEI,,37.416101,138.96898
中潟町,ナカガタマチ,NAKAGATAMACHI,,37.352493,138.831096
長倉一丁目,ナガクラ 1,NAGAKURA 1,,37.435571,138.87343
長倉二丁目,ナガクラ 2,NAGAKURA 2,,37.434003,138.870504
長倉三丁目,ナガクラ 3,NAGAKURA 3,,37.435306,138.869871
長倉四丁目,ナガクラ 4,NAGAKURA 4,,37.437499,138.868618
長倉西町,ナガクラニシマチ,NAGAKURANISHIMACHI,,37.434925,138.866418
長倉町,ナガクラマチ,NAGAKURAMACHI,,37.432077,138.874183
長倉南町,ナガクラミナミマチ,NAGAKURAMINAMIMACHI,,37.432851,138.868344
中興野,ナカゴウヤ,NAKAGOYA,,37.521576,138.879246
仲子町,ナカゴチョウ,NAKAGOCHO,,37.474372,138.998837
中西,ナカサイ,NAKASAI,,37.581121,138.872938
中沢一丁目,ナカザワ 1,NAKAZAWA 1,,37.438535,138.878698
中沢二丁目,ナカザワ 2,NAKAZAWA 2,,37.442018,138.877923
中沢三丁目,ナカザワ 3,NAKAZAWA 3,,37.442324,138.874551
中沢四丁目,ナカザワ 4,NAKAZAWA 4,,37.442051,138.871722
中沢町,ナカザワマチ,NAKAZAWAMACHI,,37.446358,138.875964
中島一丁目,ナカジマ 1,NAKAJIMA 1,,37.452872,138.838999
中島二丁目,ナカジマ 2,NAKAJIMA 2,,37.452619,138.841174
中島三丁目,ナカジマ 3,NAKAJIMA 3,,37.452669,138.843223
中島四丁目,ナカジマ 4,NAKAJIMA 4,,37.453291,138.84596
中島五丁目,ナカジマ 5,NAKAJIMA 5,,37.454396,138.848546
中島六丁目,ナカジマ 6,NAKAJIMA 6,,37.455799,138.850022
中島七丁目,ナカジマ 7,NAKAJIMA 7,,37.459031,138.850395
中瀬一丁目,ナカセ 1,NAKASE 1,,37.487156,138.857169
中瀬二丁目,ナカセ 2,NAKASE 2,,37.48894,138.856617
永田一丁目,ナガタ 1,NAGATA 1,,37.462554,138.871243
永田二丁目,ナガタ 2,NAGATA 2,,37.464849,138.871149
永田三丁目,ナガタ 3,NAGATA 3,,37.466228,138.872206
永田四丁目,ナガタ 4,NAGATA 4,,37.464696,138.874079
永田町,ナガタマチ,NAGATAMACHI,,37.468535,138.875995
長町一丁目,ナガチョウ 1,NAGACHO 1,,37.453382,138.854159
長町二丁目,ナガチョウ 2,NAGACHO 2,,37.456979,138.855592
中貫町一丁目,ナカヌキマチ 1,NAKANUKIMACHI 1,,37.436663,138.88426
中貫町二丁目,ナカヌキマチ 2,NAKANUKIMACHI 2,,37.438074,138.882613
中貫町三丁目,ナカヌキマチ 3,NAKANUKIMACHI 3,,37.439322,138.881301
中之島,ナカノシマ,NAKANOSHIMA,,37.537218,138.87451
中之島高畑,ナカノシマタカバタケ,NAKANOSHIMA TAKABATAKE,,37.539091,138.862667
中之島中条,ナカノシマチュウジョウ,NAKANOSHIMA CHUJO,,37.572444,138.839099
中之島宮内,ナカノシマミヤウチ,NAKANOSHIMA MIYAUCHI,,37.549152,138.836905
中野中,ナカノナカ,NAKANONAKA,,37.556956,138.853398
中野西,ナカノニシ,NAKANONISHI,,37.556765,138.848131
中野東,ナカノヒガシ,NAKANOHIGASHI,,37.552003,138.855872
長峰町,ナガミネマチ,NAGAMINEMACHI,,37.435652,138.783725
長呂,ナガロ,NAGARO,,37.540613,138.837898
七日市,ナノカイチ,NANOKAICHI,,37.481595,138.778841
並木新田,ナミキシンデン,NAMIKISHINDEN,,37.548401,138.83096
成沢町,ナリサワマチ,NARISAWAMACHI,,37.51726,138.822954
南陽一丁目,ナンヨウ 1,NANYO 1,,37.412938,138.825622
南陽二丁目,ナンヨウ 2,NANYO 2,,37.417896,138.82772
新保一丁目,ニイボ 1,NIIBO 1,,37.463102,138.868058
新保三丁目,ニイボ 3,NIIBO 3,,37.466269,138.864485
新保四丁目,ニイボ 4,NIIBO 4,,37.46572,138.868561
新保五丁目,ニイボ 5,NIIBO 5,,37.467753,138.865418
新保六丁目,ニイボ 6,NIIBO 6,,37.468151,138.868913
新保町,ニイボマチ,NIIBOMACHI,,37.47271,138.868157
濁沢町,ニゴリサワマチ,NIGORISAWAMACHI,,37.364216,138.875452
西新町一丁目,ニシアラマチ 1,NISHIARAMACHI 1,,37.462099,138.855178
西新町二丁目,ニシアラマチ 2,NISHIARAMACHI 2,,37.465155,138.856034
西片貝町,ニシカタカイマチ,NISHIKATAKAIMACHI,,37.428347,138.905778
西川口,ニシカワグチ,NISHIKAWAGUCHI,,37.26334,138.852872
西神田町,ニシカンダマチ,NISHIKANDAMACHI,,37.460232,138.853498
西神田町一丁目,ニシカンダマチ 1,NISHIKANDAMACHI 1,,37.456756,138.852921
西神田町二丁目,ニシカンダマチ 2,NISHIKANDAMACHI 2,,37.459156,138.853317
錦一丁目,ニシキ 1,NISHIKI 1,,37.429654,138.857402
錦二丁目,ニシキ 2,NISHIKI 2,,37.430847,138.85746
錦三丁目,ニシキ 3,NISHIKI 3,,37.432356,138.857792
西蔵王一丁目,ニシザオウ 1,NISHIZAO 1,,37.463522,138.850402
西蔵王二丁目,ニシザオウ 2,NISHIZAO 2,,37.465066,138.850073
西蔵王三丁目,ニシザオウ 3,NISHIZAO 3,,37.467264,138.849808
西千手一丁目,ニシセンジュ 1,NISHISENJU 1,,37.440791,138.841044
西千手二丁目,ニシセンジュ 2,NISHISENJU 2,,37.44226,138.841601
西千手三丁目,ニシセンジュ 3,NISHISENJU 3,,37.44394,138.842344
西高山新田,ニシタカヤマシンデン,NISHITAKAYAMASHINDEN,,37.573719,138.873822
西谷,ニシダニ,NISHIDANI,,37.361735,138.720893
西津町,ニシヅマチ,NISHIZUMACHI,,37.430226,138.799754
西中野俣,ニシナカノマタ,NISHINAKANOMATA,,37.394432,138.978929
西野,ニシノ,NISHINO,,37.42076,138.804487
西野俣,ニシノマタ,NISHINOMATA,,37.426081,138.976425
西宮内一丁目,ニシミヤウチ 1,NISHIMIYAUCHI 1,,37.425763,138.834705
西宮内二丁目,ニシミヤウチ 2,NISHIMIYAUCHI 2,,37.428664,138.837793
日赤町一丁目,ニッセキチョウ 1,NISSEKICHO 1,,37.450042,138.842175
日赤町二丁目,ニッセキチョウ 2,NISSEKICHO 2,,37.449498,138.840107
日赤町三丁目,ニッセキチョウ 3,NISSEKICHO 3,,37.449337,138.838708
楡原,ニレバラ,NIREBARA,,37.495053,138.992436
猫興野,ネコゴウヤ,NEKOGOYA,,37.551413,138.875218
根小屋,ネゴヤ,NEGOYA,,37.569424,138.79524
野口,ノグチ,NOGUCHI,,37.561089,138.872975
灰島新田,ハイジマシンデン,HAIJIMASHINDEN,,37.528662,138.871884
蓮潟一丁目,ハスガタ 1,HASUGATA 1,,37.464285,138.821931
蓮潟二丁目,ハスガタ 2,HASUGATA 2,,37.467762,138.8225
蓮潟三丁目,ハスガタ 3,HASUGATA 3,,37.470261,138.825935
蓮潟四丁目,ハスガタ 4,HASUGATA 4,,37.467672,138.826352
蓮潟五丁目,ハスガタ 5,HASUGATA 5,,37.46555,138.825492
蓮潟町,,,,37.475137,138.823339
鉢伏町,ハチブセマチ,HACHIBUSEMACHI,,37.427096,138.868275
花井町,ハナイマチ,HANAIMACHI,,37.507031,138.819808
花園一丁目,ハナゾノ 1,HANAZONO 1,,37.432587,138.860266
花園二丁目,ハナゾノ 2,HANAZONO 2,,37.434057,138.860421
花園三丁目,ハナゾノ 3,HANAZONO 3,,37.435138,138.861611
花園東一丁目,ハナゾノヒガシ 1,HANAZONOHIGASHI 1,,37.432916,138.864282
花園東二丁目,ハナゾノヒガシ 2,HANAZONOHIGASHI 2,,37.434419,138.864415
原町一丁目,ハラマチ 1,HARAMACHI 1,,37.481195,138.860136
原町二丁目,ハラマチ 2,HARAMACHI 2,,37.485074,138.860957
半蔵金,ハンゾウガネ,HANZOGANE,,37.386893,138.945476
東新町,ヒガシアラマチ,HIGASHIARAMACHI,,37.458333,138.857764
東新町一丁目,ヒガシアラマチ 1,HIGASHIARAMACHI 1,,37.459924,138.857654
東新町二丁目,ヒガシアラマチ 2,HIGASHIARAMACHI 2,,37.461536,138.858313
東新町三丁目,ヒガシアラマチ 3,HIGASHIARAMACHI 3,,37.463547,138.85915
東が丘,ヒガシガオカ,HIGASHIGAOKA,,37.472103,139.008008
東片貝町,ヒガシカタカイマチ,HIGASHIKATAKAIMACHI,,37.44019,138.894916
東川口,ヒガシカワグチ,HIGASHIKAWAGUCHI,,37.27686,138.850775
東神田一丁目,ヒガシカンダ 1,HIGASHIKANDA 1,,37.455142,138.861773
東神田二丁目,ヒガシカンダ 2,HIGASHIKANDA 2,,37.454607,138.860164
東神田三丁目,ヒガシカンダ 3,HIGASHIKANDA 3,,37.455694,138.858529
東蔵王一丁目,ヒガシザオウ 1,HIGASHIZAO 1,,37.46801,138.856462
東蔵王二丁目,ヒガシザオウ 2,HIGASHIZAO 2,,37.472103,138.857556
東蔵王三丁目,ヒガシザオウ 3,HIGASHIZAO 3,,37.475821,138.857336
東坂之上町一丁目,ヒガシサカノウエマチ 1,HIGASHISAKANOEMACHI 1,,37.446443,138.849773
東坂之上町二丁目,ヒガシサカノウエマチ 2,HIGASHISAKANOEMACHI 2,,37.448831,138.850875
東坂之上町三丁目,ヒガシサカノウエマチ 3,HIGASHISAKANOEMACHI 3,,37.450495,138.851842
東高見一丁目,ヒガシタカミ 1,HIGASHITAKAMI 1,,37.502233,138.865795
東高見二丁目,ヒガシタカミ 2,HIGASHITAKAMI 2,,37.507729,138.864197
東谷,ヒガシダニ,HIGASHIDANI,,37.348688,138.749156
東中野俣,ヒガシナカノマタ,HIGASHINAKANOMATA,,37.394013,138.99743
東宮内町,ヒガシミヤウチマチ,HIGASHIMIYAUCHIMACHI,,37.423378,138.845635
人面,ヒトヅラ,HITOZURA,,37.518633,139.013867
日野浦,ヒノウラ,HINORA,,37.545032,138.760183
百束町,ヒャクソクマチ,HYAKUSOKUMACHI,,37.497931,138.898231
平中野俣,ヒラナカノマタ,HIRANAKANOMATA,,37.501714,139.091749
比礼,ヒレイ,HIREI,,37.453246,138.946711
深沢町,フカサワマチ,FUKASAWAMACHI,,37.41271,138.775692
吹谷,フキダニ,FUKIDANI,,37.429641,138.992506
福井町,フクイマチ,FUKUIMACHI,,37.497977,138.89059
福住一丁目,フクズミ 1,FUKUZUMI 1,,37.449507,138.856264
福住二丁目,フクズミ 2,FUKUZUMI 2,,37.4514,138.856926
福住三丁目,フクズミ 3,FUKUZUMI 3,,37.453151,138.857518
福戸町,フクトマチ,FUKUTOMACHI,,37.482187,138.811631
福原,フクハラ,FUKUHARA,,37.559057,138.837747
福道町,フクミチマチ,FUKUMICHIMACHI,,37.476021,138.811687
袋町一丁目,フクロマチ 1,FUKUROMACHI 1,,37.451431,138.854919
袋町二丁目,フクロマチ 2,FUKUROMACHI 2,,37.452317,138.855177
袋町三丁目,フクロマチ 3,FUKUROMACHI 3,,37.453443,138.855683
藤川,フジカワ,FUJIKAWA,,37.510533,138.793595
藤沢一丁目,フジサワ 1,FUJISAWA 1,,37.474682,138.84014
藤沢二丁目,フジサワ 2,FUJISAWA 2,,37.476544,138.84155
藤沢町,,,,37.474368,138.844322
藤橋一丁目,フジハシ 1,FUJIHASHI 1,,37.430465,138.78566
藤橋二丁目,フジハシ 2,FUJIHASHI 2,,37.436314,138.785838
二ツ郷屋,フタツゴウヤ,FUTATSUGOYA,,37.503928,139.017181
二日町,フツカマチ,FUTSUKAMACHI,,37.511411,139.039962
不動沢,フドウサワ,FUDOSAWA,,37.365822,138.746547
船江町,フナエチョウ,FUNAECHO,,37.448507,138.844563
文納,ブンノウ,BUNNO,,37.517217,139.00187
平島一丁目,ヘイジマ 1,HEIJIMA 1,,37.419257,138.832416
平島二丁目,ヘイジマ 2,HEIJIMA 2,,37.422222,138.828257
平島三丁目,ヘイジマ 3,HEIJIMA 3,,37.422803,138.832038
平島町,ヘイジママチ,HEIJIMAMACHI,,37.418841,138.834145
宝地町,ホウジマチ,HOJIMACHI,,37.454163,138.79873
北陽一丁目,ホクヨウ 1,HOKUYO 1,,37.487987,138.87492
北陽二丁目,ホクヨウ 2,HOKUYO 2,,37.486036,138.872289
干場一丁目,ホシバ 1,HOSHIBA 1,,37.452349,138.862049
干場二丁目,ホシバ 2,HOSHIBA 2,,37.452942,138.859944
堀金一丁目,ホリガネ 1,HORIGANE 1,,37.458633,138.872575
堀金二丁目,ホリガネ 2,HORIGANE 2,,37.460284,138.873776
堀金三丁目,ホリガネ 3,HORIGANE 3,,37.462261,138.873912
堀金町,,,,37.460188,138.87774
本所,ホンジョ,HONJO,,37.465829,139.064341
本町一丁目,ホンチョウ 1,HONCHO 1,,37.448184,138.845895
本町二丁目,ホンチョウ 2,HONCHO 2,,37.450152,138.846754
本町三丁目,ホンチョウ 3,HONCHO 3,,37.452032,138.847176
本津川,ホンツガワ,HONTSUGAWA,,37.461102,138.965091
品之木,ボンノキ,BONNOKI,,37.528846,138.852078
前島町,マエジママチ,MAEJIMAMACHI,,37.409098,138.820265
前田一丁目,マエダ 1,MAEDA 1,,37.43649,138.862184
前田二丁目,マエダ 2,MAEDA 2,,37.437254,138.863542
前田三丁目,マエダ 3,MAEDA 3,,37.437924,138.861834
曲新町,マガリアラマチ,MAGARIARAMACHI,,37.417325,138.850361
曲新町一丁目,マガリアラマチ 1,MAGARIARAMACHI 1,,37.416265,138.844734
曲新町二丁目,マガリアラマチ 2,MAGARIARAMACHI 2,,37.418569,138.844131
曲新町三丁目,マガリアラマチ 3,MAGARIARAMACHI 3,,37.42073,138.84429
槇下町,マキシタマチ,MAKISHITAMACHI,,37.4875,138.844793
巻島一丁目,マキジマ 1,MAKIJIMA 1,,37.479083,138.833766
巻島二丁目,マキジマ 2,MAKIJIMA 2,,37.48178,138.834269
巻島町,,,,37.481307,138.829669
巻渕,マキフチ,MAKIFUCHI,,37.490821,139.006772
巻渕一丁目,マキフチ 1,MAKIFUCHI 1,,37.485093,139.003537
巻渕二丁目,マキフチ 2,MAKIFUCHI 2,,37.48373,139.006876
巻渕三丁目,マキフチ 3,MAKIFUCHI 3,,37.485863,139.006216
巻渕四丁目,マキフチ 4,MAKIFUCHI 4,,37.487995,139.00298
槇山町,マキヤママチ,MAKIYAMAMACHI,,37.48601,138.835629
町田町,マチダマチ,MACHIDAMACHI,,37.415747,138.859326
松尾,マツオ,MATSUO,,37.40641,139.020032
松ケ崎新田,マツガサキシンデン,MATSUGASAKISHINDEN,,37.570214,138.836779
松葉一丁目,マツバ 1,MATSUBA 1,,37.461621,138.848865
松葉二丁目,マツバ 2,MATSUBA 2,,37.463727,138.848011
末宝,マッポウ,MAPPO,,37.558137,138.835934
真野代新田,マノシロシンデン,MANOSHIROSHINDEN,,37.592271,138.836728
真弓,マユミ,MAYUMI,,37.557047,138.873783
美沢一丁目,ミサワ 1,MISAWA 1,,37.437938,138.866487
美沢二丁目,ミサワ 2,MISAWA 2,,37.439965,138.866367
美沢三丁目,ミサワ 3,MISAWA 3,,37.443146,138.8694
美沢四丁目,ミサワ 4,MISAWA 4,,37.442634,138.865591
三島上条,ミシマジョウジョウ,MISHIMA JOJO,,37.513459,138.764913
三島新保,ミシマシンボ,MISHIMA SHIMBO,,37.491766,138.801048
三島中条,ミシマナカジョウ,MISHIMA NAKAJO,,37.494398,138.793534
水穴町,ミズアナマチ,MIZUANAMACHI,,37.47204,138.921916
水沢,ミズサワ,MIZUSAWA,,37.506538,138.995067
水梨町,ミズナシマチ,MIZUNASHIMACHI,,37.422441,138.82511
美園一丁目,ミソノ 1,MISONO 1,,37.46014,138.867813
美園二丁目,ミソノ 2,MISONO 2,,37.4613,138.86791
三ツ郷屋一丁目,ミツゴウヤ 1,MITSUGOYA 1,,37.444995,138.815847
三ツ郷屋二丁目,ミツゴウヤ 2,MITSUGOYA 2,,37.447627,138.81535
三ツ郷屋町,,,,37.449838,138.815248
緑町一丁目,ミドリチョウ 1,MIDORICHO 1,,37.449736,138.824163
緑町二丁目,ミドリチョウ 2,MIDORICHO 2,,37.449468,138.819865
緑町三丁目,ミドリチョウ 3,MIDORICHO 3,,37.451454,138.819524
南新保町,ミナミシンボマチ,MINAMISHIMBOMACHI,,37.471408,138.806474
南七日町,ミナミナノカマチ,MINAMINANOKAMACHI,,37.443852,138.797532
南町一丁目,ミナミマチ 1,MINAMIMACHI 1,,37.441811,138.850253
南町二丁目,ミナミマチ 2,MINAMIMACHI 2,,37.441619,138.84862
南町三丁目,ミナミマチ 3,MINAMIMACHI 3,,37.441271,138.847311
宮内一丁目,ミヤウチ 1,MIYAUCHI 1,,37.418234,138.840027
宮内二丁目,ミヤウチ 2,MIYAUCHI 2,,37.4202,138.840415
宮内三丁目,ミヤウチ 3,MIYAUCHI 3,,37.422092,138.842528
宮内四丁目,ミヤウチ 4,MIYAUCHI 4,,37.424094,138.842983
宮内五丁目,ミヤウチ 5,MIYAUCHI 5,,37.426787,138.842161
宮内六丁目,ミヤウチ 6,MIYAUCHI 6,,37.429104,138.843319
宮内七丁目,ミヤウチ 7,MIYAUCHI 7,,37.430686,138.844051
宮内八丁目,ミヤウチ 8,MIYAUCHI 8,,37.432526,138.845474
宮内町,ミヤウチマチ,MIYAUCHIMACHI,,37.423179,138.848897
宮栄一丁目,ミヤサカエ 1,MIYASAKAE 1,,37.419542,138.836141
宮栄二丁目,ミヤサカエ 2,MIYASAKAE 2,,37.421472,138.83773
宮栄三丁目,ミヤサカエ 3,MIYASAKAE 3,,37.424325,138.840065
宮沢,ミヤザワ,MIYAZAWA,,37.511514,138.781632
宮下町,ミヤシタマチ,MIYASHITAMACHI,,37.466762,138.891982
宮路町,ミヤジマチ,MIYAJIMACHI,,37.45438,138.916738
宮関一丁目,ミヤゼキ 1,MIYAZEKI 1,,37.468683,138.83022
宮関二丁目,ミヤゼキ 2,MIYAZEKI 2,,37.46978,138.832382
宮関三丁目,ミヤゼキ 3,MIYAZEKI 3,,37.470927,138.831345
宮関四丁目,ミヤゼキ 4,MIYAZEKI 4,,37.474224,138.830729
宮関町,,,,37.467203,138.836847
宮原一丁目,ミヤバラ 1,MIYABARA 1,,37.434217,138.843625
宮原二丁目,ミヤバラ 2,MIYABARA 2,,37.436215,138.843936
宮原三丁目,ミヤバラ 3,MIYABARA 3,,37.437868,138.843967
宮本東方町,ミヤモトヒガシカタマチ,MIYAMOTO HIGASHIKATAMACHI,,37.441939,138.737671
宮本堀之内町,ミヤモトホリノウチマチ,MIYAMOTO HORINOCHIMACHI,,37.45135,138.730727
宮本町一丁目,ミヤモトマチ 1,MIYAMOTOMACHI 1,,37.451888,138.750774
宮本町二丁目,ミヤモトマチ 2,MIYAMOTOMACHI 2,,37.459084,138.727424
宮本町三丁目,ミヤモトマチ 3,MIYAMOTOMACHI 3,,37.468304,138.723095
宮本町四丁目,ミヤモトマチ 4,MIYAMOTOMACHI 4,,37.456861,138.758492
妙見町,ミョウケンマチ,MYOKEMMACHI,,37.34416,138.839172
六日市町,ムイカイチマチ,MUIKAICHIMACHI,,37.355418,138.846342
葎谷,ムグラダニ,MUGURADANI,,37.48777,139.084115
村松町,ムラマツマチ,MURAMATSUMACHI,,37.383561,138.868563
森上,モリアゲ,MORIAGE,,37.399946,138.964116
谷内一丁目,ヤチ 1,YACHI 1,,37.475134,138.994911
谷内二丁目,ヤチ 2,YACHI 2,,37.473835,138.99475
柳原町,ヤナギハラマチ,YANAGIHARAMACHI,,37.446971,138.84373
山口,ヤマグチ,YAMAGUCHI,,37.500299,139.02705
山古志竹沢,ヤマコシタケザワ,YAMAKOSHI TAKEZAWA,,37.324603,138.882784
山古志種苧原,ヤマコシタネスハラ,YAMAKOSHI TANESUHARA,,37.355752,138.93428
山古志南平,ヤマコシナンペイ,YAMAKOSHI NAMPEI,,37.32963,138.917285
山古志東竹沢,ヤマコシヒガシタケザワ,YAMAKOSHI HIGASHITAKEZAWA,,37.311036,138.914127
山古志虫亀,ヤマコシムシガメ,YAMAKOSHI MUSHIGAME,,37.342412,138.89176
山田一丁目,ヤマダ 1,YAMADA 1,,37.445126,138.840419
山田二丁目,ヤマダ 2,YAMADA 2,,37.445762,138.839336
山田三丁目,ヤマダ 3,YAMADA 3,,37.447087,138.840477
山屋,ヤマヤ,YAMAYA,,37.498146,139.007507
悠久町,ユウキュウチョウ,YUKYUCHO,,37.4328,138.881791
悠久町一丁目,ユウキュウチョウ 1,YUKYUCHO 1,,37.432844,138.885376
悠久町二丁目,ユウキュウチョウ 2,YUKYUCHO 2,,37.435669,138.88246
悠久町三丁目,ユウキュウチョウ 3,YUKYUCHO 3,,37.436405,138.879206
悠久町四丁目,ユウキュウチョウ 4,YUKYUCHO 4,,37.433953,138.876638
豊一丁目,トヨダマチ 1,TOYODAMACHI 1,,37.458907,138.869964
豊二丁目,トヨダマチ 2,TOYODAMACHI 2,,37.460893,138.870657
弓町一丁目,ユミチョウ 1,YUMICHO 1,,37.441509,138.853265
弓町二丁目,ユミチョウ 2,YUMICHO 2,,37.443021,138.853865
与板町岩方,ヨイタマチイワカタ,YOITAMACHI IWAKATA,,37.573735,138.818578
与板町江西二丁目,ヨイタマチエニシ 2,YOITAMACHI ENISHI 2,,37.534074,138.817789
与板町江西三丁目,ヨイタマチエニシ 3,YOITAMACHI ENISHI 3,,37.534213,138.81555
与板町江西四丁目,ヨイタマチエニシ 4,YOITAMACHI ENISHI 4,,37.533783,138.814928
与板町城山一丁目,ヨイタマチシロヤマ 1,YOITAMACHI SHIROYAMA 1,,37.533087,138.805569
与板町蔦都,ヨイタマチツタイチ,YOITAMACHI TSUTAICHI,,37.528531,138.828264
与板町中田,ヨイタマチナカダ,YOITAMACHI NAKADA,,37.517466,138.804419
与板町東与板,ヨイタマチヒガシヨイタ,YOITAMACHI HIGASHIYOITA,,37.543854,138.820448
与板町広野,ヨイタマチヒロノ,YOITAMACHI HIRONO,,37.517447,138.817383
与板町槙原,,,,37.521922,138.791181
与板町馬越,ヨイタマチマゴシ,YOITAMACHI MAGOSHI,,37.567027,138.811915
与板町南中,ヨイタマチミナミナカ,YOITAMACHI MINAMINAKA,,37.522378,138.807583
与板町本与板,ヨイタマチモトヨイタ,YOITAMACHI MOTOYOITA,,37.553544,138.807043
与板町山沢,ヨイタマチヤマザワ,YOITAMACHI YAMAZAWA,,37.527662,138.80195
与板町与板,ヨイタマチヨイタ,YOITAMACHI YOITA,,37.538901,138.80146
与板町吉津,ヨイタマチヨシヅ,YOITAMACHI YOSHIZU,,37.523867,138.817156
陽光台一丁目,ヨウコウダイ 1,YOKODAI 1,,37.437492,138.747273
陽光台二丁目,ヨウコウダイ 2,YOKODAI 2,,37.439037,138.745812
陽光台三丁目,ヨウコウダイ 3,YOKODAI 3,,37.435838,138.744177
陽光台四丁目,ヨウコウダイ 4,YOKODAI 4,,37.433708,138.742665
陽光台五丁目,ヨウコウダイ 5,YOKODAI 5,,37.434467,138.748462
横枕町,ヨコマクラマチ,YOKOMAKURAMACHI,,37.404782,138.853688
横山,ヨコヤマ,YOKOYAMA,,37.539088,138.855777
吉崎,ヨシザキ,YOSHIZAKI,,37.496672,138.783232
吉水,ヨシミズ,YOSHIMIZU,,37.489433,139.011442
四ツ屋町,ヨツヤマチ,YOTSUYAMACHI,,37.503529,138.905492
蓬平町,ヨモギヒラマチ,YOMOGIHIRAMACHI,,37.364312,138.899073
来迎寺,ライコウジ,RAIKOJI,,37.3903,138.77974
来伝,ライデン,RAIDEN,,37.415636,139.023402
蓮花寺,レンゲジ,RENGEJI,,37.497784,138.758514
六所,ロクショ,ROKUSHO,,37.566538,138.870898
若草町一丁目,ワカクサマチ 1,WAKAKUSAMACHI 1,,37.437003,138.885645
若草町二丁目,ワカクサマチ 2,WAKAKUSAMACHI 2,,37.439134,138.883541
若草町三丁目,ワカクサマチ 3,WAKAKUSAMACHI 3,,37.440759,138.881468
若野浦,ワカノウラ,WAKANORA,,37.552163,138.783247
脇川新田町,ワキガワシンデンマチ,WAKIGAWASHINDEMMACHI,,37.534286,138.844309
脇野町,ワキノマチ,WAKINOMACHI,,37.502589,138.789884
山葵谷,ワサビダニ,WASABIDANI,,37.479928,139.071345
和島北野,ワシマキタノ,WASHIMA KITANO,,37.580243,138.783644
和島高畑,ワシマタカバタケ,WASHIMA TAKABATAKE,,37.547841,138.74687
和島中沢,ワシマナカサワ,WASHIMA NAKASAWA,,37.56025,138.757367
渡沢町,ワタザワマチ,WATAZAWAMACHI,,37.365974,138.854777
渡場町,ワタリバマチ,WATARIBAMACHI,,37.479414,138.843908
渡里町,ワタリマチ,WATARIMACHI,,37.450776,138.844989
両高,リョウタカ,RYOTAKA,,37.579619,138.743082
城之丘,ジョウノオカ,JONOKA,,37.57284,138.733056
村田,ムラタ,MURATA,,37.567308,138.734586
東保内,ヒガシホナイ,HIGASHIHONAI,,37.570185,138.7488
梅田,ウメダ,UMEDA,,37.568739,138.756929
稲葉町,イナバマチ,INABAMACHI,,37.476711,138.874113
稲保一丁目,イナホ 1,INAHO 1,,37.480531,138.875565
稲保三丁目,イナホ 3,INAHO 3,,37.482655,138.87479
稲保南一丁目,イナホミナミ 1,INAHOMINAMI 1,,37.477967,138.875953
福島町,フクシママチ,FUKUSHIMAMACHI,,37.483043,138.884968
大曲戸新田,オオマガトシンデン,OMAGATOSHINDEN,,37.517084,138.881432
中条新田,チュウジョウシンデン,CHUJOSHINDEN,,37.604862,138.845839
信条東,シンジョウヒガシ,SHINJOHIGASHI,,37.594925,138.855017
中之島西野,ナカノシマニシノ,NAKANOSHIMA NISHINO,,37.608843,138.867178
信条西,シンジョウニシ,SHINJONISHI,,37.60968,138.85906
下沼新田,シタヌマシンデン,SHITANUMASHINDEN,,37.599684,138.863998
三沼,,,,37.593197,138.867458
小沼新田,コヌマシンデン,KONUMASHINDEN,,37.5967,138.870366
喜多町,キタマチ,KITAMACHI,,37.451694,138.806831
希望が丘三丁目,キボウガオカ 3,KIBOGAOKA 3,,37.446226,138.812432
七日町,ナノカマチ,NANOKAMACHI,,37.444238,138.805611
福山町,フクヤママチ,FUKUYAMAMACHI,,37.447459,138.799218
希望が丘二丁目,キボウガオカ 2,KIBOGAOKA 2,,37.44434,138.812488
琴平三丁目,コトヒラ 3,KOTOHIRA 3,,37.463459,138.861117
新保二丁目,ニイボ 2,NIIBO 2,,37.463447,138.864045
川崎五丁目,カワサキ 5,KAWASAKI 5,,37.454935,138.86779
川崎町,カワサキマチ,KAWASAKIMACHI,,37.453741,138.879816
地蔵二丁目,ジゾウ 2,JIZO 2,,37.456858,138.864709
東栄一丁目,ヒガシサカエ 1,HIGASHISAKAE 1,,37.457855,138.863235
愛宕一丁目,アタゴ 1,ATAGO 1,,37.456737,138.862312
琴平一丁目,コトヒラ 1,KOTOHIRA 1,,37.459673,138.863586
東栄三丁目,ヒガシサカエ 3,HIGASHISAKAE 3,,37.460261,138.860201
琴平二丁目,コトヒラ 2,KOTOHIRA 2,,37.460987,138.862429
東栄二丁目,ヒガシサカエ 2,HIGASHISAKAE 2,,37.458687,138.862087
花園南一丁目,ハナゾノミナミ 1,HANAZONOMINAMI 1,,37.429838,138.862733
花園南二丁目,ハナゾノミナミ 2,HANAZONOMINAMI 2,,37.431239,138.863577
東大町,ヒガシオオマチ,HIGASHIOMACHI,,37.427986,138.862289
北富島,,,,37.477138,138.894208
中条南,,,,37.5718,138.846183
中野西部,,,,37.562871,138.837471
中野北,,,,37.564786,138.852302
中野南,,,,37.548591,138.852579
中通西,,,,37.546015,138.841994
旭岡一丁目,アサヒオカ 1,ASAHIOKA 1,,37.42296,138.857075
旭岡二丁目,アサヒオカ 2,ASAHIOKA 2,,37.425604,138.8567
北陽三丁目,ホクヨウ 3,HOKUYO 3,,37.483537,138.870131
亀ケ谷新田,カメガヤシンデン,KAMEGAYASHINDEN,,37.548035,138.865433
中通東,,,,37.535764,138.857489
中之島中央,,,,37.545045,138.866512
南中之島,,,,37.533689,138.864884
北中之島,,,,37.56276,138.865592
喜多町,キタマチ,KITAMACHI,鐙潟,37.451968,138.801177
古正寺町,コショウジマチ,KOSHOJIMACHI,中割,37.452712,138.816999
与板町与板,ヨイタマチヨイタ,YOITAMACHI YOITA,江西,37.535976,138.817857
下条町,ゲジョウマチ,GEJOMACHI,野々入,37.408182,138.833607
片田町,カタダマチ,KATADAMACHI,西荒田,37.39616,138.833843
十日町,トオカマチ,TOKAMACHI,野々入,37.380753,138.833865
高見町,タカミマチ,TAKAMIMACHI,大潟,37.510776,138.861647
喜多町,キタマチ,KITAMACHI,川原,37.448617,138.805435
西片貝町,ニシカタカイマチ,NISHIKATAKAIMACHI,大木,37.452924,138.887685
川崎町,カワサキマチ,KAWASAKIMACHI,野口,37.456376,138.87478
堺町,サカイマチ,SAKAIMACHI,浦田,37.456625,138.809362
三ツ郷屋町,,,下川原,37.450547,138.817171
高見町,タカミマチ,TAKAMIMACHI,東堤,37.497867,138.86507
川崎町,カワサキマチ,KAWASAKIMACHI,山崎,37.461678,138.865877
喜多町,キタマチ,KITAMACHI,下川原,37.451321,138.807479
