name,name_kana,name_romaji,nickname,latitude,longitude
相滝町,アイタキマチ,AITAKIMACHI,,36.339795,136.596001
青葉台一丁目,アオバダイ 1,AOBADAI 1,,36.515913,136.580861
青葉台二丁目,アオバダイ 2,AOBADAI 2,,36.514774,136.582036
明島町,アカラジママチ,AKARAJIMAMACHI,,36.461879,136.608952
旭丘一丁目,アサヒガオカ 1,ASAHIGAOKA 1,,36.552502,136.573808
旭丘二丁目,アサヒガオカ 2,ASAHIGAOKA 2,,36.551706,136.568637
旭丘三丁目,アサヒガオカ 3,ASAHIGAOKA 3,,36.550689,136.563503
旭丘四丁目,アサヒガオカ 4,ASAHIGAOKA 4,,36.551204,136.558394
あさひ荘苑一丁目,アサヒソウエン 1,ASAHISOEN 1,,36.53508,136.574885
あさひ荘苑二丁目,アサヒソウエン 2,ASAHISOEN 2,,36.536519,136.575512
あさひ荘苑三丁目,アサヒソウエン 3,ASAHISOEN 3,,36.535656,136.577691
あさひ荘苑四丁目,アサヒソウエン 4,ASAHISOEN 4,,36.537281,136.579561
阿手町,アテマチ,ATEMACHI,,36.292247,136.570828
阿弥陀島町,アミダジママチ,AMIDAJIMAMACHI,,36.504906,136.514823
荒谷,アラタニ,ARATANI,,36.256858,136.687362
荒屋柏野町,アラヤカシワノマチ,ARAYAKASHIWANOMACHI,,36.498651,136.538938
荒屋町,アラヤマチ,ARAYAMACHI,,36.484772,136.607879
行町,アルキマチ,ARUKIMACHI,,36.487512,136.591768
安養寺,アンヨウジマチ,ANYOJIMACHI,,36.497924,136.595502
安養寺町,アンヨウジマチ,ANYOJIMACHI,,36.494585,136.594252
石立町,イシタテマチ,ISHITATEMACHI,,36.51024,136.505371
石同新町,イシドウシンマチ,ISHIDOSHIMMACHI,,36.519735,136.570013
石同町,イシドウマチ,ISHIDOMACHI,,36.522221,136.568967
井関町,イセキマチ,ISEKIMACHI,,36.490785,136.507362
一塚町,イチヅカマチ,ICHIZUKAMACHI,,36.558607,136.560487
市原,イチハラ,ICHIHARA,,36.317577,136.650401
乾町,イヌイマチ,INUIMACHI,,36.523661,136.583048
井口町,イノクチマチ,INOKUCHIMACHI,,36.474282,136.605165
今平町,イマヒラマチ,IMAHIRAMACHI,,36.499757,136.579278
内方新保町,ウチカタシンボマチ,UCHIKATASHIMBOMACHI,,36.487621,136.555721
漆島町,ウルシジママチ,URUSHIJIMAMACHI,,36.472926,136.579775
大竹町,オオダケマチ,ODAKEMACHI,,36.471417,136.589569
小川町,オガワマチ,OGAWAMACHI,,36.523624,136.521899
尾添,オゾウ,OZO,,36.216223,136.729585
乙丸町,オトマルマチ,OTOMARUMACHI,,36.497677,136.573516
女原,オナバラ,ONABARA,,36.268713,136.655885
小柳町,オヤナギマチ,OYANAGIMACHI,,36.4726,136.617586
笠間新一丁目,カサマシン 1,KASAMASHIN 1,,36.505449,136.529699
笠間町,カサママチ,KASAMAMACHI,,36.505134,136.523204
鹿島平,カシマダイラ,KASHIMADAIRA,,36.504163,136.508869
鍛治町,カジマチ,KAJIMACHI,,36.521591,136.565749
鹿島町,カシママチ,KASHIMAMACHI,,36.502941,136.501729
柏町,カシワマチ,KASHIWAMACHI,,36.504516,136.534173
数瀬町,カズセマチ,KAZUSEMACHI,,36.3017,136.588383
釜清水町,カマシミズマチ,KAMASHIMIZUMACHI,,36.357992,136.614247
釜谷,カマダニ,KAMADANI,,36.247329,136.649666
上小川町,カミオガワマチ,KAMIOGAWAMACHI,,36.519403,136.520672
上柏野町,カミカシワノマチ,KAMIKASHIWANOMACHI,,36.496299,136.546696
上島田町,カミシマダマチ,KAMISHIMADAMACHI,,36.482371,136.549616
上野町,カミノマチ,KAMINOMACHI,,36.372867,136.604429
上二口町,カミフタクチマチ,KAMIFUTAKUCHIMACHI,,36.505083,136.576511
上安田町,カミヤスタマチ,KAMIYASUTAMACHI,,36.481406,136.536414
上吉谷町,カミヨシタニマチ,KAMIYOSHITANIMACHI,,36.328687,136.632463
河合町,カワイマチ,KAWAIMACHI,,36.396328,136.60991
河内町板尾,カワチマチイタオ,KAWACHIMACHI ITAO,,36.382648,136.677627
河内町内尾,カワチマチウツオ,KAWACHIMACHI UTSUO,,36.334261,136.70946
河内町奥池,カワチマチオクイケ,KAWACHIMACHI OKUIKE,,36.35048,136.72157
河内町きりの里,カワチマチキリノサト,KAWACHIMACHI KIRINOSATO,,36.390897,136.61692
河内町金間,カワチマチキンマ,KAWACHIMACHI KIMMA,,36.359284,136.655755
河内町口直海,カワチマチクチノミ,KAWACHIMACHI KUCHINOMI,,36.400414,136.642029
河内町久保,カワチマチクボ,KAWACHIMACHI KUBO,,36.377315,136.630909
河内町江津,カワチマチゴウヅ,KAWACHIMACHI GOZU,,36.385156,136.615315
河内町下折,カワチマチソソリ,KAWACHIMACHI SOSORI,,36.349545,136.67579
河内町中直海,カワチマチナカノミ,KAWACHIMACHI NAKANOMI,,36.391076,136.641798
河内町吹上,カワチマチフキアゲ,KAWACHIMACHI FUKIAGE,,36.373787,136.63959
河内町福岡,カワチマチフクオカ,KAWACHIMACHI FUKUOKA,,36.393971,136.625005
河内町ふじが丘,カワチマチフジガオカ,KAWACHIMACHI FUJIGAOKA,,36.399191,136.626421
河内町吉岡,カワチマチヨシオカ,KAWACHIMACHI YOSHIOKA,,36.37541,136.621893
河原山町,カワハラヤママチ,KAWAHARAYAMAMACHI,,36.3044,136.632563
北島町,キタジママチ,KITAJIMAMACHI,,36.499589,136.516467
北成町,キタナリマチ,KITANARIMACHI,,36.535062,136.556448
北安田西一丁目,キタヤスタニシ 1,KITAYASUTANISHI 1,,36.524193,136.545733
北安田西二丁目,キタヤスタニシ 2,KITAYASUTANISHI 2,,36.521254,136.545733
北安田町,キタヤスタマチ,KITAYASUTAMACHI,,36.524276,136.549223
木滑,キナメリ,KINAMERI,,36.306936,136.650774
木滑新,キナメリシン,KINAMERISHIN,,36.290795,136.66697
倉部町,クラベマチ,KURABEMACHI,,36.557627,136.552398
倉光十丁目,クラミツ 10,KURAMITSU 10,,36.509942,136.568885
倉光一丁目,クラミツ 1,KURAMITSU 1,,36.512669,136.56915
倉光二丁目,クラミツ 2,KURAMITSU 2,,36.513891,136.565757
倉光三丁目,クラミツ 3,KURAMITSU 3,,36.511089,136.565574
倉光四丁目,クラミツ 4,KURAMITSU 4,,36.512796,136.562641
倉光五丁目,クラミツ 5,KURAMITSU 5,,36.516146,136.566009
倉光六丁目,クラミツ 6,KURAMITSU 6,,36.516057,136.56823
倉光七丁目,クラミツ 7,KURAMITSU 7,,36.516018,136.570026
倉光八丁目,クラミツ 8,KURAMITSU 8,,36.51553,136.572263
倉光九丁目,クラミツ 9,KURAMITSU 9,,36.510946,136.572223
倉光西二丁目,クラミツニシ 2,KURAMITSUNISHI 2,,36.5165,136.562901
黒瀬町,クロセマチ,KUROSEMACHI,,36.513768,136.522112
桑島,クワジマ,KUWAJIMA,,36.193456,136.658869
剣崎町,ケンザキマチ,KENZAKIMACHI,,36.497395,136.562076
源兵島町,ゲンペイジママチ,GEMPEIJIMAMACHI,,36.485807,136.519451
木津町,コウヅマチ,KOZUMACHI,,36.502258,136.588794
幸明町,コウミョウマチ,KOMYOMACHI,,36.515989,136.578022
御影堂町,ゴエドウマチ,GOEDOMACHI,,36.488147,136.549537
小上町,コガミマチ,KOGAMIMACHI,,36.501563,136.542759
五十谷町,ゴジュウダニマチ,GOJUDANIMACHI,,36.317078,136.560091
五歩市町,ゴボイチマチ,GOBOICHIMACHI,,36.531752,136.576567
五味島,ゴミジマ,GOMIJIMA,,36.255601,136.653887
坂尻町,サカジリマチ,SAKAJIRIMACHI,,36.48229,136.623199
佐良,サラ,SARA,,36.332608,136.653181
三宮町,サンノミヤマチ,SANNOMIYAMACHI,,36.43497,136.64682
七原町,シチハラマチ,SHICHIHARAMACHI,,36.485018,136.597643
七郎町,シチロウマチ,SHICHIROMACHI,,36.515647,136.525826
柴木二丁目,シバキ 2,SHIBAKI 2,,36.493627,136.6021
柴木町,シバキマチ,SHIBAKIMACHI,,36.49131,136.601295
島田町,シマダマチ,SHIMADAMACHI,,36.481841,136.557132
下柏野町,シモカシワノマチ,SHIMOKASHIWANOMACHI,,36.496999,136.531907
下田原,シモタワラ,SHIMOTAWARA,,36.201863,136.584736
下野町,シモノマチ,SHIMONOMACHI,,36.383681,136.605885
下吉谷町,シモヨシタニマチ,SHIMOYOSHITANIMACHI,,36.340512,136.628142
白峰,シラミネ,SHIRAMINE,,36.131836,136.686909
白山町,シラヤママチ,SHIRAYAMAMACHI,,36.419823,136.644587
新田町,シンデンマチ,SHINDEMMACHI,,36.533341,136.570546
新成二丁目,シンナリ 2,SHINNARI 2,,36.532967,136.557959
新成三丁目,シンナリ 3,SHINNARI 3,,36.532813,136.555727
新成四丁目,シンナリ 4,SHINNARI 4,,36.529606,136.554799
末広一丁目,スエヒロ 1,SUEHIRO 1,,36.520398,136.56754
末広二丁目,スエヒロ 2,SUEHIRO 2,,36.518198,136.567616
末正町,スエマサマチ,SUEMASAMACHI,,36.481113,136.505027
菅波町,スガナミマチ,SUGANAMIMACHI,,36.49018,136.572027
杉森町,スギモリマチ,SUGIMORIMACHI,,36.350171,136.607581
瀬木野町,セギノマチ,SEGINOMACHI,,36.403988,136.619368
瀬戸,セト,SETO,,36.281657,136.657224
瀬波,セナミ,SENAMI,,36.307767,136.69145
専福寺町,センプクジマチ,SEMPUKUJIMACHI,,36.524005,136.590452
相川新町,ソウゴシンマチ,SOGOSHIMMACHI,,36.547902,136.542581
相川町,ソウゴマチ,SOGOMACHI,,36.542172,136.54268
竹松町,タケマツマチ,TAKEMATSUMACHI,,36.546544,136.555606
田地町,タチマチ,TACHIMACHI,,36.490241,136.578406
辰巳町,タツミチョウ,TATSUMICHO,,36.521973,136.567325
田中町,タナカマチ,TANAKAMACHI,,36.529608,136.587783
知気寺町,チキジマチ,CHIKIJIMACHI,,36.484217,136.602952
茶屋一丁目,チャヤ 1,CHAYA 1,,36.523183,136.560628
茶屋二丁目,チャヤ 2,CHAYA 2,,36.51946,136.560971
中宮,チュウグウ,CHUGU,,36.259185,136.763637
長屋町,チョウヤマチ,CHOYAMACHI,,36.483385,136.497843
千代野西一丁目,チヨノニシ 1,CHIYONONISHI 1,,36.521317,136.538684
千代野西二丁目,チヨノニシ 2,CHIYONONISHI 2,,36.521669,136.535982
千代野西三丁目,チヨノニシ 3,CHIYONONISHI 3,,36.523728,136.536014
千代野西四丁目,チヨノニシ 4,CHIYONONISHI 4,,36.523345,136.538632
千代野西五丁目,チヨノニシ 5,CHIYONONISHI 5,,36.525371,136.538585
千代野西六丁目,チヨノニシ 6,CHIYONONISHI 6,,36.525426,136.535979
千代野西七丁目,チヨノニシ 7,CHIYONONISHI 7,,36.52812,136.536075
千代野西八丁目,チヨノニシ 8,CHIYONONISHI 8,,36.527574,136.538672
千代野東一丁目,チヨノヒガシ 1,CHIYONOHIGASHI 1,,36.520548,136.543355
千代野東二丁目,チヨノヒガシ 2,CHIYONOHIGASHI 2,,36.51971,136.541818
千代野東三丁目,チヨノヒガシ 3,CHIYONOHIGASHI 3,,36.522031,136.541147
千代野東四丁目,チヨノヒガシ 4,CHIYONOHIGASHI 4,,36.52526,136.541222
千代野東五丁目,チヨノヒガシ 5,CHIYONOHIGASHI 5,,36.524758,136.543538
千代野東六丁目,チヨノヒガシ 6,CHIYONOHIGASHI 6,,36.528047,136.542127
千代野南一丁目,チヨノミナミ 1,CHIYONOMINAMI 1,,36.517785,136.541925
千代野南二丁目,チヨノミナミ 2,CHIYONOMINAMI 2,,36.519981,136.537632
月橋町,ツキハシマチ,TSUKIHASHIMACHI,,36.464151,136.630824
鶴来朝日町,ツルギアサヒマチ,TSURUGI ASAHIMACHI,,36.448555,136.632181
鶴来今町,ツルギイママチ,TSURUGI IMAMACHI,,36.441802,136.630073
鶴来後山,,,,36.454041,136.648202
鶴来大国町,ツルギオオクニマチ,TSURUGI OKUNIMACHI,,36.452006,136.62089
鶴来上東町,ツルギカミヒガシマチ,TSURUGI KAMIHIGASHIMACHI,,36.447357,136.628445
鶴来桑島町,ツルギクワジママチ,TSURUGI KUWAJIMAMACHI,,36.496494,136.597749
鶴来下東町,ツルギシモヒガシマチ,TSURUGI SHIMOHIGASHIMACHI,,36.448619,136.627637
鶴来新町,ツルギシンマチ,TSURUGI SHIMMACHI,,36.445011,136.628892
鶴来清沢町,ツルギセイサワマチ,TSURUGI SEISAWAMACHI,,36.447311,136.630473
鶴来千原,,,,36.455086,136.63971
鶴来知守町,ツルギチモリチョウ,TSURUGI CHIMORICHO,,36.450827,136.627691
鶴来日詰町,ツルギヒヅメチョウ,TSURUGI HIZUMECHO,,36.450924,136.632628
鶴来日吉町,ツルギヒヨシマチ,TSURUGI HIYOSHIMACHI,,36.447335,136.640133
鶴来古町,ツルギフルマチ,TSURUGI FURUMACHI,,36.447104,136.625314
鶴来本町一丁目,ツルギホンマチ 1,TSURUGI HOMMACHI 1,,36.44673,136.627253
鶴来本町二丁目,ツルギホンマチ 2,TSURUGI HOMMACHI 2,,36.448318,136.626781
鶴来本町三丁目,ツルギホンマチ 3,TSURUGI HOMMACHI 3,,36.450175,136.625386
鶴来本町四丁目,ツルギホンマチ 4,TSURUGI HOMMACHI 4,,36.454558,136.629349
鶴来水戸町,ツルギミトマチ,TSURUGI MITOMACHI,,36.445259,136.621122
鶴来水戸町二丁目,ツルギミトマチ 2,TSURUGI MITOMACHI 2,,36.443283,136.626454
鶴来水戸町三丁目,ツルギミトマチ 3,TSURUGI MITOMACHI 3,,36.444607,136.624179
鶴来水戸町四丁目,ツルギミトマチ 4,TSURUGI MITOMACHI 4,,36.446466,136.623098
出合島町,デアイジママチ,DEAIJIMAMACHI,,36.476358,136.528641
出合町,デアイマチ,DEAIMACHI,,36.352924,136.590548
手取町,テドリマチ,TEDORIMACHI,,36.487244,136.502759
道法寺町,ドウホウジマチ,DOHOJIMACHI,,36.475509,136.634176
鴇ケ谷,トガタニ,TOGATANI,,36.241175,136.615952
徳丸町,トクマルマチ,TOKUMARUMACHI,,36.522681,136.577844
徳光町,トクミツマチ,TOKUMITSUMACHI,,36.532609,136.532114
富光寺町,トミコウジマチ,TOMIKOJIMACHI,,36.495215,136.600698
中奥町,ナカオクマチ,NAKAOKUMACHI,,36.51786,136.581006
中柏野町,ナカカシワノマチ,NAKAKASHIWANOMACHI,,36.498037,136.542465
中島町,ナカジママチ,NAKAJIMAMACHI,,36.408962,136.64118
長島町,ナガシママチ,NAGASHIMAMACHI,,36.492574,136.555106
中新保町,ナカシンボマチ,NAKASHIMBOMACHI,,36.552889,136.578622
長竹町,ナガタケマチ,NAGATAKEMACHI,,36.521016,136.58896
中成二丁目,ナカナリ 2,NAKANARI 2,,36.527161,136.554832
中ノ郷町,ナカノゴウマチ,NAKANOGOMACHI,,36.486179,136.585196
成町,ナリマチ,NARIMACHI,,36.522794,136.556739
西柏一丁目,ニシカシワ 1,NISHIKASHIWA 1,,36.502372,136.531044
西柏二丁目,ニシカシワ 2,NISHIKASHIWA 2,,36.501561,136.529494
西柏三丁目,ニシカシワ 3,NISHIKASHIWA 3,,36.500611,136.528288
西柏町,ニシカシワマチ,NISHIKASHIWAMACHI,,36.503345,136.532689
西佐良町,ニシサラマチ,NISHISARAMACHI,,36.332938,136.639632
西美沢野一丁目,ニシミサワノ 1,NISHIMISAWANO 1,,36.503257,136.529395
西美沢野町,ニシミサワノマチ,NISHIMISAWANOMACHI,,36.504147,136.530862
西米光町,ニシヨネミツマチ,NISHIYONEMITSUMACHI,,36.495919,136.50194
布市一丁目,ヌノイチ 1,NUNOICHI 1,,36.522627,136.571083
布市二丁目,ヌノイチ 2,NUNOICHI 2,,36.522556,136.573953
野地町,ノウヂマチ,NOJIMACHI,,36.319555,136.584889
博労一丁目,バクロ 1,BAKURO 1,,36.521594,136.56461
博労二丁目,バクロ 2,BAKURO 2,,36.519835,136.565085
博労三丁目,バクロ 3,BAKURO 3,,36.518073,136.565211
橋爪新町,ハシヅメシンマチ,HASHIZUMESHIMMACHI,,36.509104,136.585324
橋爪町,ハシヅメマチ,HASHIZUMEMACHI,,36.515783,136.58575
蓮池町,ハスイケマチ,HASUIKEMACHI,,36.499919,136.497735
八田中町,ハッタナカマチ,HATTANAKAMACHI,,36.55848,136.573235
八田町,ハッタマチ,HATTAMACHI,,36.560494,136.564166
馬場一丁目,ババ 1,BABA 1,,36.52117,136.563063
馬場二丁目,ババ 2,BABA 2,,36.518732,136.563024
番匠町,バンジョウマチ,BANJOMACHI,,36.534264,136.582536
番田町,バンダマチ,BANDAMACHI,,36.48015,136.526575
東一番町,ヒガシイチバンチョウ,HIGASHIICHIBANCHO,,36.523607,136.569315
東柏町,ヒガシカシワマチ,HIGASHIKASHIWAMACHI,,36.505482,136.534965
東二番町,ヒガシニバンチョウ,HIGASHINIBANCHO,,36.524707,136.568811
東二口,ヒガシフタクチ,HIGASHIFUTAKUCHI,,36.284678,136.623779
東美沢野町,ヒガシミサワノマチ,HIGASHIMISAWANOMACHI,,36.506616,136.533635
左礫町,ヒダリツブテマチ,HIDARITSUBUTEMACHI,,36.293855,136.609365
日御子町,ヒノミコマチ,HINOMIKOMACHI,,36.467855,136.610381
日向町,ヒュウガマチ,HYUGAMACHI,,36.478819,136.593404
平加町,ヒラカマチ,HIRAKAMACHI,,36.495254,136.491255
平木町,ヒラギマチ,HIRAGIMACHI,,36.533597,136.546531
平松町,ヒラマツマチ,HIRAMATSUMACHI,,36.504976,136.568649
広瀬町,ヒロセマチ,HIROSEMACHI,,36.418149,136.625359
深瀬,フカゼ,FUKAZE,,36.234108,136.653939
深瀬新町,フカゼシンマチ,FUKAZESHIMMACHI,,36.489149,136.597853
福正寺町,フクショウジマチ,FUKUSHOJIMACHI,,36.514221,136.591015
福新町,フクシンマチ,FUKUSHIMMACHI,,36.488971,136.536257
福留町,フクドメマチ,FUKUDOMEMACHI,,36.491797,136.529971
福留南一丁目,フクドメミナミ 1,FUKUDOMEMINAMI 1,,36.48776,136.527665
福永町,フクナガマチ,FUKUNAGAMACHI,,36.48493,136.531179
福増町,フクマスマチ,FUKUMASUMACHI,,36.542001,136.577888
仏師ヶ野町,,,,36.289061,136.636677
藤波一丁目,フジナミ 1,FUJINAMI 1,,36.487531,136.575402
藤波二丁目,フジナミ 2,FUJINAMI 2,,36.486609,136.576414
藤木町,フジノキマチ,FUJINOKIMACHI,,36.484113,136.578801
蕪城一丁目,ブジョウ 1,BUJO 1,,36.530716,136.553069
蕪城二丁目,ブジョウ 2,BUJO 2,,36.531222,136.551529
蕪城三丁目,ブジョウ 3,BUJO 3,,36.531248,136.54991
蕪城四丁目,ブジョウ 4,BUJO 4,,36.532756,136.553294
蕪城五丁目,ブジョウ 5,BUJO 5,,36.53457,136.553511
部入道町,ブニュウドウマチ,BUNYUDOMACHI,,36.494939,136.605801
別宮出町,ベツクデマチ,BETSUKUDEMACHI,,36.355086,136.607369
別宮町,ベツクマチ,BETSUKUMACHI,,36.360408,136.605291
法仏町,ホウブツマチ,HOBUTSUMACHI,,36.517904,136.537579
坊丸町,ボウマルマチ,BOMARUMACHI,,36.493211,136.578973
松本町,マツモトマチ,MATSUMOTOMACHI,,36.51354,136.512951
三浦町,ミウラマチ,MIURAMACHI,,36.509165,136.578173
美川今町,ミカワイママチ,MIKAWA IMAMACHI,,36.487607,136.488311
美川永代町,ミカワエイタイマチ,MIKAWA EITAIMACHI,,36.489985,136.481482
美川北町,ミカワキタマチ,MIKAWA KITAMACHI,,36.486735,136.486452
美川神幸町,ミカワジンコウマチ,MIKAWA JINKOMACHI,,36.488242,136.487267
美川新町,ミカワシンマチ,MIKAWA SHIMMACHI,,36.487149,136.486187
美川末広町,ミカワスエヒロマチ,MIKAWA SUEHIROMACHI,,36.489172,136.487902
美川中町,ミカワナカマチ,MIKAWA NAKAMACHI,,36.487271,136.493114
美川浜町,ミカワハママチ,MIKAWA HAMAMACHI,,36.489556,136.491716
美川南町,ミカワミナミマチ,MIKAWA MINAMIMACHI,,36.484692,136.484681
美川本吉町,ミカワモトヨシマチ,MIKAWA MOTOYOSHIMACHI,,36.482352,136.489499
美川和波町,ミカワワナミマチ,MIKAWA WANAMIMACHI,,36.491166,136.487351
神子清水町,ミコシミズマチ,MIKOSHIMIZUMACHI,,36.344534,136.611842
三坂町,ミサカマチ,MISAKAMACHI,,36.367749,136.591587
美里町,ミサトマチ,MISATOMACHI,,36.520703,136.581586
美沢野町,ミサワノマチ,MISAWANOMACHI,,36.505254,136.531869
水島町,ミズシママチ,MIZUSHIMAMACHI,,36.48078,136.513444
みずほ一丁目,ミズホ 1,MIZUHO 1,,36.49616,136.583943
みずほ二丁目,ミズホ 2,MIZUHO 2,,36.493122,136.584334
みずほ三丁目,ミズホ 3,MIZUHO 3,,36.492409,136.582843
みずほ四丁目,ミズホ 4,MIZUHO 4,,36.493665,136.582718
みずほ五丁目,ミズホ 5,MIZUHO 5,,36.49495,136.582514
みずほ六丁目,ミズホ 6,MIZUHO 6,,36.496133,136.58247
水澄町,ミスミマチ,MISUMIMACHI,,36.490589,136.519539
三ツ瀬町,ミツセマチ,MITSUSEMACHI,,36.305558,136.597529
三ツ屋野町,ミツヤノマチ,MITSUYANOMACHI,,36.318065,136.637048
湊町,ミナトマチ,MINATOMACHI,,36.475271,136.475618
宮永市町,ミヤナガイチマチ,MIYANAGAICHIMACHI,,36.538133,136.568649
宮永新町,ミヤナガシンマチ,MIYANAGASHIMMACHI,,36.549241,136.57497
宮永町,ミヤナガマチ,MIYANAGAMACHI,,36.543483,136.567356
宮原町,ミヤハラマチ,MIYAHARAMACHI,,36.506482,136.535509
宮保新町,ミヤボシンチョウ,MIYABOSHINCHO,,36.507258,136.532025
宮保町,ミヤボマチ,MIYABOMACHI,,36.514747,136.534367
宮丸町,ミヤマルマチ,MIYAMARUMACHI,,36.507701,136.549978
三幸町,ミユキマチ,MIYUKIMACHI,,36.51322,136.577803
明法島町,ミョウホウジママチ,MYOHOJIMAMACHI,,36.47582,136.588707
向島町,ムカイジママチ,MUKAIJIMAMACHI,,36.479452,136.582606
村井新町,ムライシンマチ,MURAISHIMMACHI,,36.551855,136.545906
村井東一丁目,ムライヒガシ 1,MURAIHIGASHI 1,,36.51681,136.560093
村井東二丁目,ムライヒガシ 2,MURAIHIGASHI 2,,36.515793,136.560072
村井町,ムライマチ,MURAIMACHI,,36.508936,136.558844
明光一丁目,メイコウ 1,MEIKO 1,,36.477179,136.611311
明光二丁目,メイコウ 2,MEIKO 2,,36.474991,136.611217
明光三丁目,メイコウ 3,MEIKO 3,,36.477328,136.609252
明光四丁目,メイコウ 4,MEIKO 4,,36.476381,136.60808
森島町,モリジママチ,MORIJIMAMACHI,,36.467421,136.597939
矢頃島町,ヤゴロジママチ,YAGOROJIMAMACHI,,36.475268,136.582919
安田町,ヤスタマチ,YASUTAMACHI,,36.522568,136.562057
安吉町,ヤスヨシマチ,YASUYOSHIMACHI,,36.487677,136.565588
八束穂一丁目,ヤツカホ 1,YATSUKAHO 1,,36.484329,136.574346
八束穂二丁目,ヤツカホ 2,YATSUKAHO 2,,36.484064,136.571862
八束穂三丁目,ヤツカホ 3,YATSUKAHO 3,,36.486087,136.570356
八ツ矢新町,ヤツヤシンチョウ,YATSUYASHINCHO,,36.529198,136.570211
柳原町,ヤナギハラマチ,YANAGIHARAMACHI,,36.333738,136.577501
八幡町,ヤワタマチ,YAWATAMACHI,,36.440945,136.641284
山島台一丁目,ヤマジマダイ 1,YAMAJIMADAI 1,,36.471387,136.580785
山島台二丁目,ヤマジマダイ 2,YAMAJIMADAI 2,,36.469468,136.579838
山島台三丁目,ヤマジマダイ 3,YAMAJIMADAI 3,,36.470316,136.578042
山島台四丁目,ヤマジマダイ 4,YAMAJIMADAI 4,,36.47081,136.576189
山島台五丁目,ヤマジマダイ 5,YAMAJIMADAI 5,,36.47152,136.574298
山島台六丁目,ヤマジマダイ 6,YAMAJIMADAI 6,,36.472719,136.576338
横江町,ヨコエマチ,YOKOEMACHI,,36.543908,136.586166
横町,ヨコマチ,YOKOMACHI,,36.524543,136.562097
吉田町,ヨシダマチ,YOSHIDAMACHI,,36.476632,136.571461
吉野,ヨシノ,YOSHINO,,36.357848,136.632265
四日市町,ヨッカイチマチ,YOKKAICHIMACHI,,36.522766,136.568368
四ツ屋町,ヨツヤマチ,YOTSUYAMACHI,,36.487371,136.542994
米永町,ヨネナガマチ,YONENAGAMACHI,,36.509467,136.542752
米光町,ヨネミツマチ,YONEMITSUMACHI,,36.493819,136.513659
寄新保町,ヨリシンボマチ,YORISHIMBOMACHI,,36.478356,136.561699
若原町,ワカバラマチ,WAKABARAMACHI,,36.384891,136.59362
若宮一丁目,ワカミヤ 1,WAKAMIYA 1,,36.520688,136.574043
若宮二丁目,ワカミヤ 2,WAKAMIYA 2,,36.520026,136.572105
若宮三丁目,ワカミヤ 3,WAKAMIYA 3,,36.518418,136.572901
渡津町,ワタヅマチ,WATAZUMACHI,,36.332108,136.611291
熱野町,ネツノマチ,NETSUNOMACHI,,36.492827,136.611026
陽羽里一丁目,ヒバリ 1,HIBARI 1,,36.492511,136.614032
曽谷町,ソダニマチ,SODANIMACHI,,36.486492,136.630159
陽羽里二丁目,ヒバリ 2,HIBARI 2,,36.494771,136.614249
八ツ矢町,ヤツヤマチ,YATSUYAMACHI,,36.527094,136.571736
東三番町,ヒガシサンバンチョウ,HIGASHISAMBANCHO,,36.525831,136.568482
殿町,トノマチ,TONOMACHI,,36.525251,136.567555
古城町,フルシロマチ,FURUSHIROMACHI,,36.524583,136.566606
中町,ナカマチ,NAKAMACHI,,36.522731,136.564885
東新町,ヒガシシンマチ,HIGASHISHIMMACHI,,36.523376,136.567632
八日市町,ヨウカイチマチ,YOKAICHIMACHI,,36.522756,136.567275
西新町,ニシシンマチ,NISHISHIMMACHI,,36.524866,136.564148
旭町,アサヒマチ,ASAHIMACHI,,36.527859,136.567925
中成一丁目,ナカナリ 1,NAKANARI 1,,36.525943,136.557377
新成一丁目,シンナリ 1,SHINNARI 1,,36.530028,136.557674
相木三丁目,アイノキ 3,AINOKI 3,,36.529788,136.561182
相木町,アイノキマチ,AINOKIMACHI,,36.532028,136.563618
相木二丁目,アイノキ 2,AINOKI 2,,36.527738,136.561359
相木一丁目,アイノキ 1,AINOKI 1,,36.528239,136.565328
菜の花一丁目,ナノハナ 1,NANOHANA 1,,36.510191,136.581097
菜の花二丁目,ナノハナ 2,NANOHANA 2,,36.511344,136.582077
菜の花三丁目,ナノハナ 3,NANOHANA 3,,36.512505,136.579874
湊町,ミナトマチ,MINATOMACHI,己,36.471041,136.468564
湊町,ミナトマチ,MINATOMACHI,井,36.480672,136.475087
湊町,ミナトマチ,MINATOMACHI,七号,36.46891,136.471689
湊町,ミナトマチ,MINATOMACHI,六号,36.470814,136.472315
湊町,ミナトマチ,MINATOMACHI,五号,36.471678,136.472866
湊町,ミナトマチ,MINATOMACHI,ソ,36.474175,136.473581
湊町,ミナトマチ,MINATOMACHI,乙,36.473118,136.474192
湊町,ミナトマチ,MINATOMACHI,丁,36.472197,136.473197
湊町,ミナトマチ,MINATOMACHI,ム,36.46814,136.474112
湊町,ミナトマチ,MINATOMACHI,レ,36.480184,136.475957
湊町,ミナトマチ,MINATOMACHI,三号,36.47482,136.47456
湊町,ミナトマチ,MINATOMACHI,二号,36.476236,136.475897
湊町,ミナトマチ,MINATOMACHI,四号,36.474464,136.475537
湊町,ミナトマチ,MINATOMACHI,カ,36.473058,136.475739
湊町,ミナトマチ,MINATOMACHI,一号,36.478287,136.47667
美川南町,ミカワミナミマチ,MIKAWA MINAMIMACHI,乙,36.484423,136.477362
湊町,ミナトマチ,MINATOMACHI,ヨ,36.479003,136.478246
湊町,ミナトマチ,MINATOMACHI,ヲ,36.475092,136.479037
湊町,ミナトマチ,MINATOMACHI,チ,36.473551,136.480208
美川永代町,ミカワエイタイマチ,MIKAWA EITAIMACHI,甲,36.489939,136.482237
美川中町,ミカワナカマチ,MIKAWA NAKAMACHI,ヲ,36.486599,136.483385
美川北町,ミカワキタマチ,MIKAWA KITAMACHI,ヲ,36.486973,136.482737
美川新町,ミカワシンマチ,MIKAWA SHIMMACHI,ヲ,36.487431,136.483394
美川永代町,ミカワエイタイマチ,MIKAWA EITAIMACHI,ヲ,36.488531,136.483208
美川南町,ミカワミナミマチ,MIKAWA MINAMIMACHI,ヌ,36.48579,136.484489
美川南町,ミカワミナミマチ,MIKAWA MINAMIMACHI,ヲ,36.486187,136.483409
美川和波町,ミカワワナミマチ,MIKAWA WANAMIMACHI,北,36.491412,136.487295
美川浜町,ミカワハママチ,MIKAWA HAMAMACHI,ヲ,36.488976,136.48382
美川神幸町,ミカワジンコウマチ,MIKAWA JINKOMACHI,ヲ,36.488488,136.483959
美川永代町,ミカワエイタイマチ,MIKAWA EITAIMACHI,ル,36.48762,136.485355
美川新町,ミカワシンマチ,MIKAWA SHIMMACHI,ル,36.487383,136.485365
美川北町,ミカワキタマチ,MIKAWA KITAMACHI,ル,36.486948,136.485527
美川中町,ミカワナカマチ,MIKAWA NAKAMACHI,ル,36.486672,136.48474
美川南町,ミカワミナミマチ,MIKAWA MINAMIMACHI,ル,36.486214,136.484555
美川浜町,ミカワハママチ,MIKAWA HAMAMACHI,ル,36.488998,136.485736
美川神幸町,ミカワジンコウマチ,MIKAWA JINKOMACHI,ル,36.488274,136.485517
美川今町,ミカワイママチ,MIKAWA IMAMACHI,ル,36.487818,136.485381
美川末広町,ミカワスエヒロマチ,MIKAWA SUEHIROMACHI,ル,36.489254,136.485801
美川和波町,ミカワワナミマチ,MIKAWA WANAMIMACHI,ル,36.489701,136.486115
美川南町,ミカワミナミマチ,MIKAWA MINAMIMACHI,ソ,36.486041,136.486247
美川中町,ミカワナカマチ,MIKAWA NAKAMACHI,ソ,36.486474,136.487968
美川本吉町,ミカワモトヨシマチ,MIKAWA MOTOYOSHIMACHI,子,36.481786,136.490936
平加町,ヒラカマチ,HIRAKAMACHI,ヌ,36.493213,136.489303
美川北町,ミカワキタマチ,MIKAWA KITAMACHI,ソ,36.486673,136.487895
美川今町,ミカワイママチ,MIKAWA IMAMACHI,ソ,36.487502,136.488002
美川神幸町,ミカワジンコウマチ,MIKAWA JINKOMACHI,ソ,36.488284,136.487999
美川浜町,ミカワハママチ,MIKAWA HAMAMACHI,ソ,36.488809,136.488131
美川末広町,ミカワスエヒロマチ,MIKAWA SUEHIROMACHI,ソ,36.489294,136.488112
美川本吉町,ミカワモトヨシマチ,MIKAWA MOTOYOSHIMACHI,丑,36.483371,136.489191
美川南町,ミカワミナミマチ,MIKAWA MINAMIMACHI,ハ,36.483881,136.487651
美川和波町,ミカワワナミマチ,MIKAWA WANAMIMACHI,ソ,36.489547,136.487318
美川新町,ミカワシンマチ,MIKAWA SHIMMACHI,ソ,36.487116,136.48796
美川永代町,ミカワエイタイマチ,MIKAWA EITAIMACHI,ソ,36.487477,136.486828
美川和波町,ミカワワナミマチ,MIKAWA WANAMIMACHI,カ,36.490732,136.48873
美川中町,ミカワナカマチ,MIKAWA NAKAMACHI,ロ,36.485907,136.491296
美川浜町,ミカワハママチ,MIKAWA HAMAMACHI,ヨ,36.490141,136.491848
美川末広町,ミカワスエヒロマチ,MIKAWA SUEHIROMACHI,ヨ,36.48968,136.489803
美川末広町,ミカワスエヒロマチ,MIKAWA SUEHIROMACHI,カ,36.489706,136.489168
平加町,ヒラカマチ,HIRAKAMACHI,ワ,36.494933,136.490908
美川新町,ミカワシンマチ,MIKAWA SHIMMACHI,レ,36.487281,136.489765
美川今町,ミカワイママチ,MIKAWA IMAMACHI,レ,36.487663,136.490136
美川北町,ミカワキタマチ,MIKAWA KITAMACHI,レ,36.487066,136.489909
美川神幸町,ミカワジンコウマチ,MIKAWA JINKOMACHI,レ,36.48794,136.48964
美川今町,ミカワイママチ,MIKAWA IMAMACHI,イ,36.487496,136.491071
美川中町,ミカワナカマチ,MIKAWA NAKAMACHI,イ,36.48821,136.493037
平加町,ヒラカマチ,HIRAKAMACHI,イ,36.492074,136.491972
平加町,ヒラカマチ,HIRAKAMACHI,リ,36.494896,136.492309
長屋町,チョウヤマチ,CHOYAMACHI,ホ,36.483716,136.494154
長屋町,チョウヤマチ,CHOYAMACHI,ニ,36.484144,136.495153
平加町,ヒラカマチ,HIRAKAMACHI,ハ,36.490507,136.496389
長屋町,チョウヤマチ,CHOYAMACHI,ハ,36.485107,136.49596
蓮池町,ハスイケマチ,HASUIKEMACHI,オ,36.501062,136.497631
長屋町,チョウヤマチ,CHOYAMACHI,ロ,36.487175,136.49561
蓮池町,ハスイケマチ,HASUIKEMACHI,エ,36.500348,136.498025
蓮池町,ハスイケマチ,HASUIKEMACHI,カ,36.502067,136.497093
手取町,テドリマチ,TEDORIMACHI,キ,36.487614,136.499287
手取町,テドリマチ,TEDORIMACHI,ケ,36.488935,136.49819
長屋町,チョウヤマチ,CHOYAMACHI,イ,36.485179,136.497558
長屋町,チョウヤマチ,CHOYAMACHI,ト,36.483453,136.497844
手取町,テドリマチ,TEDORIMACHI,カ,36.486477,136.500418
平加町,ヒラカマチ,HIRAKAMACHI,ニ,36.492345,136.499535
手取町,テドリマチ,TEDORIMACHI,コ,36.490282,136.500285
鹿島町,カシママチ,KASHIMAMACHI,ぬ,36.503989,136.500617
鹿島町,カシママチ,KASHIMAMACHI,リ,36.502921,136.499586
鹿島町,カシママチ,KASHIMAMACHI,一号,36.505009,136.501859
鹿島町,カシママチ,KASHIMAMACHI,ち,36.502446,136.500637
蓮池町,ハスイケマチ,HASUIKEMACHI,ア,36.500871,136.499613
井関町,イセキマチ,ISEKIMACHI,ヌ,36.490998,136.500956
西米光町,ニシヨネミツマチ,NISHIYONEMITSUMACHI,チ,36.493643,136.502323
西米光町,ニシヨネミツマチ,NISHIYONEMITSUMACHI,ト,36.494253,136.501485
長屋町,チョウヤマチ,CHOYAMACHI,リ,36.483446,136.5001
手取町,テドリマチ,TEDORIMACHI,ス,36.487142,136.502927
手取町,テドリマチ,TEDORIMACHI,オ,36.484068,136.502331
鹿島町,カシママチ,KASHIMAMACHI,い,36.503287,136.504202
末正町,スエマサマチ,SUEMASAMACHI,ヘ,36.483062,136.504275
西米光町,ニシヨネミツマチ,NISHIYONEMITSUMACHI,ロ,36.495246,136.50394
鹿島町,カシママチ,KASHIMAMACHI,ろ,36.504998,136.50443
手取町,テドリマチ,TEDORIMACHI,シ,36.489371,136.503744
手取町,テドリマチ,TEDORIMACHI,イ,36.48796,136.504013
鹿島町,カシママチ,KASHIMAMACHI,へ,36.50106,136.505456
井関町,イセキマチ,ISEKIMACHI,ト,36.48982,136.504387
手取町,テドリマチ,TEDORIMACHI,エ,36.48399,136.50474
末正町,スエマサマチ,SUEMASAMACHI,エ,36.482702,136.505581
西米光町,ニシヨネミツマチ,NISHIYONEMITSUMACHI,リ,36.494925,136.50525
西米光町,ニシヨネミツマチ,NISHIYONEMITSUMACHI,イ,36.495267,136.505954
末正町,スエマサマチ,SUEMASAMACHI,イ,36.481963,136.507538
末正町,スエマサマチ,SUEMASAMACHI,ト,36.483554,136.504803
鹿島町,カシママチ,KASHIMAMACHI,は,36.506165,136.507591
井関町,イセキマチ,ISEKIMACHI,ハ,36.489038,136.509082
鹿島町,カシママチ,KASHIMAMACHI,に,36.502367,136.507715
井関町,イセキマチ,ISEKIMACHI,ホ,36.490401,136.508822
井関町,イセキマチ,ISEKIMACHI,ニ,36.490168,136.510398
井関町,イセキマチ,ISEKIMACHI,イ,36.489559,136.510807
井関町,イセキマチ,ISEKIMACHI,ロ,36.489269,136.511106
中ノ郷町,ナカノゴウマチ,NAKANOGOMACHI,リ,36.483277,136.582624
中ノ郷町,ナカノゴウマチ,NAKANOGOMACHI,チ,36.486962,136.583526
大竹町,オオダケマチ,ODAKEMACHI,ト,36.469545,136.586503
中ノ郷町,ナカノゴウマチ,NAKANOGOMACHI,イ,36.48433,136.585779
中ノ郷町,ナカノゴウマチ,NAKANOGOMACHI,ヘ,36.4919,136.585762
日向町,ヒュウガマチ,HYUGAMACHI,ル,36.478743,136.587662
日向町,ヒュウガマチ,HYUGAMACHI,ヌ,36.482641,136.590567
中ノ郷町,ナカノゴウマチ,NAKANOGOMACHI,ロ,36.482608,136.588693
中ノ郷町,ナカノゴウマチ,NAKANOGOMACHI,ハ,36.483036,136.589336
明法島町,ミョウホウジママチ,MYOHOJIMAMACHI,甲,36.474164,136.590135
行町,アルキマチ,ARUKIMACHI,西,36.488746,136.590462
大竹町,オオダケマチ,ODAKEMACHI,ハ,36.470934,136.590545
大竹町,オオダケマチ,ODAKEMACHI,ロ,36.467896,136.593532
行町,アルキマチ,ARUKIMACHI,北,36.488992,136.591824
大竹町,オオダケマチ,ODAKEMACHI,イ,36.471681,136.592328
安養寺町,アンヨウジマチ,ANYOJIMACHI,ニ,36.495422,136.592209
行町,アルキマチ,ARUKIMACHI,イ,36.485658,136.591947
日向町,ヒュウガマチ,HYUGAMACHI,和,36.477876,136.594161
明法島町,ミョウホウジママチ,MYOHOJIMAMACHI,丁,36.47441,136.593037
行町,アルキマチ,ARUKIMACHI,ホ,36.485099,136.592897
森島町,モリジママチ,MORIJIMAMACHI,い,36.471155,136.597053
行町,アルキマチ,ARUKIMACHI,南,36.483364,136.592811
安養寺町,アンヨウジマチ,ANYOJIMACHI,ト,36.499321,136.59727
安養寺町,アンヨウジマチ,ANYOJIMACHI,イ,36.493811,136.595027
森島町,モリジママチ,MORIJIMAMACHI,う,36.467767,136.597983
安養寺町,アンヨウジマチ,ANYOJIMACHI,ハ,36.49138,136.594396
日向町,ヒュウガマチ,HYUGAMACHI,イ,36.481295,136.594323
七原町,シチハラマチ,SHICHIHARAMACHI,ロ,36.487045,136.597192
安養寺町,アンヨウジマチ,ANYOJIMACHI,ロ,36.491666,136.595763
日向町,ヒュウガマチ,HYUGAMACHI,ニ,36.476665,136.5963
日向町,ヒュウガマチ,HYUGAMACHI,ロ,36.483076,136.596397
日向町,ヒュウガマチ,HYUGAMACHI,ヘ,36.474433,136.595907
安養寺町,アンヨウジマチ,ANYOJIMACHI,ヘ,36.495519,136.596392
日向町,ヒュウガマチ,HYUGAMACHI,ホ,36.474553,136.598357
森島町,モリジママチ,MORIJIMAMACHI,以,36.468829,136.596287
森島町,モリジママチ,MORIJIMAMACHI,あ,36.471562,136.599692
森島町,モリジママチ,MORIJIMAMACHI,知,36.468494,136.598165
七原町,シチハラマチ,SHICHIHARAMACHI,イ,36.486304,136.598151
七原町,シチハラマチ,SHICHIHARAMACHI,チ,36.480873,136.598937
森島町,モリジママチ,MORIJIMAMACHI,奴,36.469076,136.597983
部入道町,ブニュウドウマチ,BUNYUDOMACHI,ヌ,36.497416,136.598762
柴木町,シバキマチ,SHIBAKIMACHI,丙,36.493669,136.599884
七原町,シチハラマチ,SHICHIHARAMACHI,リ,36.479682,136.599656
柴木町,シバキマチ,SHIBAKIMACHI,丁,36.491341,136.599141
七原町,シチハラマチ,SHICHIHARAMACHI,ト,36.486469,136.598959
知気寺町,チキジマチ,CHIKIJIMACHI,り,36.487602,136.600475
知気寺町,チキジマチ,CHIKIJIMACHI,に,36.481899,136.601016
七原町,シチハラマチ,SHICHIHARAMACHI,ヌ,36.476753,136.600512
知気寺町,チキジマチ,CHIKIJIMACHI,は,36.480319,136.600878
森島町,モリジママチ,MORIJIMAMACHI,利,36.467549,136.601169
井口町,イノクチマチ,INOKUCHIMACHI,ろ,36.47681,136.602485
柴木町,シバキマチ,SHIBAKIMACHI,乙,36.494196,136.603333
明島町,アカラジママチ,AKARAJIMAMACHI,西,36.465347,136.60473
井口町,イノクチマチ,INOKUCHIMACHI,に,36.472132,136.603168
柴木町,シバキマチ,SHIBAKIMACHI,甲,36.49152,136.602107
知気寺町,チキジマチ,CHIKIJIMACHI,ほ,36.48099,136.603266
井口町,イノクチマチ,INOKUCHIMACHI,南,36.474776,136.60379
井口町,イノクチマチ,INOKUCHIMACHI,北,36.475537,136.603858
知気寺町,チキジマチ,CHIKIJIMACHI,と,36.487323,136.602746
明島町,アカラジママチ,AKARAJIMAMACHI,山,36.458206,136.608978
井口町,イノクチマチ,INOKUCHIMACHI,い,36.476007,136.603442
知気寺町,チキジマチ,CHIKIJIMACHI,へ,36.48249,136.60586
部入道町,ブニュウドウマチ,BUNYUDOMACHI,チ,36.496196,136.604394
明島町,アカラジママチ,AKARAJIMAMACHI,ヤ,36.459508,136.605574
部入道町,ブニュウドウマチ,BUNYUDOMACHI,ル,36.496904,136.604124
部入道町,ブニュウドウマチ,BUNYUDOMACHI,ヘ,36.490828,136.605412
荒屋町,アラヤマチ,ARAYAMACHI,と,36.489122,136.606841
部入道町,ブニュウドウマチ,BUNYUDOMACHI,ロ,36.497683,136.606438
知気寺町,チキジマチ,CHIKIJIMACHI,ぬ,36.48748,136.605082
明島町,アカラジママチ,AKARAJIMAMACHI,タ,36.465233,136.606065
部入道町,ブニュウドウマチ,BUNYUDOMACHI,ト,36.493645,136.605382
部入道町,ブニュウドウマチ,BUNYUDOMACHI,ホ,36.492071,136.606795
部入道町,ブニュウドウマチ,BUNYUDOMACHI,ハ,36.496408,136.605784
井口町,イノクチマチ,INOKUCHIMACHI,は,36.474748,136.606491
荒屋町,アラヤマチ,ARAYAMACHI,に,36.482355,136.607523
明島町,アカラジママチ,AKARAJIMAMACHI,中,36.463399,136.610155
知気寺町,チキジマチ,CHIKIJIMACHI,い,36.478825,136.607573
道法寺町,ドウホウジマチ,DOHOJIMACHI,ロ,36.489164,136.609843
明島町,アカラジママチ,AKARAJIMAMACHI,ウ,36.459715,136.606999
部入道町,ブニュウドウマチ,BUNYUDOMACHI,イ,36.498322,136.607529
日御子町,ヒノミコマチ,HINOMIKOMACHI,イ,36.471319,136.608057
明島町,アカラジママチ,AKARAJIMAMACHI,ム,36.460306,136.607905
日御子町,ヒノミコマチ,HINOMIKOMACHI,ハ,36.469852,136.60918
荒屋町,アラヤマチ,ARAYAMACHI,ほ,36.483739,136.608626
明島町,アカラジママチ,AKARAJIMAMACHI,ヨ,36.463317,136.608698
荒屋町,アラヤマチ,ARAYAMACHI,は,36.480928,136.609311
熱野町,ネツノマチ,NETSUNOMACHI,ニ,36.494742,136.609888
熱野町,ネツノマチ,NETSUNOMACHI,ロ,36.4917,136.610273
日御子町,ヒノミコマチ,HINOMIKOMACHI,ロ,36.471194,136.60964
道法寺町,ドウホウジマチ,DOHOJIMACHI,ハ,36.485667,136.61252
日御子町,ヒノミコマチ,HINOMIKOMACHI,ニ,36.467148,136.610762
道法寺町,ドウホウジマチ,DOHOJIMACHI,ト,36.483149,136.61086
道法寺町,ドウホウジマチ,DOHOJIMACHI,レ,36.480992,136.611107
道法寺町,ドウホウジマチ,DOHOJIMACHI,ヘ,36.482304,136.611737
道法寺町,ドウホウジマチ,DOHOJIMACHI,ニ,36.48716,136.612134
熱野町,ネツノマチ,NETSUNOMACHI,ハ,36.494451,136.611696
道法寺町,ドウホウジマチ,DOHOJIMACHI,ホ,36.484649,136.612705
小柳町,オヤナギマチ,OYANAGIMACHI,ろ,36.470565,136.616912
道法寺町,ドウホウジマチ,DOHOJIMACHI,イ,36.488635,136.612545
小柳町,オヤナギマチ,OYANAGIMACHI,ホ,36.471845,136.613636
熱野町,ネツノマチ,NETSUNOMACHI,甲,36.492953,136.612434
熱野町,ネツノマチ,NETSUNOMACHI,イ,36.491772,136.612876
明島町,アカラジママチ,AKARAJIMAMACHI,リ,36.462877,136.612851
明島町,アカラジママチ,AKARAJIMAMACHI,春,36.461073,136.612899
日御子町,ヒノミコマチ,HINOMIKOMACHI,ホ,36.464646,136.614661
明島町,アカラジママチ,AKARAJIMAMACHI,ヌ,36.462572,136.613001
道法寺町,ドウホウジマチ,DOHOJIMACHI,ソ,36.479344,136.612988
熱野町,ネツノマチ,NETSUNOMACHI,丙,36.493278,136.612527
道法寺町,ドウホウジマチ,DOHOJIMACHI,ツ,36.476951,136.61376
坂尻町,サカジリマチ,SAKAJIRIMACHI,ロ,36.483971,136.614512
坂尻町,サカジリマチ,SAKAJIRIMACHI,ヘ,36.482917,136.614918
坂尻町,サカジリマチ,SAKAJIRIMACHI,イ,36.476915,136.615219
曽谷町,ソダニマチ,SODANIMACHI,ニ,36.488492,136.615069
曽谷町,ソダニマチ,SODANIMACHI,ハ,36.489824,136.615295
坂尻町,サカジリマチ,SAKAJIRIMACHI,ホ,36.484374,136.616773
坂尻町,サカジリマチ,SAKAJIRIMACHI,ハ,36.485905,136.616345
坂尻町,サカジリマチ,SAKAJIRIMACHI,ヌ,36.482708,136.615952
坂尻町,サカジリマチ,SAKAJIRIMACHI,ル,36.481143,136.620684
曽谷町,ソダニマチ,SODANIMACHI,イ,36.490155,136.617433
坂尻町,サカジリマチ,SAKAJIRIMACHI,ト,36.477745,136.616182
小柳町,オヤナギマチ,OYANAGIMACHI,ト,36.47371,136.61626
小柳町,オヤナギマチ,OYANAGIMACHI,ヘ,36.472414,136.616703
曽谷町,ソダニマチ,SODANIMACHI,ロ,36.490857,136.618488
月橋町,ツキハシマチ,TSUKIHASHIMACHI,チ,36.469361,136.618371
鶴来大国町,ツルギオオクニマチ,TSURUGI OKUNIMACHI,ロ,36.454587,136.619449
月橋町,ツキハシマチ,TSUKIHASHIMACHI,ト,36.467884,136.618638
曽谷町,ソダニマチ,SODANIMACHI,チ,36.493466,136.619057
曽谷町,ソダニマチ,SODANIMACHI,ホ,36.489575,136.618599
鶴来大国町,ツルギオオクニマチ,TSURUGI OKUNIMACHI,西,36.451889,136.621644
月橋町,ツキハシマチ,TSUKIHASHIMACHI,ニ,36.460258,136.621004
月橋町,ツキハシマチ,TSUKIHASHIMACHI,リ,36.464713,136.622797
月橋町,ツキハシマチ,TSUKIHASHIMACHI,ヌ,36.461852,136.622757
月橋町,ツキハシマチ,TSUKIHASHIMACHI,ル,36.460094,136.623782
鶴来大国町,ツルギオオクニマチ,TSURUGI OKUNIMACHI,ホ,36.450582,136.621809
鶴来大国町,ツルギオオクニマチ,TSURUGI OKUNIMACHI,ヘ,36.449956,136.624096
鶴来大国町,ツルギオオクニマチ,TSURUGI OKUNIMACHI,マ,36.448906,136.624457
鶴来水戸町,ツルギミトマチ,TSURUGI MITOMACHI,ヤ,36.446708,136.624554
鶴来水戸町,ツルギミトマチ,TSURUGI MITOMACHI,ネ,36.444114,136.626765
鶴来古町,ツルギフルマチ,TSURUGI FURUMACHI,ヲ,36.44922,136.625641
鶴来古町,ツルギフルマチ,TSURUGI FURUMACHI,ワ,36.447942,136.625739
鶴来古町,ツルギフルマチ,TSURUGI FURUMACHI,ツ,36.446169,136.626165
鶴来知守町,ツルギチモリチョウ,TSURUGI CHIMORICHO,ヌ,36.452031,136.626764
鶴来知守町,ツルギチモリチョウ,TSURUGI CHIMORICHO,ル,36.450312,136.627799
鶴来下東町,ツルギシモヒガシマチ,TSURUGI SHIMOHIGASHIMACHI,ル,36.449298,136.627294
鶴来下東町,ツルギシモヒガシマチ,TSURUGI SHIMOHIGASHIMACHI,カ,36.448378,136.627668
鶴来新町,ツルギシンマチ,TSURUGI SHIMMACHI,ソ,36.444883,136.628529
鶴来新町,ツルギシンマチ,TSURUGI SHIMMACHI,ツ,36.444134,136.628264
鶴来知守町,ツルギチモリチョウ,TSURUGI CHIMORICHO,カ,36.44931,136.62812
鶴来上東町,ツルギカミヒガシマチ,TSURUGI KAMIHIGASHIMACHI,カ,36.447169,136.628636
鶴来新町,ツルギシンマチ,TSURUGI SHIMMACHI,レ,36.445254,136.629073
鶴来日詰町,ツルギヒヅメチョウ,TSURUGI HIZUMECHO,カ,36.448886,136.62846
鶴来清沢町,ツルギセイサワマチ,TSURUGI SEISAWAMACHI,ヨ,36.44747,136.629727
鶴来上東町,ツルギカミヒガシマチ,TSURUGI KAMIHIGASHIMACHI,ヨ,36.447599,136.629188
鶴来今町,ツルギイママチ,TSURUGI IMAMACHI,ツ,36.442349,136.629977
鶴来新町,ツルギシンマチ,TSURUGI SHIMMACHI,タ,36.445554,136.630481
鶴来今町,ツルギイママチ,TSURUGI IMAMACHI,レ,36.442428,136.630466
鶴来今町,ツルギイママチ,TSURUGI IMAMACHI,タ,36.443083,136.630829
鶴来清沢町,ツルギセイサワマチ,TSURUGI SEISAWAMACHI,タ,36.446201,136.630426
白山町,シラヤママチ,SHIRAYAMAMACHI,タ,36.432395,136.632981
鶴来日吉町,ツルギヒヨシマチ,TSURUGI HIYOSHIMACHI,ハ,36.446011,136.63399
白山町,シラヤママチ,SHIRAYAMAMACHI,へ,36.423531,136.632439
鶴来日吉町,ツルギヒヨシマチ,TSURUGI HIYOSHIMACHI,イ,36.446628,136.631418
白山町,シラヤママチ,SHIRAYAMAMACHI,レ,36.437455,136.633947
白山町,シラヤママチ,SHIRAYAMAMACHI,ロ,36.429302,136.632924
白山町,シラヤママチ,SHIRAYAMAMACHI,ヨ,36.430256,136.634108
白山町,シラヤママチ,SHIRAYAMAMACHI,カ,36.428556,136.634126
鶴来日吉町,ツルギヒヨシマチ,TSURUGI HIYOSHIMACHI,ロ,36.445358,136.635559
白山町,シラヤママチ,SHIRAYAMAMACHI,開,36.427168,136.634271
白山町,シラヤママチ,SHIRAYAMAMACHI,ソ,36.433214,136.634531
八幡町,ヤワタマチ,YAWATAMACHI,イ,36.441559,136.634711
鶴来日吉町,ツルギヒヨシマチ,TSURUGI HIYOSHIMACHI,ニ,36.446317,136.63713
白山町,シラヤママチ,SHIRAYAMAMACHI,子,36.429383,136.635243
八幡町,ヤワタマチ,YAWATAMACHI,ヲ,36.439861,136.63593
八幡町,ヤワタマチ,YAWATAMACHI,ル,36.437945,136.63717
八幡町,ヤワタマチ,YAWATAMACHI,ワ,36.441062,136.637667
三宮町,サンノミヤマチ,SANNOMIYAMACHI,イ,36.435778,136.637995
三宮町,サンノミヤマチ,SANNOMIYAMACHI,ホ,36.434077,136.63983
三宮町,サンノミヤマチ,SANNOMIYAMACHI,ニ,36.435133,136.638254
八幡町,ヤワタマチ,YAWATAMACHI,リ,36.439336,136.639098
八幡町,ヤワタマチ,YAWATAMACHI,ヌ,36.437187,136.640503
美川浜町,ミカワハママチ,MIKAWA HAMAMACHI,タ,36.48901,136.492245
美川神幸町,ミカワジンコウマチ,MIKAWA JINKOMACHI,タ,36.488278,136.490219
行町,アルキマチ,ARUKIMACHI,東,36.48344,136.593915
日御子町,ヒノミコマチ,HINOMIKOMACHI,ヘ,36.463658,136.616095
平加町,ヒラカマチ,HIRAKAMACHI,ヘ,36.496008,136.495236
平加町,ヒラカマチ,HIRAKAMACHI,チ,36.496622,136.494069
平加町,ヒラカマチ,HIRAKAMACHI,ホ,36.493737,136.492471
平加町,ヒラカマチ,HIRAKAMACHI,ル,36.492276,136.48991
美川和波町,ミカワワナミマチ,MIKAWA WANAMIMACHI,ワ,36.490467,136.484248
蓮池町,ハスイケマチ,HASUIKEMACHI,ホ,36.500887,136.498197
井関町,イセキマチ,ISEKIMACHI,ヘ,36.48988,136.508276
手取町,テドリマチ,TEDORIMACHI,ウ,36.486754,136.505389
手取町,テドリマチ,TEDORIMACHI,サ,36.488757,136.501641
手取町,テドリマチ,TEDORIMACHI,ク,36.488076,136.497825
美川南町,ミカワミナミマチ,MIKAWA MINAMIMACHI,ヘ,36.485546,136.486958
美川南町,ミカワミナミマチ,MIKAWA MINAMIMACHI,ロ,36.485152,136.487665
美川南町,ミカワミナミマチ,MIKAWA MINAMIMACHI,ト,36.485264,136.487122
湊町,ミナトマチ,MINATOMACHI,ラ,36.467074,136.472502
湊町,ミナトマチ,MINATOMACHI,子,36.472844,136.469397
湊町,ミナトマチ,MINATOMACHI,丙,36.471632,136.471547
湊町,ミナトマチ,MINATOMACHI,ワ,36.476287,136.478864
湊町,ミナトマチ,MINATOMACHI,タ,36.482314,136.479037
美川中町,ミカワナカマチ,MIKAWA NAKAMACHI,ヘ,36.486051,136.487512
美川中町,ミカワナカマチ,MIKAWA NAKAMACHI,ニ,36.486504,136.490394
美川中町,ミカワナカマチ,MIKAWA NAKAMACHI,レ,36.486731,136.489918
白山町,シラヤママチ,SHIRAYAMAMACHI,ヲ,36.428583,136.635371
八幡町,ヤワタマチ,YAWATAMACHI,亥,36.44187,136.632211
八幡町,ヤワタマチ,YAWATAMACHI,戌,36.444161,136.632647
鶴来今町,ツルギイママチ,TSURUGI IMAMACHI,ソ,36.443734,136.629645
長屋町,チョウヤマチ,CHOYAMACHI,ル,36.483562,136.496422
曽谷町,ソダニマチ,SODANIMACHI,カ,36.484023,136.631732
曽谷町,ソダニマチ,SODANIMACHI,ヘ,36.490511,136.619521
曽谷町,ソダニマチ,SODANIMACHI,ソ,36.49317,136.620511
坂尻町,サカジリマチ,SAKAJIRIMACHI,ニ,36.486515,136.620277
小柳町,オヤナギマチ,OYANAGIMACHI,ヌ,36.476283,136.616068
鶴来水戸町,ツルギミトマチ,TSURUGI MITOMACHI,ノ,36.44807,136.622344
七原町,シチハラマチ,SHICHIHARAMACHI,ホ,36.486939,136.596779
知気寺町,チキジマチ,CHIKIJIMACHI,ち,36.485363,136.600095
森島町,モリジママチ,MORIJIMAMACHI,和,36.471036,136.597971
鶴来古町,ツルギフルマチ,TSURUGI FURUMACHI,ヤ,36.447155,136.625591
鶴来日詰町,ツルギヒヅメチョウ,TSURUGI HIZUMECHO,ヨ,36.448575,136.629755
鶴来日詰町,ツルギヒヅメチョウ,TSURUGI HIZUMECHO,午,36.44949,136.630362
鶴来知守町,ツルギチモリチョウ,TSURUGI CHIMORICHO,ケ,36.450949,136.628148
鶴来日詰町,ツルギヒヅメチョウ,TSURUGI HIZUMECHO,巳,36.451164,136.631875
日向町,ヒュウガマチ,HYUGAMACHI,ト,36.476998,136.594181
曽谷町,ソダニマチ,SODANIMACHI,ト,36.493724,136.620637
鶴来大国町,ツルギオオクニマチ,TSURUGI OKUNIMACHI,ニ,36.452956,136.622965
鶴来大国町,ツルギオオクニマチ,TSURUGI OKUNIMACHI,ク,36.448877,136.623272
鶴来水戸町,ツルギミトマチ,TSURUGI MITOMACHI,ク,36.448478,136.62269
