name,name_kana,name_romaji,nickname,latitude,longitude
在田町,アイダチョウ,AIDACHO,,35.994514,136.146607
赤坂町,アカサカチョウ,AKASAKACHO,,35.999336,135.989078
赤谷町,アカダニチョウ,AKADANICHO,,35.963444,136.335967
明里町,アカリチョウ,AKARICHO,,36.060895,136.199152
朝谷町,アサダニチョウ,ASADANICHO,,35.99879,136.351973
朝宮町,アサミヤチョウ,ASAMIYACHO,,36.036058,136.176828
足谷町,アシタニチョウ,ASHITANICHO,,36.075854,136.108162
味見河内町,アジミコウチチョウ,AJIMIKOCHICHO,,35.937921,136.447817
足羽一丁目,アスワ 1,ASUWA 1,,36.059357,136.209421
足羽二丁目,アスワ 2,ASUWA 2,,36.060399,136.205262
足羽三丁目,アスワ 3,ASUWA 3,,36.057761,136.205192
足羽四丁目,アスワ 4,ASUWA 4,,36.05588,136.201887
足羽五丁目,アスワ 5,ASUWA 5,,36.057459,136.19943
足羽上町,アスワカミチョウ,ASUWAKAMICHO,,36.055235,136.207431
浅水三ケ町,アソウズサンガチョウ,ASOZUSANGACHO,,36.002987,136.202137
浅水町,アソウズチョウ,ASOZUCHO,,36.006347,136.199473
浅水二日町,アソウズフツカマチ,ASOZUFUTSUKAMACHI,,36.001975,136.197951
網戸瀬町,アドセチョウ,ADOSECHO,,36.105751,136.201204
安波賀町,アバカチョウ,ABAKACHO,,36.01009,136.300354
安波賀中島町,アバカナカジマチョウ,ABAKANAKAJIMACHO,,36.015112,136.296343
安保町,アボチョウ,ABOCHO,,36.009301,136.197946
天池町,アマイケチョウ,AMAIKECHO,,36.10803,136.216026
尼ケ谷町,アマガタニチョウ,AMAGATANICHO,,36.013085,136.036241
天菅生町,アマスゴウチョウ,AMASUGOCHO,,36.122816,136.169331
鮎川町,アユカワチョウ,AYUKAWACHO,,36.090976,136.038863
荒木新保町,アラキシンボチョウ,ARAKISHIMBOCHO,,36.034073,136.266646
荒木町,アラキチョウ,ARAKICHO,,36.039727,136.266929
荒木別所町,アラキベッシヨチョウ,ARAKIBESSHIYOCHO,,36.04582,136.264219
荒谷町,アラタニチョウ,ARATANICHO,,36.109971,136.123395
飯塚町,イイヅカチョウ,IIZUKACHO,,36.06376,136.181315
幾久町,イクヒサチョウ,IKUHISACHO,,36.082265,136.226476
幾代二丁目,イクヨ 2,IKUYO 2,,36.087933,136.225994
居倉町,イクラチョウ,IKURACHO,,36.006354,135.987576
池尻町,イケノシリチョウ,IKENOSHIRICHO,,36.150436,136.151667
生部町,イケブチョウ,IKEBUCHO,,35.99101,136.249157
石新保町,イシシンボチョウ,ISHISHIMBOCHO,,36.156613,136.105099
石橋町,イシバシチョウ,ISHIBASHICHO,,36.151573,136.101277
石畠町,イシバタケチョウ,ISHIBATAKECHO,,36.136542,136.122146
石盛町,イシモリチョウ,ISHIMORICHO,,36.116846,136.227768
泉田町,イズミダチョウ,IZUMIDACHO,,36.09441,136.270089
板垣一丁目,イタガキ 1,ITAGAKI 1,,36.050678,136.228989
板垣二丁目,イタガキ 2,ITAGAKI 2,,36.048312,136.229507
板垣三丁目,イタガキ 3,ITAGAKI 3,,36.046209,136.233162
板垣四丁目,イタガキ 4,ITAGAKI 4,,36.045666,136.229263
板垣五丁目,イタガキ 5,ITAGAKI 5,,36.04386,136.229717
板垣町,イタガキチョウ,ITAGAKICHO,,36.051872,136.229141
一王寺町,イチオウジチョウ,ICHIOJICHO,,36.097381,136.134327
市波町,イチナミチョウ,ICHINAMICHO,,36.013177,136.327263
市ノ瀬町,イチノセチョウ,ICHINOSECHO,,36.129311,136.106495
一本木町,イッポンギチョウ,IPPONGICHO,,36.05286,136.225995
糸崎町,イトサキチョウ,ITOSAKICHO,,36.117652,136.06216
稲多新町,イナダシンマチ,INADA SHIMMACHI,,36.102459,136.22369
稲多浜町,イナダハママチ,INADA HAMAMACHI,,36.101141,136.224153
稲多元町,イナダモトマチ,INADA MOTOMACHI,,36.102139,136.225606
稲津町,イナヅチョウ,INAZUCHO,,36.027967,136.25824
今泉町,イマイズミチョウ,IMAIZUMICHO,,36.06646,136.262051
今市町,イマイチチョウ,IMAICHICHO,,36.014729,136.203628
岩倉町,イワクラチョウ,IWAKURACHO,,36.004359,136.260477
印田町,インデンチョウ,INDENCHO,,36.055814,136.261062
上野町,ウエノチョウ,UENOCHO,,36.138867,136.148075
上野本町,ウエノホンマチ,UENOHOMMACHI,,36.111799,136.242438
上野本町新,ウエノホンマチシン,UENOHOMMACHISHIN,,36.114599,136.239759
上伏町,ウエブセチョウ,UEBUSECHO,,36.09393,136.190933
宇坂大谷町,ウサカオオタニチョウ,USAKAOTANICHO,,36.041562,136.334051
宇坂別所町,ウサカベッショチョウ,USAKABESSHOCHO,,36.000213,136.330277
羽水一丁目,ウスイ 1,USUI 1,,36.042139,136.229742
羽水二丁目,ウスイ 2,USUI 2,,36.039634,136.229069
羽水三丁目,ウスイ 3,USUI 3,,36.037639,136.229243
獺ケ口町,ウソガグチチョウ,USOGAGUCHICHO,,36.021306,136.361088
謡谷町,ウタイダニチョウ,UTAIDANICHO,,36.040556,136.036197
内山梨子町,ウチヤマナシチョウ,UCHIYAMANASHICHO,,36.132264,136.156158
馬垣町,ウマガキチョウ,UMAGAKICHO,,36.047101,136.236788
漆原町,,,,36.111784,136.25218
運動公園一丁目,ウンドウコウエン 1,UNDOKOEN 1,,36.052698,136.180033
運動公園二丁目,ウンドウコウエン 2,UNDOKOEN 2,,36.04834,136.179635
運動公園三丁目,ウンドウコウエン 3,UNDOKOEN 3,,36.054951,136.177285
運動公園四丁目,ウンドウコウエン 4,UNDOKOEN 4,,36.052428,136.177999
江上町,エガミチョウ,EGAMICHO,,36.133421,136.173997
江尻ケ丘町,エジリガオカチョウ,EJIRIGAOKACHO,,35.992736,136.187593
江端町,エバタチョウ,EBATACHO,,36.028836,136.212236
海老助町,エビスケチョウ,EBISUKECHO,,36.089941,136.193374
江守中一丁目,エモリナカ 1,EMORINAKA 1,,36.035204,136.195398
江守中二丁目,エモリナカ 2,EMORINAKA 2,,36.037547,136.195944
江守中町,エモリナカチョウ,EMORINAKACHO,,36.034837,136.200208
江守の里一丁目,エモリノサト 1,EMORINOSATO 1,,36.030781,136.182588
江守の里二丁目,エモリノサト 2,EMORINOSATO 2,,36.027447,136.180632
円山一丁目,エンザン 1,ENZAN 1,,36.071145,136.245785
円成寺町,エンジョウジチョウ,ENJOJICHO,,36.019011,136.254672
大窪町,オオクボチョウ,OKUBOCHO,,36.137694,136.079945
大久保町,オオクボチョウ,OKUBOCHO,,36.025502,136.348832
大島町,オオシマチョウ,OSHIMACHO,,36.030646,136.208729
大瀬町,オオセチョウ,OSECHO,,36.072259,136.183843
太田町,オオタチョウ,OTACHO,,36.009538,136.231797
大谷町,オオタニチョウ,OTANICHO,,36.130461,136.133515
大手一丁目,オオテ 1,OTE 1,,36.065828,136.227056
大手二丁目,オオテ 2,OTE 2,,36.064506,136.224573
大手三丁目,オオテ 3,OTE 3,,36.0649,136.219363
大年町,オオトシチョウ,OTOSHICHO,,36.111849,136.151201
大土呂町,オオドロチョウ,ODOROCHO,,36.013284,136.211527
大町,オオマチ,OMACHI,,36.032047,136.220479
大町一丁目,オオマチ 1,OMACHI 1,,36.035914,136.219276
大町二丁目,オオマチ 2,OMACHI 2,,36.03517,136.221711
大味町,オオミチョウ,OMICHO,,36.049778,136.021213
大宮一丁目,オオミヤ 1,OMIYA 1,,36.082838,136.225446
大宮二丁目,オオミヤ 2,OMIYA 2,,36.081989,136.219666
大宮三丁目,オオミヤ 3,OMIYA 3,,36.08151,136.212427
大宮四丁目,オオミヤ 4,OMIYA 4,,36.081368,136.207602
大宮五丁目,オオミヤ 5,OMIYA 5,,36.080903,136.204177
大宮六丁目,オオミヤ 6,OMIYA 6,,36.080337,136.19973
大宮町,オオミヤチョウ,OMIYACHO,,36.002537,136.414722
大村町,オオムラチョウ,OMURACHO,,35.997459,136.244363
大森町,オオモリチョウ,OMORICHO,,36.024538,136.126373
大矢町,オオヤチョウ,OYACHO,,36.03106,136.047583
大和田一丁目,オオワダ 1,OWADA 1,,36.09203,136.248464
大和田二丁目,オオワダ 2,OWADA 2,,36.09696,136.250196
大和田町,オオワダチョウ,OWADACHO,,36.096373,136.25609
岡西谷町,オカニシタニチョウ,OKANISHITANICHO,,36.03774,136.275395
奥平町,オクダイラチョウ,OKUDAIRACHO,,36.079924,136.098091
恐神町,オソガミチョウ,OSOGAMICHO,,36.071407,136.161766
小当見町,オトミチョウ,OTOMICHO,,35.963296,136.404146
大丹生町,オニュウチョウ,ONYUCHO,,36.069714,136.041394
大畑町,オバタケチョウ,OBATAKECHO,,36.050044,136.284234
小羽町,オバチョウ,OBACHO,,36.032069,136.14113
小山谷町,オヤマダニチョウ,OYAMADANICHO,,36.054685,136.196906
折立町,オリタテチョウ,ORITATECHO,,35.942782,136.341966
開発一丁目,カイホツ 1,KAIHOTSU 1,,36.076598,136.240879
開発二丁目,カイホツ 2,KAIHOTSU 2,,36.078433,136.241206
開発三丁目,カイホツ 3,KAIHOTSU 3,,36.080416,136.241652
開発四丁目,カイホツ 4,KAIHOTSU 4,,36.08286,136.237902
開発五丁目,カイホツ 5,KAIHOTSU 5,,36.086132,136.241781
開発町,カイホツチョウ,KAIHOTSUCHO,,36.08367,136.242884
柿谷町,カキダニチョウ,KAKIDANICHO,,36.08937,136.151278
学園一丁目,ガクエン 1,GAKUEN 1,,36.069807,136.201798
学園二丁目,ガクエン 2,GAKUEN 2,,36.06986,136.199052
学園三丁目,ガクエン 3,GAKUEN 3,,36.06955,136.196044
花月一丁目,カゲツ 1,KAGETSU 1,,36.069165,136.211369
花月二丁目,カゲツ 2,KAGETSU 2,,36.069315,136.209459
花月三丁目,カゲツ 3,KAGETSU 3,,36.069456,136.207635
花月四丁目,カゲツ 4,KAGETSU 4,,36.069574,136.205731
花月五丁目,カゲツ 5,KAGETSU 5,,36.069734,136.203853
篭谷町,カゴヤチョウ,KAGOYACHO,,36.026754,136.388178
風尾町,カザオチョウ,KAZAOCHO,,36.036412,136.045414
風巻町,カザマキチョウ,KAZAMAKICHO,,36.027481,136.142542
主計中町,カズエナカチョウ,KAZUENAKACHO,,36.00084,136.206561
春日一丁目,カスガ 1,KASUGA 1,,36.05351,136.219907
春日二丁目,カスガ 2,KASUGA 2,,36.05155,136.219313
春日三丁目,カスガ 3,KASUGA 3,,36.050942,136.22448
春日町,カスガチョウ,KASUGACHO,,36.050202,136.219722
片粕町,カタカスチョウ,KATAKASUCHO,,36.049166,136.164162
片山町,カタヤマチョウ,KATAYAMACHO,,36.025293,136.166402
勝見一丁目,カツミ 1,KATSUMI 1,,36.055361,136.224959
勝見二丁目,カツミ 2,KATSUMI 2,,36.055296,136.22873
勝見三丁目,カツミ 3,KATSUMI 3,,36.053209,136.232745
鹿俣町,カナマタチョウ,KANAMATACHO,,35.983613,136.279618
金屋町,カナヤチョウ,KANAYACHO,,36.074677,136.168265
上莇生田町,カミアゾウダチョウ,KAMIAZODACHO,,36.023678,136.233364
上一光町,カミイカリチョウ,KAMIIKARICHO,,36.064588,136.09382
上江尻町,カミエジリチョウ,KAMIEJIRICHO,,35.99149,136.190058
上北野一丁目,カミキタノ 1,KAMIKITANO 1,,36.061821,136.250516
上北野二丁目,カミキタノ 2,KAMIKITANO 2,,36.059253,136.249243
上河北町,カミコギタチョウ,KAMIKOGITACHO,,36.015791,136.233598
上天下町,カミテガチョウ,KAMITEGACHO,,36.036982,136.134959
上東郷町,カミトウゴウチョウ,KAMITOGOCHO,,36.013368,136.258596
上中町,カミナカチョウ,KAMINAKACHO,,36.083263,136.268757
上毘沙門町,カミビシャモンチョウ,KAMIBISHAMONCHO,,36.019628,136.277745
上細江町,カミホソエチョウ,KAMIHOSOECHO,,36.01578,136.247411
上森田一丁目,カミモリダ 1,KAMIMORIDA 1,,36.113589,136.226528
上森田二丁目,カミモリダ 2,KAMIMORIDA 2,,36.112757,136.229781
上森田三丁目,カミモリダ 3,KAMIMORIDA 3,,36.111849,136.231945
上森田四丁目,カミモリダ 4,KAMIMORIDA 4,,36.111773,136.233991
上森田五丁目,カミモリダ 5,KAMIMORIDA 5,,36.108788,136.235041
上森田町,カミモリダチョウ,KAMIMORIDACHO,,36.114112,136.23365
上六条町,カミロクジョウチョウ,KAMIROKUJOCHO,,36.026756,136.246625
加茂内町,カモウチチョウ,KAMOCHICHO,,36.019024,136.111126
加茂河原一丁目,カモガワラ 1,KAMOGAWARA 1,,36.061044,136.196356
加茂河原二丁目,カモガワラ 2,KAMOGAWARA 2,,36.061913,136.194261
加茂河原三丁目,カモガワラ 3,KAMOGAWARA 3,,36.063043,136.191893
加茂河原四丁目,カモガワラ 4,KAMOGAWARA 4,,36.05941,136.19328
加茂河原町,カモガワラチョウ,KAMOGAWARACHO,,36.05562,136.193589
加茂町,カモチョウ,KAMOCHO,,36.020598,136.116095
加茂緑苑町,カモリョクエンチョウ,KAMORYOKUENCHO,,36.05366,136.192013
河合勝見町,カワイカツミチョウ,KAWAI KATSUMICHO,,36.110642,136.198015
河合寄安町,カワイヨリヤスチョウ,KAWAI YORIYASUCHO,,36.12029,136.250314
川合鷲塚町,カワイワシヅカチョウ,KAWAI WASHIZUKACHO,,36.117762,136.204864
川尻町,カワシリチョウ,KAWASHIRICHO,,36.123647,136.090785
神当部町,カントベチョウ,KANTOBECHO,,35.957277,136.439129
岸水町,キシミズチョウ,KISHIMIZUCHO,,36.114214,136.169757
木田一丁目,キダ 1,KIDA 1,,36.048168,136.223391
木田二丁目,キダ 2,KIDA 2,,36.046082,136.22423
木田三丁目,キダ 3,KIDA 3,,36.042501,136.224861
北今泉町,キタイマイズミチョウ,KITAIMAIZUMICHO,,36.071099,136.25838
北菅生町,キタスゴウチョウ,KITASUGOCHO,,36.106634,136.052125
木田町,キダチョウ,KIDACHO,,36.046657,136.219949
北楢原町,キタナラハラチョウ,KITANARAHARACHO,,36.101562,136.174885
北野上町,キタノカミチョウ,KITANOKAMICHO,,36.099745,136.276146
北野下町,キタノシモチョウ,KITANOSHIMOCHO,,36.100879,136.264087
北堀町,キタホリチョウ,KITAHORICHO,,36.070501,136.156406
北山新保町,キタヤマシンボチョウ,KITAYAMASHIMBOCHO,,36.00341,136.25155
北山町,キタヤマチョウ,KITAYAMACHO,,35.999157,136.239996
北四ツ居一丁目,キタヨツイ 1,KITAYOTSUI 1,,36.064496,136.245217
北四ツ居二丁目,キタヨツイ 2,KITAYOTSUI 2,,36.066274,136.24524
北四ツ居三丁目,キタヨツイ 3,KITAYOTSUI 3,,36.068306,136.2454
北四ツ居町,キタヨツイチョウ,KITAYOTSUICHO,,36.070541,136.248585
狐橋一丁目,キツネバシ 1,KITSUNEBASHI 1,,36.058941,136.179885
狐橋二丁目,キツネバシ 2,KITSUNEBASHI 2,,36.060259,136.179105
城戸ノ内町,キドノウチチョウ,KIDONOCHICHO,,36.000745,136.296261
木下町,キノシタチョウ,KINOSHITACHO,,36.149248,136.126404
経栄一丁目,キョウエイ 1,KYOEI 1,,36.088316,136.224262
経田一丁目,キョウデン 1,KYODEN 1,,36.089261,136.222197
経田二丁目,キョウデン 2,KYODEN 2,,36.089063,136.218065
木米町,キヨネチョウ,KIYONECHO,,36.096776,136.146116
久喜津町,クキヅチョウ,KUKIZUCHO,,36.05136,136.173149
串野町,クシノチョウ,KUSHINOCHO,,36.140604,136.133197
国見町,クニミチョウ,KUNIMICHO,,36.094023,136.072273
国見元町,,,,36.083808,136.076794
国山町,クニヤマチョウ,KUNIYAMACHO,,36.055217,136.043384
蔵作町,クラツクリチョウ,KURATSUKURICHO,,35.982818,136.348553
グリーンハイツ十丁目,グリーンハイツ 10,GURINHAITSU 10,,36.038681,136.168797
グリーンハイツ一丁目,グリーンハイツ 1,GURINHAITSU 1,,36.045721,136.159218
グリーンハイツ二丁目,グリーンハイツ 2,GURINHAITSU 2,,36.045245,136.157509
グリーンハイツ三丁目,グリーンハイツ 3,GURINHAITSU 3,,36.045104,136.163774
グリーンハイツ四丁目,グリーンハイツ 4,GURINHAITSU 4,,36.044239,136.163812
グリーンハイツ五丁目,グリーンハイツ 5,GURINHAITSU 5,,36.041866,136.164836
グリーンハイツ六丁目,グリーンハイツ 6,GURINHAITSU 6,,36.04251,136.166049
グリーンハイツ七丁目,グリーンハイツ 7,GURINHAITSU 7,,36.041153,136.166399
グリーンハイツ八丁目,グリーンハイツ 8,GURINHAITSU 8,,36.041257,136.16889
グリーンハイツ九丁目,グリーンハイツ 9,GURINHAITSU 9,,36.040341,136.167411
栗森町,クリモリチョウハマ,KURIMORICHOHAMA,,36.118158,136.241005
栗森町浜,クリモリチョウハマ,KURIMORICHOHAMA,,36.115282,136.241162
黒丸城町,クロマルジョウチョウ,KUROMARUJOCHO,,36.151097,136.156355
黒丸町,クロマルチョウ,KUROMARUCHO,,36.105605,136.185452
下馬一丁目,ゲバ 1,GEBA 1,,36.043811,136.239304
下馬二丁目,ゲバ 2,GEBA 2,,36.042009,136.23698
下馬三丁目,ゲバ 3,GEBA 3,,36.040036,136.233857
下馬町,ゲバチョウ,GEBACHO,,36.039271,136.241217
毛矢一丁目,ケヤ 1,KEYA 1,,36.057689,136.216243
毛矢二丁目,ケヤ 2,KEYA 2,,36.058326,136.214615
毛矢三丁目,ケヤ 3,KEYA 3,,36.056529,136.211914
玄正島町,ゲンショウジマチョウ,GENSHOJIMACHO,,36.088079,136.279443
堅達町,ゲンダツチョウ,GENDATSUCHO,,36.072473,136.275731
乾徳一丁目,ケントク 1,KENTOKU 1,,36.07246,136.21158
乾徳二丁目,ケントク 2,KENTOKU 2,,36.07253,136.209688
乾徳三丁目,ケントク 3,KENTOKU 3,,36.072669,136.207812
乾徳四丁目,ケントク 4,KENTOKU 4,,36.073012,136.205474
小稲津町,コイナヅチョウ,KOINAZUCHO,,36.034121,136.242012
小宇坂島町,コウサカジマチョウ,KOSAKAJIMACHO,,35.990566,136.362666
小宇坂町,コウサカチョウ,KOSAKACHO,,35.992741,136.367545
合島町,ゴウシマチョウ,GOSHIMACHO,,36.038538,136.262328
河水町,コウスイチョウ,KOSUICHO,,36.052647,136.277108
合谷町,ゴウダニチョウ,GODANICHO,,36.020655,136.183562
河内町,コウチチョウ,KOCHICHO,,36.087575,136.116492
河増町,コウマスチョウ,KOMASUCHO,,36.0609,136.25626
光陽一丁目,コウヨウ 1,KOYO 1,,36.065875,136.202492
光陽二丁目,コウヨウ 2,KOYO 2,,36.065873,136.1992
光陽三丁目,コウヨウ 3,KOYO 3,,36.065868,136.196294
光陽四丁目,コウヨウ 4,KOYO 4,,36.066366,136.193364
郡町,コオリチョウ,KORICHO,,36.103078,136.194797
甑谷町,コシキダニチョウ,KOSHIKIDANICHO,,36.001921,136.142813
小尉町,コジョウチョウ,KOJOCHO,,36.157547,136.157883
御所垣内町,ゴショガイチチョウ,GOSHOGAICHICHO,,36.132842,136.167709
五太子町,ゴタイシチョウ,GOTAISHICHO,,36.070391,136.065025
小丹生町,コニュウチョウ,KONYUCHO,,36.06427,136.028657
小野町,コノチョウ,KONOCHO,,36.137539,136.12838
御油町,ゴユチョウ,GOYUCHO,,36.018535,136.150951
小和清水町,コワショウズチョウ,KOWASHOZUCHO,,36.009393,136.345845
小幡町,コワタチョウ,KOWATACHO,,36.147767,136.121588
境寺町,サカイデラチョウ,SAKAIDERACHO,,36.001557,136.372237
栄町,サカエチョウ,SAKAECHO,,36.109736,136.223641
坂下町,サカシタチョウ,SAKASHITACHO,,36.069253,136.27791
笹谷町,ササダニチョウ,SASADANICHO,,36.017182,136.095728
定正町,サダマサチョウ,SADAMASACHO,,36.119219,136.224755
里別所新町,サトベッショシンマチ,SATOBESSHOSHIMMACHI,,36.088389,136.198092
里別所町,サトベッショチョウ,SATOBESSHOCHO,,36.08781,136.194209
左内町,サナイチョウ,SANAICHO,,36.05963,136.213074
佐野町,サノチョウ,SANOCHO,,36.136111,136.141079
三郎丸一丁目,サブロウマル 1,SABUROMARU 1,,36.077552,136.19304
三郎丸二丁目,サブロウマル 2,SABUROMARU 2,,36.078627,136.191726
三郎丸三丁目,サブロウマル 3,SABUROMARU 3,,36.082484,136.193966
三郎丸四丁目,サブロウマル 4,SABUROMARU 4,,36.083278,136.194147
三郎丸町,サブロウマルチョウ,SABUROMARUCHO,,36.080372,136.184046
更毛町,サラゲチョウ,SARAGECHO,,36.057393,136.112427
皿谷町,サラダニチョウ,SARADANICHO,,36.027869,136.432938
三十八社町,サンジュウハッシャチョウ,SANJUHASSHACHO,,35.998679,136.190604
三本木町,サンボンギチョウ,SAMBONGICHO,,35.987693,136.207088
三万谷町,サンマンダニチョウ,SAMMANDANICHO,,36.004912,136.315165
志比口一丁目,シヒグチ 1,SHIHIGUCHI 1,,36.069321,136.233733
志比口二丁目,シヒグチ 2,SHIHIGUCHI 2,,36.071,136.237787
志比口三丁目,シヒグチ 3,SHIHIGUCHI 3,,36.072539,136.236016
宿布町,シクヌノチョウ,SHIKUNUNOCHO,,36.017757,136.307193
重立町,シゲタテチョウ,SHIGETATECHO,,36.081239,136.286146
四十谷町,シジュウタニチョウ,SHIJUTANICHO,,36.105812,136.168951
志津が丘一丁目,シヅガオカ 1,SHIZUGAOKA 1,,36.01777,136.122184
志津が丘二丁目,シヅガオカ 2,SHIZUGAOKA 2,,36.01716,136.123421
志津が丘三丁目,シヅガオカ 3,SHIZUGAOKA 3,,36.014409,136.119761
志津が丘四丁目,シヅガオカ 4,SHIZUGAOKA 4,,36.013091,136.121075
品ケ瀬町,シナガセチョウ,SHINAGASECHO,,36.005144,136.362896
篠尾町,シノオチョウ,SHINOCHO,,36.034518,136.296019
島寺町,シマデラチョウ,SHIMADERACHO,,36.021941,136.145346
島橋町,シマバシチョウ,SHIMABASHICHO,,36.089178,136.276843
島山梨子町,シマヤマナシチョウ,SHIMAYAMANASHICHO,,36.13424,136.16343
清水杉谷町,シミズスギタニチョウ,SHIMIZUSUGITANICHO,,36.032661,136.155772
清水平町,シミズダイラチョウ,SHIMIZUDAIRACHO,,36.09895,136.110869
清水町,シミズチョウ,SHIMIZUCHO,,36.057961,136.16081
清水畑町,シミズバタチョウ,SHIMIZUBATACHO,,36.035308,136.09405
清水山町,シミズヤマチョウ,SHIMIZUYAMACHO,,36.009521,136.159369
下莇生田町,シモアゾウダチョウ,SHIMOAZODACHO,,36.026013,136.222207
下荒井町,シモアライチョウ,SHIMOARAICHO,,36.025193,136.207567
下一光町,シモイカリチョウ,SHIMOIKARICHO,,36.058513,136.06682
下市町,シモイチチョウ,SHIMOICHICHO,,36.077514,136.17824
下江尻町,シモエジリチョウ,SHIMOEJIRICHO,,35.992248,136.192786
下江守町,シモエモリチョウ,SHIMOEMORICHO,,36.039535,136.179733
下河北町,シモコギタチョウ,SHIMOKOGITACHO,,36.017717,136.220868
下天下町,シモテガチョウ,SHIMOTEGACHO,,36.041256,136.142167
下東郷町,シモトウゴウチョウ,SHIMOTOGOCHO,,36.020069,136.262001
下中町,シモナカチョウ,SHIMONAKACHO,,36.076133,136.258441
下毘沙門町,シモビシャモンチョウ,SHIMOBISHAMONCHO,,36.022998,136.267463
下細江町,シモホソエチョウ,SHIMOHOSOECHO,,36.019432,136.242656
下森田桜町,シモモリダサクラマチ,SHIMOMORIDA SAKURAMACHI,,36.110801,136.227483
下森田新町,シモモリダシンマチ,SHIMOMORIDA SHIMMACHI,,36.107493,136.230783
下森田町,シモモリダチョウ,SHIMOMORIDACHO,,36.111343,136.226424
下森田藤巻町,シモモリダフジマキチョウ,SHIMOMORIDA FUJIMAKICHO,,36.109484,136.227237
下森田本町,シモモリダホンマチ,SHIMOMORIDA HOMMACHI,,36.108213,136.226258
下六条町,シモロクジョウチョウ,SHIMOROKUJOCHO,,36.031869,136.232512
宿堂町,シュクドウチョウ,SHUKUDOCHO,,36.031602,136.059932
順化一丁目,ジュンカ 1,JUNKA 1,,36.064831,136.216288
順化二丁目,ジュンカ 2,JUNKA 2,,36.065403,136.213639
成願寺町,ジョウガンジチョウ,JOGANJICHO,,36.030445,136.277469
浄教寺町,ジョウキョウジチョウ,JOKYOJICHO,,35.978962,136.30866
小路町,ショウジチョウ,SHOJICHO,,36.014812,136.280156
城東一丁目,ジョウトウ 1,JOTO 1,,36.061332,136.232576
城東二丁目,ジョウトウ 2,JOTO 2,,36.061556,136.23588
城東三丁目,ジョウトウ 3,JOTO 3,,36.061306,136.238777
城東四丁目,ジョウトウ 4,JOTO 4,,36.058564,136.238096
浄土寺町,ジョウドジチョウ,JODOJICHO,,36.138273,136.154495
生野町,ショウノチョウ,SHONOCHO,,35.987886,136.214349
菖蒲谷町,ショウブダニチョウ,SHOBUDANICHO,,36.150446,136.140424
昭和新町,ショウワシンマチ,SHOWASHIMMACHI,,36.161489,136.156498
白方町,シラカタチョウ,SHIRAKATACHO,,36.161908,136.115608
白滝町,シラタキチョウ,SHIRATAKICHO,,36.037679,136.075088
白浜町,シラハマチョウ,SHIRAHAMACHO,,36.081261,136.030079
城有町,シロアリチョウ,SHIROARICHO,,35.990035,135.990971
次郎丸町,ジロウマルチョウ,JIROMARUCHO,,36.038312,136.279578
新下江守町,シンシモエモリチョウ,SHINSHIMOEMORICHO,,36.03352,136.184746
新田本町,シンデンホンマチ,SHINDENHOMMACHI,,36.103587,136.251084
新開町,シンビラキチョウ,SHIMBIRAKICHO,,36.015263,136.218204
新保一丁目,シンボ 1,SHIMBO 1,,36.080516,136.247384
新保二丁目,シンボ 2,SHIMBO 2,,36.080258,136.250264
新保三丁目,シンボ 3,SHIMBO 3,,36.08169,136.252548
新保北一丁目,シンボキタ 1,SHIMBOKITA 1,,36.08741,136.248981
新保町,シンボチョウ,SHIMBOCHO,,36.085467,136.252781
椙谷町,スイダニチョウ,SUIDANICHO,,35.987829,136.375818
末広町,スエヒロマチ,SUEHIROMACHI,,35.997919,136.202834
末町,スエマチ,SUEMACHI,,36.049332,136.104377
菅谷一丁目,スガヤ 1,SUGAYA 1,,36.071497,136.19447
菅谷二丁目,スガヤ 2,SUGAYA 2,,36.073282,136.191866
菅谷町,スガヤチョウ,SUGAYACHO,,36.075419,136.187512
杉谷町,スギタニチョウ,SUGITANICHO,,36.015675,136.192836
砂子坂町,スナゴサカチョウ,SUNAGOSAKACHO,,36.145054,136.147825
砂子田町,スナゴダチョウ,SUNAGODACHO,,36.161906,136.148762
成和一丁目,セイワ 1,SEIWA 1,,36.055646,136.243471
成和二丁目,セイワ 2,SEIWA 2,,36.056988,136.247375
仙町,センチョウ,SENCHO,,36.128441,136.161254
曽万布町,ソンボチョウ,SOMBOCHO,,36.046734,136.260092
大願寺一丁目,ダイガンジ 1,DAIGANJI 1,,36.082734,136.231295
大願寺二丁目,ダイガンジ 2,DAIGANJI 2,,36.082753,136.22956
大願寺三丁目,ダイガンジ 3,DAIGANJI 3,,36.082635,136.22788
大東一丁目,ダイトウ 1,DAITO 1,,36.064407,136.250999
大東二丁目,ダイトウ 2,DAITO 2,,36.06626,136.249256
大東三丁目,ダイトウ 3,DAITO 3,,36.068356,136.249136
高尾町,タカオチョウ,TAKAOCHO,,36.028923,136.301515
高木一丁目,タカギ 1,TAKAGI 1,,36.097069,136.226969
高木二丁目,タカギ 2,TAKAGI 2,,36.093013,136.228066
高木北一丁目,タカギキタ 1,TAKAGIKITA 1,,36.098599,136.229914
高木北二丁目,タカギキタ 2,TAKAGIKITA 2,,36.098776,136.232419
高木北三丁目,タカギキタ 3,TAKAGIKITA 3,,36.097851,136.234417
高木北四丁目,タカギキタ 4,TAKAGIKITA 4,,36.097642,136.236081
高木北五丁目,タカギキタ 5,TAKAGIKITA 5,,36.096246,136.237484
高木中央一丁目,タカギチュウオウ 1,TAKAGICHUO 1,,36.090674,136.231299
高木中央二丁目,タカギチュウオウ 2,TAKAGICHUO 2,,36.090724,136.235959
高木中央三丁目,タカギチュウオウ 3,TAKAGICHUO 3,,36.090347,136.239572
高木町,タカギチョウ,TAKAGICHO,,36.094476,136.224685
高木西一丁目,タカギニシ 1,TAKAGINISHI 1,,36.097622,136.223593
高須町,タカスチョウ,TAKASUCHO,,36.111118,136.101884
高田町,タカタチョウ,TAKATACHO,,36.030634,136.318963
高塚町,タカツカチョウ,TAKATSUKACHO,,36.057477,136.181018
高屋町,タカヤチョウ,TAKAYACHO,,36.116497,136.17723
高柳一丁目,タカヤナギ 1,TAKAYANAGI 1,,36.090267,136.24363
高柳二丁目,タカヤナギ 2,TAKAYANAGI 2,,36.095953,136.244767
高柳三丁目,タカヤナギ 3,TAKAYANAGI 3,,36.096876,136.240786
高柳町,タカヤナギチョウ,TAKAYANAGICHO,,36.098553,136.238381
滝波町,タキナミチョウ,TAKINAMICHO,,36.025802,136.09833
竹生町,タコオチョウ,TAKOCHO,,36.047127,136.151509
田治島町,タジシマチョウ,TAJISHIMACHO,,35.999347,136.259366
田尻町,タジリチョウ,TAJIRICHO,,36.019259,136.317459
田尻栃谷町,タジリトチタニチョウ,TAJIRITOCHITANICHO,,36.037052,136.164546
種池一丁目,タナイケ 1,TANAIKE 1,,36.035961,136.190584
種池二丁目,タナイケ 2,TANAIKE 2,,36.038068,136.187917
種池町,タナイケチョウ,TANAIKECHO,,36.035767,136.186933
田中町,タナカチョウ,TANAKACHO,,36.006331,136.256804
田ノ頭町,タノカシラチョウ,TANOKASHIRACHO,,36.131271,136.119322
田ノ谷町,タノタニチョウ,TANOTANICHO,,36.099062,136.168274
為寄町,タメヨリチョウ,TAMEYORICHO,,36.140782,136.121611
田原一丁目,タワラ 1,TAWARA 1,,36.072838,136.217451
田原二丁目,タワラ 2,TAWARA 2,,36.072811,136.214593
千合町,チゴウチョウ,CHIGOCHO,,36.051431,136.032933
地蔵堂町,ジゾウドウチョウ,JIZODOCHO,,36.086363,136.191183
中央一丁目,チュウオウ 1,CHUO 1,,36.060907,136.220219
中央二丁目,チュウオウ 2,CHUO 2,,36.058668,136.218992
中央三丁目,チュウオウ 3,CHUO 3,,36.06244,136.214929
月見一丁目,ツキミ 1,TSUKIMI 1,,36.045758,136.21717
月見二丁目,ツキミ 2,TSUKIMI 2,,36.045994,136.213555
月見三丁目,ツキミ 3,TSUKIMI 3,,36.046432,136.209973
月見四丁目,ツキミ 4,TSUKIMI 4,,36.046506,136.205515
月見五丁目,ツキミ 5,TSUKIMI 5,,36.045766,136.201318
つくし野一丁目,ツクシノ 1,TSUKUSHINO 1,,36.119558,136.216281
つくし野二丁目,ツクシノ 2,TSUKUSHINO 2,,36.116982,136.217369
つくし野三丁目,ツクシノ 3,TSUKUSHINO 3,,36.11748,136.214915
つくも一丁目,ツクモ 1,TSUKUMO 1,,36.061763,136.211906
つくも二丁目,ツクモ 2,TSUKUMO 2,,36.063023,136.209147
土橋町,ツチハシチョウ,TSUCHIHASHICHO,,36.099888,136.18865
角折町,ツノオリチョウ,TSUNORICHO,,36.06876,136.178102
角原町,ツノハラチョウ,TSUNOHARACHO,,35.995622,136.217516
坪谷町,ツボタニチョウ,TSUBOTANICHO,,36.007602,136.136051
剣大谷町,ツルギオオタニチョウ,TSURUGIOTANICHO,,36.120771,136.161226
手寄一丁目,テヨセ 1,TEYOSE 1,,36.059793,136.223786
手寄二丁目,テヨセ 2,TEYOSE 2,,36.059338,136.226947
寺前町,テラマエチョウ,TERAMAECHO,,36.103772,136.240554
照手一丁目,テルテ 1,TERUTE 1,,36.065501,136.211053
照手二丁目,テルテ 2,TERUTE 2,,36.066088,136.209185
照手三丁目,テルテ 3,TERUTE 3,,36.066295,136.207555
照手四丁目,テルテ 4,TERUTE 4,,36.066152,136.205466
照手町四丁目,テルテチョウ 4,TERUTECHO 4,,36.064799,136.204273
殿下町,テンガチョウ,TENGACHO,,36.057508,136.268445
天王町,テンノウチョウ,TENNOCHO,,36.027024,136.238235
問屋町一丁目,トイヤチョウ 1,TOIYACHO 1,,36.055745,136.25166
問屋町二丁目,トイヤチョウ 2,TOIYACHO 2,,36.055319,136.256
問屋町三丁目,トイヤチョウ 3,TOIYACHO 3,,36.052507,136.251764
問屋町四丁目,トイヤチョウ 4,TOIYACHO 4,,36.052531,136.256045
東郷中島町,トウゴウナカジマチョウ,TOGO NAKAJIMACHO,,36.023825,136.258027
東郷二ケ町,トウゴウニカチョウ,TOGO NIKACHO,,36.017485,136.270027
堂島町,ドウジマチョウ,DOJIMACHO,,36.094697,136.261287
燈豊町,トウブチョウ,TOBUCHO,,36.122383,136.129631
灯明寺一丁目,トウミョウジ 1,TOMYOJI 1,,36.090783,136.211587
灯明寺二丁目,トウミョウジ 2,TOMYOJI 2,,36.093813,136.212614
灯明寺三丁目,トウミョウジ 3,TOMYOJI 3,,36.096941,136.216638
灯明寺四丁目,トウミョウジ 4,TOMYOJI 4,,36.096885,136.209306
灯明寺町,トウミョウジチョウ,TOMYOJICHO,,36.093047,136.218959
栂野町,トガノチョウ,TOGANOCHO,,36.036486,136.254917
徳尾町,トクオチョウ,TOKUOCHO,,35.978274,136.20853
徳光町,トクミツチョウ,TOKUMITSUCHO,,36.008291,136.247123
所谷町,トコロダニチョウ,TOKORODANICHO,,36.030249,136.41949
栃泉町,トチイズミチョウ,TOCHIIZUMICHO,,36.005905,136.275344
豊岡一丁目,トヨオカ 1,TOYOKA 1,,36.068653,136.191847
豊岡二丁目,トヨオカ 2,TOYOKA 2,,36.070906,136.189937
豊島一丁目,トヨシマ 1,TOYOSHIMA 1,,36.057682,136.22122
豊島二丁目,トヨシマ 2,TOYOSHIMA 2,,36.056908,136.223596
中荒井町,ナカアライマチ,NAKAARAIMACHI,,36.019879,136.20245
中河内町,ナカコウチチョウ,NAKAKOCHICHO,,36.087342,136.135172
中新田町,ナカシンデンチョウ,NAKASHINDENCHO,,36.102719,136.25773
中平町,ナカダイラチョウ,NAKADAIRACHO,,36.088091,136.09975
中角町,ナカツノチョウ,NAKATSUNOCHO,,36.106374,136.20794
中野一丁目,ナカノ 1,NAKANO 1,,36.001326,136.184201
中野二丁目,ナカノ 2,NAKANO 2,,36.003015,136.186005
中野三丁目,ナカノ 3,NAKANO 3,,36.003189,136.189935
中ノ郷町,ナカノゴウチョウ,NAKANOGOCHO,,36.093097,136.277455
中野町,ナカノチョウ,NAKANOCHO,,36.004343,136.181304
長橋町,ナガハシチョウ,NAGAHASHICHO,,36.114189,136.055096
中毘沙門町,ナカビシャモンチョウ,NAKABISHAMONCHO,,36.023,136.275951
中藤新保町,ナカフジシンボチョウ,NAKAFUJISHIMBOCHO,,36.107219,136.246745
中町,ナカマチ,NAKAMACHI,,36.102256,136.14295
長本町,ナガモトチョウ,NAGAMOTOCHO,,36.074515,136.241246
中山町,ナカヤマチョウ,NAKAYAMACHO,,36.140372,136.117707
中手町,ナカンテチョウ,NAKANTECHO,,35.954009,136.415745
南居町,ナゴチョウ,NAGOCHO,,36.020056,136.174572
波寄町,ナミヨセチョウ,NAMIYOSECHO,,36.157426,136.140635
奈良瀬町,ナラセチョウ,NARASECHO,,36.004803,136.338747
仁位町,ニイチョウ,NIICHO,,36.013628,136.402798
西天田町,ニシアマダチョウ,NISHIAMADACHO,,35.977252,136.367338
西荒井町,ニシアライチョウ,NISHIARAICHO,,36.096173,136.121507
西板垣町,ニシイタガキチョウ,NISHIITAGAKICHO,,36.05292,136.228825
西市布町,ニシイチヌノチョウ,NISHIICHINUNOCHO,,35.962627,136.388472
西大味町,ニシオオミチョウ,NISHIOMICHO,,35.988329,136.254957
西開発一丁目,ニシカイホツ 1,NISHIKAIHOTSU 1,,36.075148,136.236394
西開発二丁目,ニシカイホツ 2,NISHIKAIHOTSU 2,,36.079485,136.235568
西開発三丁目,ニシカイホツ 3,NISHIKAIHOTSU 3,,36.082679,136.234626
西開発四丁目,ニシカイホツ 4,NISHIKAIHOTSU 4,,36.086123,136.233506
西学園一丁目,ニシガクエン 1,NISHIGAKUEN 1,,36.067578,136.186099
西学園二丁目,ニシガクエン 2,NISHIGAKUEN 2,,36.068557,136.186748
西学園三丁目,ニシガクエン 3,NISHIGAKUEN 3,,36.0696,136.187264
西方一丁目,ニシカタ 1,NISHIKATA 1,,36.051717,136.23529
西方二丁目,ニシカタ 2,NISHIKATA 2,,36.050638,136.238252
西木田一丁目,ニシキダ 1,NISHIKIDA 1,,36.054025,136.216444
西木田二丁目,ニシキダ 2,NISHIKIDA 2,,36.054032,136.213875
西木田三丁目,ニシキダ 3,NISHIKIDA 3,,36.054025,136.211508
西木田四丁目,ニシキダ 4,NISHIKIDA 4,,36.05388,136.209276
西木田五丁目,ニシキダ 5,NISHIKIDA 5,,36.051301,136.205933
西河原町,ニシコウバラチョウ,NISHIKOBARACHO,,35.963897,136.36185
西下野町,ニシシモノチョウ,NISHISHIMONOCHO,,36.064851,136.166569
西新町,ニシシンマチ,NISHISHIMMACHI,,35.993561,136.286249
西谷一丁目,ニシタニ 1,NISHITANI 1,,36.038196,136.207586
西谷二丁目,ニシタニ 2,NISHITANI 2,,36.038512,136.203359
西谷三丁目,ニシタニ 3,NISHITANI 3,,36.040378,136.198229
西谷町,ニシタニチョウ,NISHITANICHO,,36.04171,136.201409
西中町,ニシナカチョウ,NISHINAKACHO,,36.032186,136.409559
西中野町,ニシナカノチョウ,NISHINAKANOCHO,,36.145078,136.153075
西畑町,ニシハタチョウ,NISHIHATACHO,,36.136885,136.089217
西袋町,ニシブクロチョウ,NISHIBUKUROCHO,,35.989906,136.237333
西二ツ屋町,ニシフタツヤチョウ,NISHIFUTATSUYACHO,,36.13729,136.085039
西別所町,ニシベッショチョウ,NISHIBESSHOCHO,,36.036707,136.067017
西堀町,ニシボリチョウ,NISHIBORICHO,,36.079976,136.188972
日光一丁目,ニッコウ 1,NIKKO 1,,36.073056,136.203119
日光二丁目,ニッコウ 2,NIKKO 2,,36.072747,136.199777
新田塚一丁目,ニッタヅカ 1,NITTAZUKA 1,,36.091687,136.207456
新田塚二丁目,ニッタヅカ 2,NITTAZUKA 2,,36.091502,136.202557
新田塚町,ニツタヅカチョウ,NITSUTAZUKACHO,,36.08838,136.212123
二の宮一丁目,ニノミヤ 1,NINOMIYA 1,,36.087393,136.228832
二の宮二丁目,ニノミヤ 2,NINOMIYA 2,,36.08565,136.224061
二の宮三丁目,ニノミヤ 3,NINOMIYA 3,,36.085039,136.218514
二の宮四丁目,ニノミヤ 4,NINOMIYA 4,,36.08536,136.212224
二の宮五丁目,ニノミヤ 5,NINOMIYA 5,,36.085233,136.207588
縫原町,ヌイバラチョウ,NUIBARACHO,,36.007759,136.410541
猫瀬町,ネコセチョウ,NEKOSECHO,,36.076479,136.11519
野波町,ノナミチョウ,NONAMICHO,,36.00446,136.432654
計石町,ハカリイシチョウ,HAKARIISHICHO,,36.00001,136.439505
羽坂町,ハザカチョウ,HAZAKACHO,,36.064479,136.140722
畠中町,ハタケナカチョウ,HATAKENAKACHO,,36.044792,136.04821
花野谷町,ハナノタニチョウ,HANANOTANICHO,,36.045376,136.290879
花守町,ハナモリチョウ,HANAMORICHO,,36.003996,136.172536
花堂北一丁目,ハナンドウキタ 1,HANANDO KITA 1,,36.041589,136.216313
花堂北二丁目,ハナンドウキタ 2,HANANDO KITA 2,,36.041488,136.210446
花堂中一丁目,ハナンドウナカ 1,HANANDO NAKA 1,,36.037056,136.215986
花堂中二丁目,ハナンドウナカ 2,HANANDO NAKA 2,,36.037847,136.211323
花堂東一丁目,ハナンドウヒガシ 1,HANANDO HIGASHI 1,,36.040203,136.220052
花堂東二丁目,ハナンドウヒガシ 2,HANANDO HIGASHI 2,,36.040231,136.222799
花堂南一丁目,ハナンドウミナミ 1,HANANDO MINAMI 1,,36.033865,136.214964
花堂南二丁目,ハナンドウミナミ 2,HANANDO MINAMI 2,,36.033895,136.211664
浜北山町,ハマキタヤマチョウ,HAMAKITAYAMACHO,,36.011089,135.999838
浜島町,ハマシマチョウ,HAMASHIMACHO,,36.149098,136.114497
浜住町,ハマジュウチョウ,HAMAJUCHO,,36.125558,136.073677
浜別所町,ハマベッショチョウ,HAMABESSHOCHO,,36.13912,136.10666
林町,ハヤシチョウ,HAYASHICHO,,36.088841,136.26886
林藤島町,ハヤシフジシマチョウ,HAYASHIFUJISHIMACHO,,36.089218,136.262835
原目町,ハラメチョウ,HARAMECHO,,36.074175,136.264877
春山一丁目,ハルヤマ 1,HARUYAMA 1,,36.068842,136.216925
春山二丁目,ハルヤマ 2,HARUYAMA 2,,36.068985,136.214505
半田町,ハンダチョウ,HANDACHO,,36.006469,136.218153
東天田町,ヒガシアマダチョウ,HIGASHIAMADACHO,,35.977876,136.38249
東今泉町,ヒガシイマイズミチョウ,HIGASHIIMAIZUMICHO,,36.065382,136.253855
東大味町,ヒガシオオミチョウ,HIGASHIOMICHO,,35.988124,136.266105
東川上町,ヒガシカワカミチョウ,HIGASHIKAWAKAMICHO,,35.992901,136.445715
東河原町,ヒガシコウバラチョウ,HIGASHIKOBARACHO,,35.958995,136.375705
東下野町,ヒガシシモノチョウ,HIGASHISHIMONOCHO,,36.063802,136.173391
東新町,ヒガシシンマチ,HIGASHISHIMMACHI,,35.990382,136.302691
東平町,ヒガシダイラチョウ,HIGASHIDAIRACHO,,36.076933,136.130793
東俣町,ヒガシマタチョウ,HIGASHIMATACHO,,35.98211,136.440984
引目町,ヒキメチョウ,HIKIMECHO,,36.024348,136.198912
日之出一丁目,ヒノデ 1,HINODE 1,,36.063777,136.226284
日之出二丁目,ヒノデ 2,HINODE 2,,36.062934,136.227418
日之出三丁目,ヒノデ 3,HINODE 3,,36.062989,136.229686
日之出四丁目,ヒノデ 4,HINODE 4,,36.063193,136.232736
日之出五丁目,ヒノデ 5,HINODE 5,,36.066701,136.232128
平尾町,ヒラオチョウ,HIRAOCHO,,36.041926,136.098498
深坂町,フカサカチョウ,FUKASAKACHO,,36.141105,136.112658
深谷町,フカタニチョウ,FUKATANICHO,,36.08472,136.168944
深見町,フカミチョウ,FUKAMICHO,,36.002574,136.268699
福一丁目,フクシンマチ 1,FUKUSHIMMACHI 1,,36.047344,136.189788
福二丁目,フクシンマチ 2,FUKUSHIMMACHI 2,,36.049838,136.190195
福島町,フクシマチョウ,FUKUSHIMACHO,,36.02832,136.342943
福新町,フクシンマチ,FUKUSHIMMACHI,,36.048505,136.184538
福町,フクマチ,FUKUMACHI,,36.052368,136.183413
藤島町,フジシマチョウ,FUJISHIMACHO,,36.08857,136.272823
武周町,ブシュウチョウ,BUSHUCHO,,36.034173,136.037715
布施田町,フセダチョウ,FUSEDACHO,,36.142421,136.162309
二上町,フタガミチョウ,FUTAGAMICHO,,36.001362,136.22425
二ツ屋町,フタツヤチョウ,FUTATSUYACHO,,36.018662,136.024392
渕一丁目,フチ 1,FUCHI 1,,36.039852,136.193743
渕二丁目,フチ 2,FUCHI 2,,36.043426,136.189298
渕三丁目,フチ 3,FUCHI 3,,36.041853,136.185887
渕四丁目,フチ 4,FUCHI 4,,36.045679,136.184198
渕町,フチマチ,FUCHIMACHI,,36.042766,136.193649
二日市町,フツカイチチョウ,FUTSUKAICHICHO,,36.128357,136.184628
舟橋一丁目,フナバシ 1,FUNABASHI 1,,36.098628,136.22597
舟橋二丁目,フナバシ 2,FUNABASHI 2,,36.099306,136.229063
舟橋三丁目,フナバシ 3,FUNABASHI 3,,36.101516,136.232487
舟橋黒竜一丁目,フナバシクロタツ 1,FUNABASHIKUROTATSU 1,,36.099426,136.214949
舟橋黒竜二丁目,フナバシクロタツ 2,FUNABASHIKUROTATSU 2,,36.09976,136.213179
舟橋新一丁目,フナバシシン 1,FUNABASHISHIN 1,,36.099375,136.210627
舟橋新二丁目,フナバシシン 2,FUNABASHISHIN 2,,36.097677,136.205302
舟橋新町,フナバシシンマチ,FUNABASHISHIMMACHI,,36.100177,136.208087
舟橋町,フナバシチョウ,FUNABASHICHO,,36.100641,136.228186
冬野町,フユノチョウ,FUYUNOCHO,,36.01134,136.184478
古市一丁目,フルイチ 1,FURUICHI 1,,36.104546,136.225331
古市二丁目,フルイチ 2,FURUICHI 2,,36.10683,136.225859
古市三丁目,フルイチ 3,FURUICHI 3,,36.104886,136.226948
古市町,フルイチチョウ,FURUICHICHO,,36.104616,136.229782
文京一丁目,ブンキョウ 1,BUNKYO 1,,36.077924,136.222498
文京二丁目,ブンキョウ 2,BUNKYO 2,,36.07771,136.217702
文京三丁目,ブンキョウ 3,BUNKYO 3,,36.077122,136.212868
文京四丁目,ブンキョウ 4,BUNKYO 4,,36.077051,136.208528
文京五丁目,ブンキョウ 5,BUNKYO 5,,36.076885,136.204983
文京六丁目,ブンキョウ 6,BUNKYO 6,,36.076381,136.200052
文京七丁目,ブンキョウ 7,BUNKYO 7,,36.07618,136.1955
別所町,ベッショチョウ,BESSHOCHO,,36.034262,136.225845
別畑町,ベツバタチョウ,BETSUBATACHO,,36.015578,136.050815
宝永一丁目,ホウエイ 1,HOEI 1,,36.068605,136.230012
宝永二丁目,ホウエイ 2,HOEI 2,,36.068937,136.226877
宝永三丁目,ホウエイ 3,HOEI 3,,36.068952,136.223539
宝永四丁目,ホウエイ 4,HOEI 4,,36.068835,136.219613
鉾ケ崎町,ホコガサキチョウ,HOKOGASAKICHO,,36.001537,136.211445
細坂町,ホソサカチョウ,HOSOSAKACHO,,36.057681,136.144507
帆谷町,ホダニチョウ,HODANICHO,,36.000308,136.231259
堀ノ宮一丁目,ホリノミヤ 1,HORINOMIYA 1,,36.080537,136.196204
堀ノ宮町,ホリノミヤチョウ,HORINOMIYACHO,,36.083685,136.196263
本堂町,ホンドウチョウ,HONDOCHO,,36.058199,136.128581
舞屋町,マイヤチョウ,MAIYACHO,,36.034353,136.204445
前波町,マエバチョウ,MAEBACHO,,36.02062,136.300462
真木町,マキチョウ,MAKICHO,,35.998884,136.200202
真栗町,マクリチョウ,MAKURICHO,,36.010646,136.149823
町屋一丁目,マチヤ 1,MACHIYA 1,,36.078749,136.232726
町屋二丁目,マチヤ 2,MACHIYA 2,,36.078822,136.230185
町屋三丁目,マチヤ 3,MACHIYA 3,,36.078203,136.226948
松蔭町,マツカゲチョウ,MATSUKAGECHO,,36.125301,136.055731
松城町,マツシロチョウ,MATSUSHIROCHO,,36.062004,136.240954
松本一丁目,マツモト 1,MATSUMOTO 1,,36.074042,136.231067
松本二丁目,マツモト 2,MATSUMOTO 2,,36.073966,136.227211
松本三丁目,マツモト 3,MATSUMOTO 3,,36.073256,136.223867
松本四丁目,マツモト 4,MATSUMOTO 4,,36.072929,136.220153
松本上町,,,,36.07389,136.233745
間戸町,マトチョウ,MATOCHO,,35.988434,136.396618
間山町,マヤマチョウ,MAYAMACHO,,36.080674,136.276724
丸山一丁目,マルヤマ 1,MARUYAMA 1,,36.07486,136.243689
丸山二丁目,マルヤマ 2,MARUYAMA 2,,36.074479,136.246623
丸山三丁目,マルヤマ 3,MARUYAMA 3,,36.076221,136.249378
丸山町,マルヤマチョウ,MARUYAMACHO,,36.074395,136.250481
三尾野町,ミオノチョウ,MIONOCHO,,36.005042,136.164662
水切町,ミズキリチョウ,MIZUKIRICHO,,36.146609,136.135104
水越一丁目,ミズコシ 1,MIZUKOSHI 1,,36.06746,136.189645
水越二丁目,ミズコシ 2,MIZUKOSHI 2,,36.066385,136.187857
水谷町,ミズタニチョウ,MIZUTANICHO,,36.037414,136.058803
三ツ屋一丁目,ミツヤ 1,MITSUYA 1,,36.083839,136.191822
三ツ屋二丁目,ミツヤ 2,MITSUYA 2,,36.084628,136.193
三ツ屋町,ミツヤチョウ,MITSUYACHO,,36.08344,136.187164
三留町,ミトメチョウ,MITOMECHO,,36.036232,136.147321
南江守町,ミナミエモリチョウ,MINAMIEMORICHO,,36.02777,136.18996
南菅生町,ミナミスゴウチョウ,MINAMISUGOCHO,,36.103286,136.046617
南楢原町,ミナミナラハラチョウ,MINAMINARAHARACHO,,36.098795,136.178231
南西俣町,ミナミニシマタチョウ,MINAMINISHIMATACHO,,35.979993,136.427761
南野津又町,ミナミノツマタチョウ,MINAMINOTSUMATACHO,,35.967522,136.439476
南宮地町,ミナミミヤジチョウ,MINAMIMIYAJICHO,,35.987985,136.415249
南山町,ミナミヤマチョウ,MINAMIYAMACHO,,36.008952,136.283991
南四ツ居一丁目,ミナミヨツイ 1,MINAMIYOTSUI 1,,36.062054,136.244858
南四ツ居二丁目,ミナミヨツイ 2,MINAMIYOTSUI 2,,36.060532,136.244656
南四ツ居町,ミナミヨツイチョウ,MINAMIYOTSUICHO,,36.068388,136.250985
蓑町,ミノチョウ,MINOCHO,,36.11627,136.072859
みのり一丁目,ミノリ 1,MINORI 1,,36.049961,136.216427
みのり二丁目,ミノリ 2,MINORI 2,,36.050347,136.214146
みのり三丁目,ミノリ 3,MINORI 3,,36.049836,136.210676
みのり四丁目,ミノリ 4,MINORI 4,,36.049532,136.206137
三宅町,ミヤケチョウ,MIYAKECHO,,36.150455,136.161083
宮郷町,ミヤゴウチョウ,MIYAGOCHO,,36.113094,136.085882
宮地町,ミヤジチョウ,MIYAJICHO,,36.039975,136.284241
美山大谷町,ミヤマオオタニチョウ,MIYAMAOTANICHO,,36.0342,136.393571
美山町,ミヤマチョウ,MIYAMACHO,,35.999087,136.361057
御幸一丁目,ミユキ 1,MIYUKI 1,,36.058215,136.228585
御幸二丁目,ミユキ 2,MIYUKI 2,,36.057548,136.23222
御幸三丁目,ミユキ 3,MIYUKI 3,,36.055569,136.23604
御幸四丁目,ミユキ 4,MIYUKI 4,,36.055091,136.239792
六日市町,ムイカイチチョウ,MUIKAICHICHO,,36.111587,136.189155
和布町,メラチョウ,MERACHO,,36.129317,136.06627
免鳥町,メンドリチョウ,MENDORICHO,,36.129415,136.077465
本折町,モトオリチョウ,MOTORICHO,,36.031584,136.118502
桃園一丁目,モモゾノ 1,MOMOZONO 1,,36.061749,136.202202
桃園二丁目,モモゾノ 2,MOMOZONO 2,,36.058879,136.202132
森田新保町,,,,36.118221,136.252329
森行町,モリユキチョウ,MORIYUKICHO,,35.99518,136.200202
門前一丁目,モンゼン 1,MONZEN 1,,36.049379,136.196634
門前二丁目,モンゼン 2,MONZEN 2,,36.048965,136.194679
門前町,モンゼンチョウ,MONZENCHO,,36.051039,136.197572
八重巻町,ヤエマキチョウ,YAEMAKICHO,,36.107549,136.220703
八重巻中町,ヤエマキナカチョウ,YAEMAKI NAKACHO,,36.104034,136.222125
八重巻東町,ヤエマキヒガシチョウ,YAEMAKI HIGASHICHO,,36.105183,136.223764
薬師町,ヤクシチョウ,YAKUSHICHO,,36.008673,136.385325
安竹町,ヤスタケチョウ,YASUTAKECHO,,36.096988,136.188424
安田町,ヤスダチョウ,YASUDACHO,,36.069069,136.150198
安原町,ヤスハラチョウ,YASUHARACHO,,36.015505,136.278237
八ツ島一丁目,ヤツシマ 1,YATSUSHIMA 1,,36.085984,136.20504
八ツ島町,ヤツシマチョウ,YATSUSHIMACHO,,36.084382,136.201858
八ツ俣町,ヤツマタチョウ,YATSUMATACHO,,35.992832,135.973814
山内町,ヤマウチチョウ,YAMAUCHICHO,,36.009562,136.120544
山奥町,ヤマオクチョウ,YAMAOKUCHO,,36.044467,136.2071
山室町,ヤマムロチョウ,YAMAMUROCHO,,36.122852,136.184007
八幡町,ヤワタチョウ,YAWATACHO,,36.125905,136.150553
有楽町,ユウラクチョウ,YURAKUCHO,,36.063002,136.205239
横越町,ヨコゴシチョウ,YOKOGOSHICHO,,35.948908,136.359156
吉山町,ヨシヤマチョウ,YOSHIYAMACHO,,36.025911,136.376763
四ツ井一丁目,ヨツイ 1,YOTSUI 1,,36.065643,136.236231
四ツ井二丁目,ヨツイ 2,YOTSUI 2,,36.068919,136.237908
米松一丁目,ヨネマツ 1,YONEMATSU 1,,36.06536,136.23978
米松二丁目,ヨネマツ 2,YONEMATSU 2,,36.069873,136.241584
両橋屋町,リョウハシヤチョウ,RYOHASHIYACHO,,36.141973,136.090372
寮町,リョウマチ,RYOMACHI,,36.062989,136.278782
若栄町,ワカエチョウ,WAKAECHO,,36.083833,136.260894
若杉一丁目,ワカスギ 1,WAKASUGI 1,,36.059452,136.188811
若杉二丁目,ワカスギ 2,WAKASUGI 2,,36.055461,136.189509
若杉三丁目,ワカスギ 3,WAKASUGI 3,,36.052848,136.190139
若杉四丁目,ワカスギ 4,WAKASUGI 4,,36.057288,136.184604
若杉町,ワカスギチョウ,WAKASUGICHO,,36.058729,136.192235
若杉浜一丁目,ワカスギハマ 1,WAKASUGIHAMA 1,,36.063329,136.1886
若杉浜二丁目,ワカスギハマ 2,WAKASUGIHAMA 2,,36.061992,136.187831
若杉浜三丁目,ワカスギハマ 3,WAKASUGIHAMA 3,,36.060763,136.186424
脇三ケ町,ワキサンガチョウ,WAKISANGACHO,,36.014975,136.288932
和田一丁目,ワダ 1,WADA 1,,36.050729,136.240936
和田二丁目,ワダ 2,WADA 2,,36.049297,136.242623
和田三丁目,ワダ 3,WADA 3,,36.049785,136.245656
和田町,ワダチョウ,WADACHO,,36.048751,136.143153
和田中一丁目,ワダナカ 1,WADA NAKA 1,,36.045975,136.243111
和田中二丁目,ワダナカ 2,WADA NAKA 2,,36.046804,136.248196
和田中三丁目,ワダナカ 3,WADA NAKA 3,,36.045749,136.251596
和田中町,ワダナカチョウ,WADA NAKACHO,,36.043734,136.253341
和田東一丁目,ワダヒガシ 1,WADA HIGASHI 1,,36.053293,136.247262
和田東二丁目,ワダヒガシ 2,WADA HIGASHI 2,,36.049265,136.249619
渡町,ワタリチョウ,WATARICHO,,36.062988,136.186399
蒲生町,ガモウチョウ,GAMOCHO,,36.028305,136.012909
茱崎町,グミザキチョウ,GUMIZAKICHO,,36.041152,136.019165
円山二丁目,エンザン 2,ENZAN 2,,36.070801,136.247755
大島町,オオシマチョウ,OSHIMACHO,柳,36.033799,136.207823
和田中町,ワダナカチョウ,WADA NAKACHO,舟橋,36.04774,136.252646
久喜津町,クキヅチョウ,KUKIZUCHO,東二本松,36.056857,136.179797
殿下町,テンガチョウ,TENGACHO,豆田,36.056982,136.273588
二日市町,フツカイチチョウ,FUTSUKAICHICHO,柿ノ木,36.131281,136.181805
