name,name_kana,name_romaji,nickname,latitude,longitude
善太夫,,,,35.079063,138.867458
市道町,,,,35.096943,138.851071
松下町,,,,35.098615,138.847515
鵰町,,,,35.095028,138.857033
上土町,アゲツチチョウ,AGETSUCHICHO,,35.097243,138.858599
旭町,アサヒチョウ,ASAHICHO,,35.092365,138.854766
足高,アシタカ,ASHITAKA,,35.160663,138.851013
足高,アシタカ,ASHITAKA,尾上,35.147038,138.854446
石川,イシカワ,ISHIKAWA,,35.151467,138.776224
泉町,イズミチョウ,IZUMICHO,,35.111826,138.864007
井田,イタ,ITA,,35.002036,138.78953
市場町,イチバチョウ,ICHIBACHO,,35.095974,138.8607
一本松,イッポンマツ,IPPOMMATSU,,35.133354,138.772684
井出,イデ,IDE,,35.147014,138.798805
今沢,イマザワ,IMAZAWA,,35.117987,138.81567
植田,ウエダ,UEDA,,35.135389,138.76195
魚町,ウオチョウ,UOCHO,,35.095371,138.857903
内浦重須,ウチウラオモス,UCHIURA OMOSU,,35.004464,138.886381
内浦小海,ウチウラコウミ,UCHIURA KOMI,,35.028313,138.896668
内浦重寺,ウチウラシゲデラ,UCHIURA SHIGEDERA,,35.033598,138.899205
内浦長浜,ウチウラナガハマ,UCHIURA NAGAHAMA,,35.012766,138.897731
内浦三津,ウチウラミト,UCHIURA MITO,,35.023798,138.90523
江浦,エノウラ,ENORA,,35.05308,138.892844
江原町,エバラチョウ,EBARACHO,,35.119635,138.860938
大岡,オオオカ,OOKA,,35.121268,138.882746
大岡,オオオカ,OOKA,二ツ谷町,35.101082,138.87361
大岡,オオオカ,OOKA,原田,35.102866,138.875385
大岡,オオオカ,OOKA,自由ヶ丘,35.116228,138.868904
大諏訪,オオズワ,OZUWA,,35.111793,138.831772
大塚,オオツカ,OTSUKA,,35.122732,138.807757
大手町一丁目,オオテマチ 1,OTEMACHI 1,,35.103435,138.860845
大手町二丁目,オオテマチ 2,OTEMACHI 2,,35.100641,138.861661
大手町三丁目,オオテマチ 3,OTEMACHI 3,,35.100764,138.860303
大手町四丁目,オオテマチ 4,OTEMACHI 4,,35.098351,138.859472
大手町五丁目,オオテマチ 5,OTEMACHI 5,,35.100601,138.858132
青野,オオノ,ONO,,35.144773,138.813073
大平,オオヒラ,OHIRA,,35.070875,138.902183
岡一色,オカイッシキ,OKAISSHIKI,,35.132911,138.876716
岡宮,オカノミヤ,OKANOMIYA,,35.134492,138.867815
岡宮,オカノミヤ,OKANOMIYA,中見代,35.137809,138.863655
春日町,カスガチョウ,KASUGACHO,,35.082895,138.859399
香貫が丘,カヌキガオカ,KANUKIGAOKA,,35.085724,138.880996
上香貫,カミカヌキ,KAMIKANUKI,,35.090802,138.878807
上香貫,カミカヌキ,KAMIKANUKI,東本郷町,35.096963,138.873347
神田町,カンダチョウ,KANDACHO,,35.11724,138.865841
我入道,ガニュウドウ,GANYUDO,,35.078368,138.860804
北今沢,キタイマザワ,KITAIMAZAWA,,35.123765,138.816775
北園町,キタゾノチョウ,KITAZONOCHO,,35.124203,138.875425
北高島町,キタタカシマチョウ,KITATAKASHIMACHO,,35.112342,138.858768
共栄町,キョウエイチョウ,KYOEICHO,,35.119497,138.869715
口野,クチノ,KUCHINO,,35.042575,138.904695
黒瀬町,クロセチョウ,KUROSECHO,,35.097796,138.872593
小諏訪,コズワ,KOZUWA,,35.108062,138.837111
寿町,コトブキチョウ,KOTOBUKICHO,,35.115792,138.858656
小林台,コバヤシダイ,KOBAYASHIDAI,,35.134397,138.885189
西条町,サイジョウチョウ,SAIJOCHO,,35.100772,138.854739
幸町,サイワイチョウ,SAIWAICHO,,35.095638,138.853691
五月町,サツキチョウ,SATSUKICHO,,35.114094,138.863733
沢田,サワダチョウ,SAWADACHO,,35.115262,138.848133
沢田町,サワダチョウ,SAWADACHO,,35.119511,138.858547
山王台,サンノウダイ,SANNODAI,,35.103164,138.867864
三枚橋,サンマイバシ,SAMMAIBASHI,,35.112714,138.866851
三枚橋町,サンマイバシチョウ,SAMMAIBASHICHO,,35.100363,138.863555
志下,シゲ,SHIGE,,35.064778,138.882706
獅子浜,シシハマ,SHISHIHAMA,,35.053622,138.886217
下小路町,シタコウジチョウ,SHITAKOJICHO,,,
下香貫,シモカヌキ,SHIMOKANUKI,,35.078706,138.87803
下香貫,シモカヌキ,SHIMOKANUKI,島郷,35.076725,138.872496
下河原町,シモガワラチョウ,SHIMOGAWARACHO,,35.089892,138.8573
下河原町一丁目,シモガワラチョウ 1,SHIMOGAWARACHO 1,,,
下河原町二丁目,シモガワラチョウ 2,SHIMOGAWARACHO 2,,,
下河原町三丁目,シモガワラチョウ 3,SHIMOGAWARACHO 3,,,
下本町,シモホンチョウ,SHIMOHONCHO,,35.094517,138.856408
庄栄町,ショウエイチョウ,SHOEICHO,,35.108163,138.861668
白銀町,シロガネチョウ,SHIROGANECHO,,35.100846,138.853275
新沢田町,シンサワダチョウ,SHINSAWADACHO,,35.118115,138.852043
新宿町,シンジュクチョウ,SHINJUKUCHO,,35.107539,138.859803
新町,シンチョウ,SHINCHO,,35.093949,138.85673
蛇松町,ジャマツチョウ,JAMATSUCHO,,35.086847,138.859463
末広町,スエヒロチョウ,SUEHIROCHO,,35.09676,138.853996
杉崎町,スギザキチョウ,SUGIZAKICHO,,35.107481,138.866913
住吉町,スミヨシチョウ,SUMIYOSHICHO,,35.093878,138.867121
駿河台,スルガダイ,SURUGADAI,,35.127377,138.859333
浅間町,センゲンチョウ,SENGENCHO,,35.094663,138.855411
千本常盤町,センボントキワチョウ,SEMBON TOKIWACHO,,35.088483,138.852601
千本中町,センボンナカチョウ,SEMBON NAKACHO,,35.08643,138.856298
千本西町,センボンニシチョウ,SEMBON NISHICHO,,35.086171,138.854852
千本東町,センボンヒガシチョウ,SEMBON HIGASHICHO,,35.086717,138.85727
千本緑町一丁目,センボンミドリチョウ 1,SEMBON MIDORICHO 1,,35.091849,138.852403
千本緑町二丁目,センボンミドリチョウ 2,SEMBON MIDORICHO 2,,35.092838,138.853143
千本緑町三丁目,センボンミドリチョウ 3,SEMBON MIDORICHO 3,,35.091556,138.853828
千本港町,センボンミナトチョウ,SEMBON MINATOCHO,,35.08368,138.857888
添地町,ソエチチョウ,SOECHICHO,,35.100882,138.856311
高尾台,タカオダイ,TAKAODAI,,35.134642,138.861174
高砂町,タカサゴチョウ,TAKASAGOCHO,,35.133099,138.858395
高沢町,タカザワチョウ,TAKAZAWACHO,,35.106034,138.854869
高島町,タカシマチョウ,TAKASHIMACHO,,35.104925,138.858792
高島本町,タカシマホンチョウ,TAKASHIMAHONCHO,,35.108875,138.857632
蓼原町,タデハラチョウ,TADEHARACHO,,35.083059,138.861203
多比,タビ,TABI,,35.054413,138.903166
玉江町,タマエチョウ,TAMAECHO,,35.088065,138.869177
大門町,ダイモンチョウ,DAIMONCHO,,35.096515,138.856002
筒井町,ツツイチョウ,TSUTSUICHO,,35.119965,138.863999
通横町,トオリヨコチョウ,TORIYOKOCHO,,35.096207,138.857444
常盤町一丁目,トキワチョウ 1,TOKIWACHO 1,,35.090297,138.853252
常盤町二丁目,トキワチョウ 2,TOKIWACHO 2,,35.089235,138.854008
常盤町三丁目,トキワチョウ 3,TOKIWACHO 3,,35.08803,138.854797
鳥谷,トヤ,TOYA,,35.136704,138.81971
中沢田,ナカサワダ,NAKASAWADA,,35.130226,138.851641
中沢田,ナカサワダ,NAKASAWADA,円丸,35.129122,138.852485
中瀬町,ナカセチョウ,NAKASECHO,,35.099505,138.879029
仲町,ナカチョウ,NAKACHO,,35.09421,138.857629
中原町,ナカハラチョウ,NAKAHARACHO,,35.09818,138.875383
西浦足保,ニシウラアシボ,NISHIURA ASHIBO,,35.001699,138.818691
西浦江梨,ニシウラエナシ,NISHIURA ENASHI,,35.01328,138.800169
西浦木負,ニシウラキショウ,NISHIURA KISHO,,35.019544,138.876085
西浦久連,ニシウラクヅラ,NISHIURA KUZURA,,35.009151,138.861918
西浦久料,ニシウラクリョウ,NISHIURA KURYO,,35.014407,138.823601
西浦古宇,ニシウラコウ,NISHIURA KO,,35.002194,138.835186
西浦河内,ニシウラコウチ,NISHIURA KOCHI,,34.994728,138.861486
西浦立保,ニシウラタチボ,NISHIURA TACHIBO,,35.001072,138.846929
西浦平沢,ニシウラヒラサワ,NISHIURA HIRASAWA,,34.990243,138.84339
錦町,ニシキチョウ,NISHIKICHO,,35.100582,138.850689
西熊堂,ニシクマンドウ,NISHIKUMANDO,,35.12424,138.85926
西沢田,ニシサワダ,NISHISAWADA,,35.122541,138.845917
西椎路,ニシシイジ,NISHISHIIJI,,35.132514,138.828409
西島町,ニシジマチョウ,NISHIJIMACHO,,35.086028,138.863434
西添町,ニシゾエチョウ,NISHIZOECHO,,35.129722,138.789574
西野,ニシノ,NISHINO,,35.186615,138.796709
西間門,ニシマカド,NISHIMAKADO,,35.104377,138.842767
西間門二丁目,ニシマカド 2,NISHIMAKADO 2,,35.101444,138.844072
西間門三丁目,ニシマカド 3,NISHIMAKADO 3,,35.100753,138.843748
沼北町一丁目,ヌマキタチョウ 1,NUMAKITACHO 1,,35.113844,138.854885
沼北町二丁目,ヌマキタチョウ 2,NUMAKITACHO 2,,35.114,138.851473
根古屋,ネゴヤ,NEGOYA,,35.144516,138.806662
八幡町,ハチマンチョウ,HACHIMANCHO,,35.098022,138.855633
花園町,ハナゾノチョウ,HANAZONOCHO,,35.122362,138.870222
原,ハラ,HARA,,35.127248,138.788536
原,ハラ,HARA,古田,35.132525,138.778977
原町中一丁目,ハラマチナカ 1,HARAMACHINAKA 1,,35.130216,138.796202
原町中二丁目,ハラマチナカ 2,HARAMACHINAKA 2,,35.129817,138.799446
原町中三丁目,ハラマチナカ 3,HARAMACHINAKA 3,,35.132334,138.801038
東熊堂,ヒガシクマンドウ,HIGASHIKUMANDO,,35.122894,138.86152
東沢田,ヒガシサワダ,HIGASHISAWADA,,35.130774,138.855223
東椎路,ヒガシシイジ,HIGASHISHIIJI,,35.128607,138.837145
東椎路,ヒガシシイジ,HIGASHISHIIJI,春ノ木,35.119942,138.835126
東原,ヒガシバラ,HIGASHIBARA,,35.134193,138.823415
東原,ヒガシバラ,HIGASHIBARA,下方通,35.125933,138.816557
東原,ヒガシバラ,HIGASHIBARA,榎田通,35.125179,138.818258
東間門,ヒガシマカド,HIGASHIMAKADO,,35.106245,138.846124
東間門一丁目,ヒガシマカド 1,HIGASHIMAKADO 1,,35.101277,138.845922
東間門二丁目,ヒガシマカド 2,HIGASHIMAKADO 2,,35.099961,138.846956
東間門三丁目,ヒガシマカド 3,HIGASHIMAKADO 3,,35.09972,138.845968
東宮後町,ヒガシミヤウシロチョウ,HIGASHIMIYAUSHIROCHO,,35.09581,138.855839
日の出町,ヒノデチョウ,HINODECHO,,35.109328,138.86799
平沼,ヒラヌマ,HIRANUMA,,35.150884,138.787329
平町,ヒラマチ,HIRAMACHI,,35.100015,138.867514
富士見町,フジミチョウ,FUJIMICHO,,35.106204,138.869238
双葉町,フタバチョウ,FUTABACHO,,35.106724,138.85097
戸田,ヘダ,HEDA,,34.96422,138.800662
本,ホン,HON,,35.089535,138.850236
本,ホン,HON,千本,35.096766,138.847364
本,ホン,HON,松下七反田,35.094116,138.850976
本郷町,ホンゴウチョウ,HONGOCHO,,35.095159,138.871506
本田町,ホンタマチ,HONTAMACHI,,35.110295,138.85266
本町,ホンチョウ,HONCHO,,35.095663,138.856679
馬込,マゴメ,MAGOME,,35.059554,138.882327
真砂町,マサゴチョウ,MASAGOCHO,,35.098956,138.851104
町方町,マチカタマチ,MACHIKATAMACHI,,35.097488,138.857105
松沢町,マツサワチョウ,MATSUSAWACHO,,35.127647,138.86257
松長,マツナガ,MATSUNAGA,,35.115937,138.823634
松長,マツナガ,MATSUNAGA,内林,35.114955,138.818824
丸子町,マルコチョウ,MARUKOCHO,,35.100742,138.849412
三園町,ミソノチョウ,MISONOCHO,,35.089533,138.866391
緑ケ丘,ミドリガオカ,MIDORIGAOKA,,35.119868,138.873763
南本郷町,ミナミホンゴウチョウ,MINAMIHONGOCHO,,35.090758,138.869165
宮町,ミヤチョウ,MIYACHO,,,
宮前町,ミヤマエチョウ,MIYAMAECHO,,35.122079,138.874099
宮本,ミヤモト,MIYAMOTO,,35.170957,138.828622
御幸町,ミユキチョウ,MIYUKICHO,,35.095001,138.864874
三芳町,ミヨシチョウ,MIYOSHICHO,,35.103478,138.865572
桃里,モモザト,MOMOZATO,,35.135542,138.767935
柳沢,ヤナギサワ,YANAGISAWA,,35.139212,138.817627
柳町,ヤナギチョウ,YANAGICHO,,35.117122,138.862839
山ケ下町,ヤマガシタチョウ,YAMAGASHITACHO,,35.095039,138.883436
豊町,ユタカチョウ,YUTAKACHO,,35.130429,138.861401
吉田町,ヨシダチョウ,YOSHIDACHO,,35.091144,138.861624
米山町,ヨネヤマチョウ,YONEYAMACHO,,35.10748,138.863282
若葉町,ワカバチョウ,WAKABACHO,,35.11874,138.85617
