name,name_kana,name_romaji,nickname,latitude,longitude
青竹町,アオタケチョウ,AOTAKECHO,,34.760845,137.349365
飽海町,アクミチョウ,AKUMICHO,,34.771175,137.401897
曙町,アケボノチョウ,AKEBONOCHO,,34.727511,137.400964
明海町,アケミチョウ,AKEMICHO,,34.712215,137.323339
朝丘町,アサオカチョウ,ASAOKACHO,,34.761727,137.418441
旭本町,アサヒホンマチ,ASAHIHOMMACHI,,34.766531,137.401058
旭町,アサヒマチ,ASAHIMACHI,,34.767943,137.402393
芦原町,アシハラチョウ,ASHIHARACHO,,34.719668,137.376647
東田町,アズマダチョウ,AZUMADACHO ,,34.768167,137.41916
東田中郷町,アズマダナカゴウチョウ,AZUMADA NAKAGOCHO,,34.768309,137.409951
東田仲の町,アズマダナカノマチ,AZUMADANAKANOMACHI,,34.762717,137.416571
吾妻町,アヅマチョウ,AZUMACHO,,34.763087,137.414277
池見町,イケミチョウ,IKEMICHO,,34.761526,137.412811
伊古部町,イコベチョウ,IKOBECHO,,34.670844,137.38195
石巻小野田町,イシマキオノダチョウ,ISHIMAKI ONODACHO,,34.825777,137.448812
石巻町,イシマキチョウ,ISHIMAKICHO,,34.784699,137.455321
石巻中山町,イシマキナカヤマチョウ,ISHIMAKI NAKAYAMACHO,,34.820967,137.486392
石巻西川町,イシマキニシガワチョウ,ISHIMAKI NISHIGAWACHO,,34.846525,137.46336
石巻萩平町,イシマキハギヒラチョウ,ISHIMAKI HAGIHIRACHO,,34.835375,137.47814
石巻平野町,イシマキヒラノチョウ,ISHIMAKI HIRANOCHO,,34.82771,137.464142
石巻本町,イシマキホンマチ,ISHIMAKI HOMMACHI,,34.804985,137.444116
磯辺下地町,イソベシタジチョウ,ISOBESHITAJICHO,,34.719781,137.367667
市場一丁目,イチバ 1,ICHIBA 1,,34.749956,137.359634
一色町,イッシキチョウ,ISSHIKICHO,,34.729252,137.371634
井原町,イハラチョウ,IHARACHO,,34.766377,137.423505
今橋町,イマハシチョウ,IMAHASHICHO,,34.770057,137.395579
飯村北一丁目,イムレキタ 1,IMUREKITA 1,,34.747102,137.418155
飯村北二丁目,イムレキタ 2,IMUREKITA 2,,34.746828,137.421325
飯村北三丁目,イムレキタ 3,IMUREKITA 3,,34.74647,137.425209
飯村北四丁目,イムレキタ 4,IMUREKITA 4,,34.747654,137.429506
飯村北五丁目,イムレキタ 5,IMUREKITA 5,,34.746341,137.431482
飯村町,イムレチョウニシヤマ、タカヤマ,IMURECHO NISHIYAMA.TAKAYAMA,,34.742173,137.437161
飯村南一丁目,イムレミナミ 1,IMUREMINAMI 1,,34.745091,137.416709
飯村南二丁目,イムレミナミ 2,IMUREMINAMI 2,,34.742808,137.421603
飯村南三丁目,イムレミナミ 3,IMUREMINAMI 3,,34.743001,137.428389
飯村南四丁目,イムレミナミ 4,IMUREMINAMI 4,,34.741091,137.426122
飯村南五丁目,イムレミナミ 5,IMUREMINAMI 5,,34.73942,137.428006
入船町,イリフネチョウ,IRIFUNECHO,,34.75254,137.383173
岩崎町,イワサキチョウ,IWASAKICHO,,34.748984,137.459625
岩田町,イワタチョウ,IWATACHO,,34.751847,137.437424
岩屋町,イワヤチョウ,IWAYACHO,,34.736243,137.424676
上地町,ウエジチョウ,UEJICHO,,34.766643,137.415281
植田町,ウエタチョウ,UETACHO,,34.708255,137.366829
上野町,ウエノチョウ,UENOCHO,,34.723479,137.389468
魚町,ウオマチ,UOMACHI,,34.765395,137.389739
牛川町,ウシカワチョウ,USHIKAWACHO ,,34.782002,137.416965
牛川通一丁目,ウシカワドオリ 1,USHIKAWADORI 1,,34.777082,137.419522
牛川通二丁目,ウシカワドオリ 2,USHIKAWADORI 2,,34.778676,137.417129
牛川通三丁目,ウシカワドオリ 3,USHIKAWADORI 3,,34.779521,137.421841
牛川通四丁目,ウシカワドオリ 4,USHIKAWADORI 4,,34.780691,137.427074
牛川通五丁目,ウシカワドオリ 5,USHIKAWADORI 5,,34.783497,137.423912
牛川薬師町,ウシカワヤクシチョウ,USHIKAWAYAKUSHICHO,,34.772823,137.411624
内張町,ウチバリチョウ,UCHIBARICHO,,34.729051,137.376947
雲谷町,ウノヤチョウ,UNOYACHO,,34.735835,137.467404
梅薮町,ウメヤブチョウ,UMEYABUCHO,,34.79221,137.327784
梅薮西町,ウメヤブニシマチ,UMEYABUNISHIMACHI,,34.788986,137.326405
瓜郷町,ウリゴウチョウ,URIGOCHO,,34.788276,137.380013
駅前大通一丁目,エキマエオオドオリ 1,EKIMAEODORI 1,,34.762693,137.384143
駅前大通二丁目,エキマエオオドオリ 2,EKIMAEODORI 2,,34.762714,137.386709
駅前大通三丁目,エキマエオオドオリ 3,EKIMAEODORI 3,,34.762757,137.388703
江島町,エジマチョウ,EJIMACHO,,34.736371,137.40631
老津町,オイツチョウ,OITSUCHO,,34.692043,137.341524
老松町,オイマツチョウ,OIMATSUCHO,,34.763422,137.408033
往完町,オウカンチョウ,OKANCHO,,34.756842,137.370108
大井町,オオイチョウ,OICHO,,34.759478,137.41143
大岩町,オオイワチョウ,OIWACHO ,,34.723127,137.438066
大崎町,オオサキチョウ,OSAKICHO,,34.711925,137.346238
大清水町,オオシミズチョウ,OSHIMIZUCHO,,34.700213,137.357157
大手町,オオテマチ,OTEMACHI,,34.764872,137.391662
大橋通一丁目,オオハシドオリ 1,OHASHIDORI 1,,34.765038,137.382226
大橋通二丁目,オオハシドオリ 2,OHASHIDORI 2,,34.766251,137.382111
大橋通三丁目,オオハシドオリ 3,OHASHIDORI 3,,34.769321,137.383084
大村町,オオムラチョウ,OMURACHO,,34.789269,137.396499
大山町,オオヤマチョウ,OYAMACHO,,34.722864,137.358142
大脇町,オオワキチョウ,OWAKICHO ,,34.733328,137.45436
王ヶ崎町,,,,34.737455,137.370817
鍵田町,カギタチョウ,KAGITACHO,,34.752345,137.391027
鍛冶町,カジマチ,KAJIMACHI,,34.765028,137.398136
春日町一丁目,カスガチョウ 1,KASUGACHO 1,,34.756564,137.414601
春日町二丁目,カスガチョウ 2,KASUGACHO 2,,34.758046,137.416693
曲尺手町,カネンテチョウ,KANENTECHO,,34.765561,137.395296
上伝馬町,カミデンマチョウ,KAMIDEMMACHO,,34.768481,137.386218
神ノ輪町,カミノワチョウ,KAMINOWACHO,,34.742178,137.366554
鴨田町,カモダチョウ,KAMODACHO,,34.749004,137.385766
賀茂町,カモチョウ,KAMOCHO,,34.836225,137.436499
萱町,カヤマチ,KAYAMACHI,,34.766198,137.385575
川崎町,カワサキチョウ,KAWASAKICHO,,34.78204,137.358439
瓦町,カワラマチ,KAWARAMACHI,,34.760495,137.40916
瓦町通一丁目,カワラマチドオリ 1,KAWARAMACHIDORI 1,,34.761209,137.405498
瓦町通二丁目,カワラマチドオリ 2,KAWARAMACHIDORI 2,,34.759522,137.407413
北岩田一丁目,キタイワタ 1,KITAIWATA 1,,34.761073,137.435148
北岩田二丁目,キタイワタ 2,KITAIWATA 2,,34.759703,137.437542
北丘町,キタオカチョウ,KITAOKACHO,,34.742488,137.386136
北側町,キタガワチョウ,KITAGAWACHO,,34.76475,137.374215
北島町,キタジマチョウ,KITAJIMACHO,,34.775515,137.377578
北山町,キタヤマチョウ,KITAYAMACHO,,34.735825,137.391003
絹田町,キヌタチョウ,KINUTACHO,,34.768622,137.379657
清須町,キヨスチョウ,KIYOSUCHO,,34.782246,137.352232
草間町,クサマチョウ,KUSAMACHO,,34.734094,137.37879
下条西町,ゲジョウニシマチ,GEJO NISHIMACHI,,34.797801,137.40883
下条東町,ゲジョウヒガシマチ,GEJO HIGASHIMACHI,,34.798494,137.418906
小池町,コイケチョウ,KOIKECHO,,34.749157,137.38944
小島町,コジマチョウ,KOJIMACHO,,34.683076,137.446799
小畷町,コナワテチョウ,KONAWATECHO,,34.758737,137.396244
小浜町,コハマチョウ,KOHAMACHO,,34.739498,137.367556
呉服町,ゴフクマチ,GOFUKUMACHI,,34.765887,137.392667
駒形町,コマガタチョウ,KOMAGATACHO,,34.72808,137.364673
小松町,コマツチョウ,KOMATSUCHO,,34.740902,137.391413
小松原町,コマツバラチョウ,KOMATSUBARACHO,,34.68269,137.437346
小向町,コムカイチョウ,KOMUKAICHO,,34.765837,137.357455
菰口町一丁目,コモグチチョウ 1,KOMOGUCHICHO 1,,34.772585,137.373453
菰口町二丁目,コモグチチョウ 2,KOMOGUCHICHO 2,,34.771058,137.374967
菰口町三丁目,コモグチチョウ 3,KOMOGUCHICHO 3,,34.769402,137.375573
菰口町四丁目,コモグチチョウ 4,KOMOGUCHICHO 4,,34.768674,137.37076
菰口町五丁目,コモグチチョウ 5,KOMOGUCHICHO 5,,34.770304,137.370028
菰口町六丁目,コモグチチョウ 6,KOMOGUCHICHO 6,,34.772687,137.371361
西郷町,サイゴウチョウ,SAIGOCHO,,34.77015,137.406308
栄町,サカエマチ,SAKAEMACHI,,34.763845,137.417784
佐藤一丁目,サトウ 1,SATO 1,,34.748618,137.402878
佐藤二丁目,サトウ 2,SATO 2,,34.745776,137.407078
佐藤三丁目,サトウ 3,SATO 3,,34.74349,137.409799
佐藤四丁目,サトウ 4,SATO 4,,34.740409,137.407006
佐藤五丁目,サトウ 5,SATO 5,,34.742846,137.404637
佐藤町,サトウチョウ,SATOCHO,,34.738173,137.409239
三本木町,サンボンギチョウ,SAMBONGICHO,,34.723397,137.395497
潮崎町,シオザキチョウ,SHIOZAKICHO,,34.743663,137.368598
東雲町,シノノメチョウ,SHINONOMECHO,,34.764597,137.415473
下五井町,シモゴイチョウ,SHIMOGOICHO,,34.788929,137.366601
下地町,シモジチョウ,SHIMOJICHO ,,34.781198,137.383911
下地町一丁目,シモジチョウ 1,SHIMOJICHO  1,,34.774138,137.386348
下地町二丁目,シモジチョウ 2,SHIMOJICHO  2,,34.775351,137.384944
下地町三丁目,シモジチョウ 3,SHIMOJICHO  3,,34.77642,137.38371
下地町四丁目,シモジチョウ 4,SHIMOJICHO  4,,34.777402,137.382176
下地町五丁目,シモジチョウ 5,SHIMOJICHO  5,,34.778782,137.380975
白河町,シラカワチョウ,SHIRAKAWACHO,,34.761227,137.379692
城下町,シロシタチョウ,SHIROSHITACHO,,34.6613,137.344479
城山町,シロヤマチョウ,SHIROYAMACHO,,34.726015,137.369734
新川町,シンカワチョウ,SHINKAWACHO,,34.761268,137.388932
新栄町,シンサカエチョウ,SHINSAKAECHO,,34.765094,137.36466
新西浜町,シンニシハマチョウ,SHINNISHIHAMACHO,,34.784344,137.315384
神野新田町,ジンノシンデンチョウ,JINNO SHINDENCHO,,34.748793,137.333019
神野西町一丁目,ジンノニシマチ 1,JINNO NISHIMACHI 1,,34.740752,137.315515
神野ふ頭町,ジンノフトウチョウ,JINNO FUTOCHO,,34.732769,137.331649
新本町,シンホンマチ,SHINHOMMACHI,,34.766663,137.387049
神明町,シンメイチョウ,SHIMMEICHO,,34.762861,137.390892
新吉町,シンヨシチョウ,SHINYOSHICHO,,34.763431,137.393202
杉山町,スギヤマチョウ,SUGIYAMACHO,,34.678578,137.322514
嵩山町,スセチョウ,SUSECHO,,34.798895,137.474373
住吉町,スミヨシチョウ,SUMIYOSHICHO,,34.762734,137.410219
関屋町,セキヤチョウ,SEKIYACHO,,34.769722,137.388376
大国町,ダイコクチョウ,DAIKOKUCHO,,34.760464,137.390718
高師石塚町,タカシイシヅカチョウ,TAKASHI ISHIZUKACHO,,34.744906,137.39107
高師町,タカシチョウ,TAKASHICHO,,34.728159,137.384064
高師本郷町,タカシホンゴウチョウ,TAKASHI HONGOCHO,,34.717033,137.394263
高洲町,タカスチョウ,TAKASUCHO,,34.768378,137.349719
高田町,タカダチョウ,TAKADACHO,,34.71842,137.416901
高塚町,タカツカチョウ,TAKATSUKACHO,,34.676787,137.398204
忠興一丁目,タダコウ 1,TADAKO 1,,34.775729,137.430687
忠興二丁目,タダコウ 2,TADAKO 2,,34.778428,137.431058
忠興三丁目,タダコウ 3,TADAKO 3,,34.782319,137.431689
立花町,タチバナチョウ,TACHIBANACHO,,34.760363,137.376776
多米町,タメチョウ,TAMECHO,,34.762646,137.469415
多米中町一丁目,タメナカマチ 1,TAMENAKAMACHI 1,,34.760125,137.443682
多米中町二丁目,タメナカマチ 2,TAMENAKAMACHI 2,,34.760339,137.449906
多米中町三丁目,タメナカマチ 3,TAMENAKAMACHI 3,,34.759937,137.447101
多米中町四丁目,タメナカマチ 4,TAMENAKAMACHI 4,,34.757711,137.445038
多米西町一丁目,タメニシマチ 1,TAMENISHIMACHI 1,,34.763631,137.435059
多米西町二丁目,タメニシマチ 2,TAMENISHIMACHI 2,,34.76449,137.438832
多米西町三丁目,タメニシマチ 3,TAMENISHIMACHI 3,,34.760758,137.439683
多米東町一丁目,タメヒガシマチ 1,TAMEHIGASHIMACHI 1,,34.76027,137.45393
多米東町二丁目,タメヒガシマチ 2,TAMEHIGASHIMACHI 2,,34.764113,137.457944
多米東町三丁目,タメヒガシマチ 3,TAMEHIGASHIMACHI 3,,34.760505,137.457686
談合町,ダンゴウチョウ,DANGOCHO,,34.764011,137.397434
築地町,ツキジチョウ,TSUKIJICHO,,34.761783,137.3723
つつじが丘一丁目,ツツジガオカ 1,TSUTSUJIGAOKA 1,,34.748822,137.396755
つつじが丘二丁目,ツツジガオカ 2,TSUTSUJIGAOKA 2,,34.747176,137.398111
つつじが丘三丁目,ツツジガオカ 3,TSUTSUJIGAOKA 3,,34.744469,137.399979
寺沢町,テラサワチョウ,TERASAWACHO,,34.681846,137.430668
天伯町,テンパクチョウ,TEMPAKUCHO,,34.708411,137.412944
伝馬町,デンマチョウ,DEMMACHO,,34.756834,137.411255
堂浦町,ドウウラチョウ,DOURACHO,,34.75307,137.388963
東光町,トウコウチョウ,TOKOCHO,,34.763028,137.420082
東郷町,トウゴウチョウ,TOGOCHO,,34.767072,137.411699
堂坂町,ドウザカチョウ,DOZAKACHO,,34.749528,137.378947
富本町,トミモトチョウ,TOMIMOTOCHO,,34.74296,137.384462
豊岡町,トヨオカチョウ,TOYOKACHO,,34.757562,137.421677
問屋町,トンヤチョウ,TONYACHO,,34.763205,137.336176
中岩田一丁目,ナカイワタ 1,NAKAIWATA 1,,34.755867,137.424569
中岩田二丁目,ナカイワタ 2,NAKAIWATA 2,,34.75282,137.424741
中岩田三丁目,ナカイワタ 3,NAKAIWATA 3,,34.749548,137.424845
中岩田四丁目,ナカイワタ 4,NAKAIWATA 4,,34.755983,137.427948
中岩田五丁目,ナカイワタ 5,NAKAIWATA 5,,34.752389,137.428134
中岩田六丁目,ナカイワタ 6,NAKAIWATA 6,,34.749355,137.428348
中郷町,ナカゴウチョウ,NAKAGOCHO,,34.755856,137.380519
中柴町,ナカシバチョウ,NAKASHIBACHO,,34.759739,137.388846
中世古町,ナカセコチョウ,NAKASEKOCHO,,34.763907,137.3954
長瀬町,ナガセチョウ,NAGASECHO,,34.793755,137.400973
中野町,ナカノチョウ,NAKANOCHO,,34.734982,137.373718
仲ノ町,ナカノマチ,NAKANOMACHI,,34.758885,137.413762
中橋良町,ナカハシラチョウ,NAKAHASHIRACHO,,34.747876,137.382422
中浜町,ナカハマチョウ,NAKAHAMACHO,,34.741142,137.372681
中原町,ナカハラチョウ,NAKAHARACHO,,34.720719,137.477348
中松山町,ナカマツヤマチョウ,NAKAMATSUYAMACHO,,34.75772,137.38898
浪ノ上町,,,,34.78677,137.423079
西赤沢町,ニシアカサワチョウ,NISHIAKASAWACHO,,34.665304,137.353702
西岩田一丁目,ニシイワタ 1,NISHIIWATA 1,,34.755203,137.417092
西岩田二丁目,ニシイワタ 2,NISHIIWATA 2,,34.753312,137.417842
西岩田三丁目,ニシイワタ 3,NISHIIWATA 3,,34.751012,137.417013
西岩田四丁目,ニシイワタ 4,NISHIIWATA 4,,34.755046,137.420728
西岩田五丁目,ニシイワタ 5,NISHIIWATA 5,,34.752597,137.420823
西岩田六丁目,ニシイワタ 6,NISHIIWATA 6,,34.749609,137.420705
西小鷹野一丁目,ニシオダカノ 1,NISHIODAKANO 1,,34.769173,137.423582
西小鷹野二丁目,ニシオダカノ 2,NISHIODAKANO 2,,34.770722,137.425914
西小鷹野三丁目,ニシオダカノ 3,NISHIODAKANO 3,,34.772887,137.425017
西小鷹野四丁目,ニシオダカノ 4,NISHIODAKANO 4,,34.775332,137.425181
西小田原町,ニシオダワラチョウ,NISHIODAWARACHO,,34.760113,137.385058
錦町,ニシキマチ,NISHIKIMACHI,,34.757806,137.374299
西小池町,ニシコイケチョウ,NISHIKOIKECHO,,34.751833,137.386312
西新町,ニシシンマチ,NISHISHIMMACHI,,34.764749,137.40018
西高師町,ニシタカシチョウ,NISHITAKASHICHO,,34.716812,137.385887
西七根町,ニシナナネチョウ,NISHINANANECHO,,34.679248,137.411511
西橋良町,ニシハシラチョウ,NISHIHASHIRACHO,,34.751348,137.379951
西羽田町,ニシハダチョウ,NISHIHADACHO,,34.759537,137.371707
西浜町,ニシハマチョウ,NISHIHAMACHO,,34.78582,137.329537
西松山町,ニシマツヤマチョウ,NISHIMATSUYAMACHO,,34.757074,137.386936
西幸町,ニシミユキチョウ,NISHIMIYUKICHO,,34.728191,137.413531
西山町,ニシヤマチョウ,NISHIYAMACHO,,34.696503,137.451178
仁連木町,ニレンギチョウ,NIRENGICHO,,34.770064,137.414103
野黒町,ノグロチョウ,NOGUROCHO,,34.758799,137.382381
野田町,ノダチョウ,NODACHO,,34.775217,137.371387
野依台一丁目,ノヨリダイ 1,NOYORIDAI 1,,34.699615,137.378275
野依台二丁目,ノヨリダイ 2,NOYORIDAI 2,,34.693492,137.370791
野依町,ノヨリチョウ,NOYORICHO,,34.700945,137.391525
柱一番町,ハシラ1バンチョウ,HASHIRA 1-BANCHO,,34.745455,137.383562
柱九番町,ハシラ9バンチョウ,HASHIRA 9-BANCHO,,34.743986,137.38282
柱五番町,ハシラ5バンチョウ,HASHIRA 5-BANCHO,,34.747983,137.373083
柱三番町,ハシラ3バンチョウ,HASHIRA 3-BANCHO,,34.748359,137.376842
橋良町,ハシラチョウ,HASHIRACHO,,34.741107,137.381176
柱七番町,ハシラ7バンチョウ,HASHIRA 7-BANCHO,,34.744649,137.376646
柱二番町,ハシラ2バンチョウ,HASHIRA 2-BANCHO,,34.746344,137.380009
柱八番町,ハシラ8バンチョウ,HASHIRA 8-BANCHO,,34.743057,137.379073
柱四番町,ハシラ4バンチョウ,HASHIRA 4-BANCHO,,34.749619,137.374943
柱六番町,ハシラ6バンチョウ,HASHIRA 6-BANCHO,,34.746616,137.375335
畑ケ田町,ハタケダチョウ,HATAKEDACHO,,34.709567,137.395904
羽田町,ハダチョウ,HADACHO,,34.764038,137.377407
八町通一丁目,ハッチョウドオリ 1,HATCHODORI 1,,34.768611,137.389461
八町通二丁目,ハッチョウドオリ 2,HATCHODORI 2,,34.767699,137.391577
八町通三丁目,ハッチョウドオリ 3,HATCHODORI 3,,34.76712,137.393619
八町通四丁目,ハッチョウドオリ 4,HATCHODORI 4,,34.766948,137.39623
八町通五丁目,ハッチョウドオリ 5,HATCHODORI 5,,34.766783,137.398896
花園町,ハナゾノチョウ,HANAZONOCHO,,34.765187,137.387165
花田一番町,ハナダ1バンチョウ,HANADA 1-BANCHO,,34.762945,137.379035
花田三番町,ハナダ3バンチョウ,HANADA 3-BANCHO,,34.7637,137.37452
花田町,ハナダチョウ,HANADACHO,,34.763075,137.369597
花田二番町,ハナダ2バンチョウ,HANADA 2-BANCHO,,34.762408,137.375343
花中町,ハナナカチョウ,HANANAKACHO,,34.755857,137.384502
羽根井町,ハネイチョウ,HANEICHO,,34.754755,137.377088
羽根井西町,ハネイニシマチ,HANEI NISHIMACHI,,34.7545,137.37355
羽根井本町,ハネイホンマチ,HANEI HOMMACHI,,34.758147,137.377249
浜道町,ハマミチチョウ,HAMAMICHICHO,,34.718158,137.405758
原町,ハラチョウ,HARACHO,,34.710922,137.484646
東赤沢町,ヒガシアカサワチョウ,HIGASHIAKASAWACHO,,34.665301,137.367282
東岩田一丁目,ヒガシイワタ 1,HIGASHIIWATA 1,,34.756825,137.430663
東岩田二丁目,ヒガシイワタ 2,HIGASHIIWATA 2,,34.756994,137.43336
東岩田三丁目,ヒガシイワタ 3,HIGASHIIWATA 3,,34.752869,137.431342
東岩田四丁目,ヒガシイワタ 4,HIGASHIIWATA 4,,34.750143,137.430678
東大清水町,ヒガシオオシミズチョウ,HIGASHIOSHIMIZUCHO,,34.684099,137.37736
東小鷹野一丁目,ヒガシオダカノ 1,HIGASHIODAKANO 1,,34.76628,137.427544
東小鷹野二丁目,ヒガシオダカノ 2,HIGASHIODAKANO 2,,34.767299,137.430423
東小鷹野三丁目,ヒガシオダカノ 3,HIGASHIODAKANO 3,,34.769743,137.430185
東小鷹野四丁目,ヒガシオダカノ 4,HIGASHIODAKANO 4,,34.772249,137.430443
東小田原町,ヒガシオダワラチョウ,HIGASHIODAWARACHO,,34.760541,137.386916
東小池町,ヒガシコイケチョウ,HIGASHIKOIKECHO,,34.750636,137.39346
東小浜町,ヒガシコハマチョウ,HIGASHIKOHAMACHO,,34.742643,137.375991
東新町,ヒガシシンマチ,HIGASHISHIMMACHI,,34.76325,137.403512
東高田町,ヒガシタカダチョウ,HIGASHITAKADACHO,,34.71379,137.429086
東七根町,ヒガシナナネチョウ,HIGASHINANANECHO,,34.684647,137.422516
東橋良町,ヒガシハシラチョウ,HIGASHIHASHIRACHO,,34.748831,137.383469
東細谷町,ヒガシホソヤチョウ,HIGASHIHOSOYACHO,,34.692639,137.480479
東松山町,ヒガシマツヤマチョウ,HIGASHIMATSUYAMACHO,,34.756962,137.390367
東幸町,ヒガシミユキチョウ,HIGASHIMIYUKICHO,,34.734099,137.417584
東森岡一丁目,ヒガシモリオカ 1,HIGASHIMORIOKA 1,,34.786319,137.429816
東森岡二丁目,ヒガシモリオカ 2,HIGASHIMORIOKA 2,,34.786428,137.432704
東脇一丁目,ヒガシワキ 1,HIGASHIWAKI 1,,34.754286,137.364433
東脇二丁目,ヒガシワキ 2,HIGASHIWAKI 2,,34.752185,137.361768
東脇三丁目,ヒガシワキ 3,HIGASHIWAKI 3,,34.753241,137.369522
東脇四丁目,ヒガシワキ 4,HIGASHIWAKI 4,,34.750332,137.363713
日色野町,ヒシキノチョウ,HISHIKINOCHO,,34.787962,137.345751
平川町,ヒラカワチョウ,HIRAKAWACHO,,34.761749,137.421931
平川本町一丁目,ヒラカワホンマチ 1,HIRAKAWA HOMMACHI 1,,34.761508,137.423893
平川本町二丁目,ヒラカワホンマチ 2,HIRAKAWA HOMMACHI 2,,34.760378,137.426646
平川本町三丁目,ヒラカワホンマチ 3,HIRAKAWA HOMMACHI 3,,34.759834,137.429116
平川南町,ヒラカワミナミマチ,HIRAKAWA MINAMIMACHI,,34.760579,137.420708
広小路一丁目,ヒロコウジ 1,HIROKOJI 1,,34.764349,137.384338
広小路二丁目,ヒロコウジ 2,HIROKOJI 2,,34.764246,137.386463
広小路三丁目,ヒロコウジ 3,HIROKOJI 3,,34.764107,137.388743
福岡町,フクオカチョウ,FUKUOKACHO,,34.746191,137.386162
富久縞町,フクシマチョウ,FUKUSHIMACHO,,34.768712,137.33658
藤沢町,フジサワチョウ,FUJISAWACHO,,34.744934,137.372427
藤並町,フジナミチョウ,FUJINAMICHO,,34.724483,137.422435
富士見台一丁目,フジミダイ 1,FUJIMIDAI 1,,34.682995,137.358168
富士見台二丁目,フジミダイ 2,FUJIMIDAI 2,,34.680046,137.357704
富士見台三丁目,フジミダイ 3,FUJIMIDAI 3,,34.679292,137.362469
富士見台四丁目,フジミダイ 4,FUJIMIDAI 4,,34.67782,137.368706
富士見台五丁目,フジミダイ 5,FUJIMIDAI 5,,34.675418,137.368464
富士見台六丁目,フジミダイ 6,FUJIMIDAI 6,,34.676856,137.372354
冨士見町,フジミチョウ,FUJIMICHO,,34.698777,137.44204
二川町,フタガワチョウ,FUTAGAWACHO ,,34.722755,137.452557
札木町,フダギチョウ,FUDAGICHO,,34.766658,137.390118
船渡町,フナトチョウ,FUNATOCHO,,34.717897,137.354181
舟原町,フナハラチョウ,FUNAHARACHO,,34.762637,137.399937
船町,フナマチ,FUNAMACHI,,34.773264,137.382734
豊栄町,ホウエイチョウ,HOEICHO,,34.703291,137.432043
豊清町,ホウセイチョウ,HOSEICHO,,34.713003,137.470369
細谷町,ホソヤチョウ,HOSOYACHO,,34.691605,137.463177
前芝町,マエシバチョウ,MAESHIBACHO,,34.782641,137.338136
前田町一丁目,マエダチョウ 1,MAEDACHO 1,,34.762277,137.395478
前田町二丁目,マエダチョウ 2,MAEDACHO 2,,34.760951,137.398456
前田中町,マエダナカマチ,MAEDANAKAMACHI,,34.760367,137.393408
前田南町一丁目,マエダミナミマチ 1,MAEDAMINAMIMACHI 1,,34.756531,137.392554
前田南町二丁目,マエダミナミマチ 2,MAEDAMINAMIMACHI 2,,34.753934,137.393729
前畑町,マエハタチョウ,MAEHATACHO,,34.766053,137.405959
牧野町,マキノチョウ,MAKINOCHO,,34.736523,137.402194
町畑町,マチハタチョウ,MACHIHATACHO,,34.740086,137.388002
松井町,マツイチョウ,MATSUICHO,,34.722973,137.373936
松葉町一丁目,マツバチョウ 1,MATSUBACHO 1,,34.765209,137.384335
松葉町二丁目,マツバチョウ 2,MATSUBACHO 2,,34.766223,137.384126
松葉町三丁目,マツバチョウ 3,MATSUBACHO 3,,34.768015,137.38402
松村町,マツムラチョウ,MATSUMURACHO,,34.751291,137.383213
馬見塚町,マミヅカチョウ,MAMIZUKACHO,,34.772113,137.357348
御園町,ミソノチョウ,MISONOCHO,,34.770568,137.409314
三ツ相町,ミツアイチョウ,MITSUAICHO,,34.775964,137.364448
三弥町,ミツヤチョウ,MITSUYACHO,,34.714363,137.460295
緑ケ丘一丁目,ミドリガオカ 1,MIDORIGAOKA 1,,34.778593,137.435115
緑ケ丘二丁目,ミドリガオカ 2,MIDORIGAOKA 2,,34.775985,137.435996
湊町,ミナトマチ,MINATOMACHI,,34.771126,137.385568
南旭町,ミナミアサヒマチ,MINAMIASAHIMACHI,,34.765169,137.403937
南牛川一丁目,ミナミウシカワ 1,MINAMIUSHIKAWA 1,,34.771516,137.420542
南牛川二丁目,ミナミウシカワ 2,MINAMIUSHIKAWA 2,,34.7749,137.419113
南大清水町,ミナミオオシミズチョウ,MINAMIOSHIMIZUCHO,,34.688535,137.364487
南瓦町,ミナミカワラマチ,MINAMIKAWARAMACHI,,34.759523,137.405866
南小池町,ミナミコイケチョウ,MINAMIKOIKECHO,,34.746001,137.388891
南栄町,ミナミサカエチョウ,MINAMISAKAECHO,,34.735217,137.385952
南島町一丁目,ミナミジマチョウ 1,MINAMIJIMACHO 1,,34.770922,137.380007
南島町二丁目,ミナミジマチョウ 2,MINAMIJIMACHO 2,,34.770928,137.378538
南松山町,ミナミマツヤマチョウ,MINAMIMATSUYAMACHO,,34.755496,137.388809
三ノ輪町,ミノワチョウ,MINOWACHO,,34.749235,137.410428
三ノ輪町一丁目,ミノワチョウ 1,MINOWACHO 1,,34.755969,137.409469
三ノ輪町二丁目,ミノワチョウ 2,MINOWACHO 2,,34.754794,137.413148
三ノ輪町三丁目,ミノワチョウ 3,MINOWACHO 3,,34.752617,137.414404
三ノ輪町四丁目,ミノワチョウ 4,MINOWACHO 4,,34.753531,137.410364
三ノ輪町五丁目,ミノワチョウ 5,MINOWACHO 5,,34.751742,137.410709
宮下町,ミヤシタチョウ,MIYASHITACHO,,34.760632,137.416957
向山大池町,ムカイヤマオオイケチョウ,MUKAIYAMA OIKECHO,,34.755916,137.404704
向山台町,ムカイヤマダイマチ,MUKAIYAMA DAIMACHI,,34.758281,137.401168
向山町,ムカイヤマチョウ,MUKAIYAMACHO,,34.753763,137.399556
向山西町,ムカイヤマニシマチ,MUKAIYAMA NISHIMACHI,,34.759618,137.403021
向山東町,ムカイヤマヒガシマチ,MUKAIYAMA HIGASHIMACHI,,34.754699,137.406955
向草間町,ムコウクサマチョウ,MUKOKUSAMACHO,,34.7265,137.375648
牟呂市場町,ムロイチバチョウ,MURO ICHIBACHO,,34.747841,137.358174
牟呂大西町,ムロオオニシチョウ,MURO ONISHICHO,,34.753823,137.356182
牟呂公文町,ムロクモンチョウ,MURO KUMONCHO,,34.753731,137.359339
牟呂水神町,ムロスイジンチョウ,MURO SUIJINCHO,,34.757759,137.357647
牟呂町,ムロチョウ,MUROCHO,,34.755124,137.344772
牟呂外神町,ムロトガミチョウ,MURO TOGAMICHO,,34.756875,137.361362
牟呂中村町,ムロナカムラチョウ,MURO NAKAMURACHO,,34.750031,137.356244
森岡町,モリオカチョウ,MORIOKACHO,,34.78807,137.426955
柳生町,ヤギュウチョウ,YAGYUCHO,,34.752689,137.387684
八通町,ヤトオリチョウ,YATORICHO,,34.758526,137.380481
山田一番町,ヤマダ1バンチョウ,YAMADA 1-BANCHO,,34.743824,137.394981
山田三番町,ヤマダ3バンチョウ,YAMADA 3-BANCHO,,34.740771,137.399023
山田町,ヤマダチョウ,YAMADACHO,,34.745506,137.392628
山田二番町,ヤマダ2バンチョウ,YAMADA 2-BANCHO,,34.741075,137.395067
弥生町,ヤヨイチョウ,YAYOICHO,,34.733931,137.392577
有楽町,ユウラクチョウ,YURAKUCHO,,34.750023,137.383089
横須賀町,ヨコスカチョウ,YOKOSUKACHO,,34.781755,137.36779
吉川町,ヨシカワチョウ,YOSHIKAWACHO,,34.771481,137.363456
吉前町,ヨシザキチョウ,YOSHIZAKICHO,,34.772691,137.331296
若松町,ワカマツチョウ,WAKAMATSUCHO,,34.689069,137.389565
杉山町,スギヤマチョウ,SUGIYAMACHO,中藻,34.68887,137.321152
杉山町,スギヤマチョウ,SUGIYAMACHO,屋敷,34.672431,137.31277
杉山町,スギヤマチョウ,SUGIYAMACHO,いずみが丘,34.67565,137.316028
杉山町,スギヤマチョウ,SUGIYAMACHO,池成,34.669428,137.311228
杉山町,スギヤマチョウ,SUGIYAMACHO,新々田,34.684233,137.316942
杉山町,スギヤマチョウ,SUGIYAMACHO,西林,34.669542,137.314013
杉山町,スギヤマチョウ,SUGIYAMACHO,岡下,34.676668,137.314373
杉山町,スギヤマチョウ,SUGIYAMACHO,向山下,34.680369,137.315736
杉山町,スギヤマチョウ,SUGIYAMACHO,北御納,34.665997,137.315098
杉山町,スギヤマチョウ,SUGIYAMACHO,山畑,34.667639,137.315436
杉山町,スギヤマチョウ,SUGIYAMACHO,姥捨,34.665048,137.31534
杉山町,スギヤマチョウ,SUGIYAMACHO,林,34.669803,137.316771
杉山町,スギヤマチョウ,SUGIYAMACHO,谷下,34.680202,137.318591
杉山町,スギヤマチョウ,SUGIYAMACHO,十三本塚,34.665786,137.31673
杉山町,スギヤマチョウ,SUGIYAMACHO,知原,34.669048,137.32598
杉山町,スギヤマチョウ,SUGIYAMACHO,東木ノ根山,34.671647,137.319733
杉山町,スギヤマチョウ,SUGIYAMACHO,西南代,34.674238,137.319849
杉山町,スギヤマチョウ,SUGIYAMACHO,向山,34.673634,137.320723
杉山町,スギヤマチョウ,SUGIYAMACHO,前屋敷,34.680097,137.322139
杉山町,スギヤマチョウ,SUGIYAMACHO,外張,34.688186,137.321808
杉山町,スギヤマチョウ,SUGIYAMACHO,林崎,34.677959,137.321002
杉山町,スギヤマチョウ,SUGIYAMACHO,泉,34.676595,137.322305
杉山町,スギヤマチョウ,SUGIYAMACHO,久美,34.687103,137.322768
杉山町,スギヤマチョウ,SUGIYAMACHO,西谷,34.68167,137.321489
神野新田町,ジンノシンデンチョウ,JINNO SHINDENCHO,モノ割,34.768845,137.324793
神野新田町,ジンノシンデンチョウ,JINNO SHINDENCHO,ヒノ割,34.767309,137.324989
神野新田町,ジンノシンデンチョウ,JINNO SHINDENCHO,ヱノ割,34.76534,137.325487
神野新田町,ジンノシンデンチョウ,JINNO SHINDENCHO,オノ割,34.74305,137.324019
神野新田町,ジンノシンデンチョウ,JINNO SHINDENCHO,ノノ割,34.739257,137.323976
杉山町,スギヤマチョウ,SUGIYAMACHO,久古,34.683027,137.324842
杉山町,スギヤマチョウ,SUGIYAMACHO,新知原,34.667188,137.32464
杉山町,スギヤマチョウ,SUGIYAMACHO,天津,34.690495,137.32476
杉山町,スギヤマチョウ,SUGIYAMACHO,上泉,34.675719,137.32316
杉山町,スギヤマチョウ,SUGIYAMACHO,東谷,34.679319,137.325875
杉山町,スギヤマチョウ,SUGIYAMACHO,天津前,34.689077,137.325753
杉山町,スギヤマチョウ,SUGIYAMACHO,向井,34.681406,137.325283
杉山町,スギヤマチョウ,SUGIYAMACHO,新市場,34.67616,137.32618
神野新田町,ジンノシンデンチョウ,JINNO SHINDENCHO,クノ割,34.745854,137.327486
梅薮町,ウメヤブチョウ,UMEYABUCHO,屋敷,34.790976,137.326299
杉山町,スギヤマチョウ,SUGIYAMACHO,新松丘,34.684743,137.325634
杉山町,スギヤマチョウ,SUGIYAMACHO,市場,34.677181,137.325573
神野新田町,ジンノシンデンチョウ,JINNO SHINDENCHO,ヰノ割,34.738707,137.327888
老津町,オイツチョウ,OITSUCHO,新田,34.692804,137.327425
神野新田町,ジンノシンデンチョウ,JINNO SHINDENCHO,メノ割,34.757942,137.328156
神野新田町,ジンノシンデンチョウ,JINNO SHINDENCHO,シノ割,34.763593,137.326311
神野新田町,ジンノシンデンチョウ,JINNO SHINDENCHO,キノ割,34.753547,137.330496
梅薮町,ウメヤブチョウ,UMEYABUCHO,西神,34.792997,137.327215
吉前町,ヨシザキチョウ,YOSHIZAKICHO,西吉前新田,34.773064,137.32863
神野新田町,ジンノシンデンチョウ,JINNO SHINDENCHO,ヤノ割,34.747114,137.329456
老津町,オイツチョウ,OITSUCHO,多門田,34.697774,137.327877
杉山町,スギヤマチョウ,SUGIYAMACHO,南殿村,34.679008,137.327353
梅薮町,ウメヤブチョウ,UMEYABUCHO,上屋敷,34.788904,137.328006
杉山町,スギヤマチョウ,SUGIYAMACHO,上殿村,34.681568,137.327724
老津町,オイツチョウ,OITSUCHO,丸山,34.691304,137.328799
梅薮町,ウメヤブチョウ,UMEYABUCHO,折地,34.790258,137.328437
神野新田町,ジンノシンデンチョウ,JINNO SHINDENCHO,セノ割,34.768051,137.329204
老津町,オイツチョウ,OITSUCHO,森崎,34.70062,137.330312
前芝町,マエシバチョウ,MAESHIBACHO,外浜,34.781932,137.329941
神野新田町,ジンノシンデンチョウ,JINNO SHINDENCHO,サノ割,34.75642,137.33004
神野新田町,ジンノシンデンチョウ,JINNO SHINDENCHO,ウノ割,34.739085,137.330691
梅薮町,ウメヤブチョウ,UMEYABUCHO,老松,34.787747,137.328734
杉山町,スギヤマチョウ,SUGIYAMACHO,天当,34.682072,137.329751
梅薮町,ウメヤブチョウ,UMEYABUCHO,浜田,34.789415,137.328818
老津町,オイツチョウ,OITSUCHO,稲場,34.698279,137.331885
杉山町,スギヤマチョウ,SUGIYAMACHO,殿村東,34.681073,137.328549
杉山町,スギヤマチョウ,SUGIYAMACHO,新鳥居前,34.684999,137.331793
老津町,オイツチョウ,OITSUCHO,沖田,34.692644,137.33209
杉山町,スギヤマチョウ,SUGIYAMACHO,山田,34.67815,137.330381
老津町,オイツチョウ,OITSUCHO,明見,34.695466,137.33069
杉山町,スギヤマチョウ,SUGIYAMACHO,南椎ノ木,34.673691,137.332119
老津町,オイツチョウ,OITSUCHO,西高縄,34.690202,137.334954
富久縞町,フクシマチョウ,FUKUSHIMACHO,西ノ坪,34.766852,137.332514
老津町,オイツチョウ,OITSUCHO,中北,34.702171,137.331988
神野新田町,ジンノシンデンチョウ,JINNO SHINDENCHO,ムノ割,34.740408,137.332624
前芝町,マエシバチョウ,MAESHIBACHO,西鶴,34.788372,137.331444
神野新田町,ジンノシンデンチョウ,JINNO SHINDENCHO,京ノ割,34.760234,137.333871
前芝町,マエシバチョウ,MAESHIBACHO,西青,34.782576,137.333481
神野新田町,ジンノシンデンチョウ,JINNO SHINDENCHO,アノ割,34.755771,137.33323
老津町,オイツチョウ,OITSUCHO,宮脇,34.696152,137.333674
前芝町,マエシバチョウ,MAESHIBACHO,山内,34.784106,137.332008
老津町,オイツチョウ,OITSUCHO,今下,34.693597,137.334495
前芝町,マエシバチョウ,MAESHIBACHO,宇塚,34.785469,137.332144
杉山町,スギヤマチョウ,SUGIYAMACHO,広中,34.680124,137.333169
前芝町,マエシバチョウ,MAESHIBACHO,浜新田,34.780794,137.331814
杉山町,スギヤマチョウ,SUGIYAMACHO,千石,34.681667,137.332864
神野新田町,ジンノシンデンチョウ,JINNO SHINDENCHO,ケノ割,34.748503,137.334374
吉前町,ヨシザキチョウ,YOSHIZAKICHO,東吉前新田,34.772961,137.334789
富久縞町,フクシマチョウ,FUKUSHIMACHO,北ノ坪,34.771157,137.335035
老津町,オイツチョウ,OITSUCHO,西中尾,34.703711,137.334064
神野新田町,ジンノシンデンチョウ,JINNO SHINDENCHO,ナノ割,34.743649,137.335832
前芝町,マエシバチョウ,MAESHIBACHO,西塩,34.785664,137.333403
杉山町,スギヤマチョウ,SUGIYAMACHO,河内前,34.677294,137.335028
杉山町,スギヤマチョウ,SUGIYAMACHO,細田,34.682008,137.334326
杉山町,スギヤマチョウ,SUGIYAMACHO,中河内,34.680523,137.334043
神野新田町,ジンノシンデンチョウ,JINNO SHINDENCHO,ヌノ割,34.736075,137.336657
老津町,オイツチョウ,OITSUCHO,大津中,34.699182,137.334617
老津町,オイツチョウ,OITSUCHO,前田,34.688083,137.334485
富久縞町,フクシマチョウ,FUKUSHIMACHO,中ノ坪,34.769367,137.336707
前芝町,マエシバチョウ,MAESHIBACHO,東塩,34.784632,137.335442
神野新田町,ジンノシンデンチョウ,JINNO SHINDENCHO,コノ割,34.754666,137.335697
神野新田町,ジンノシンデンチョウ,JINNO SHINDENCHO,子ノ割,34.743907,137.339667
老津町,オイツチョウ,OITSUCHO,東中尾,34.701822,137.33748
神野新田町,ジンノシンデンチョウ,JINNO SHINDENCHO,ルノ割,34.737347,137.338634
前芝町,マエシバチョウ,MAESHIBACHO,稲場,34.782399,137.336692
前芝町,マエシバチョウ,MAESHIBACHO,青木,34.781772,137.336002
老津町,オイツチョウ,OITSUCHO,岩塚,34.69644,137.338015
老津町,オイツチョウ,OITSUCHO,東高縄,34.688069,137.339675
大崎町,オオサキチョウ,OSAKICHO,笠松,34.710828,137.337268
老津町,オイツチョウ,OITSUCHO,向田,34.691039,137.340331
老津町,オイツチョウ,OITSUCHO,的場,34.690153,137.338712
前芝町,マエシバチョウ,MAESHIBACHO,北堤,34.784487,137.338005
牟呂町,ムロチョウ,MUROCHO,西明治圦添,34.75788,137.338219
老津町,オイツチョウ,OITSUCHO,波入江,34.704017,137.337764
大崎町,オオサキチョウ,OSAKICHO,開円寺,34.710367,137.339439
老津町,オイツチョウ,OITSUCHO,新居,34.684488,137.339409
牟呂町,ムロチョウ,MUROCHO,西明治川東,34.759566,137.340625
神野新田町,ジンノシンデンチョウ,JINNO SHINDENCHO,ツノ割,34.746514,137.340254
老津町,オイツチョウ,OITSUCHO,西聖,34.694132,137.338653
富久縞町,フクシマチョウ,FUKUSHIMACHO,茅野,34.772582,137.34015
富久縞町,フクシマチョウ,FUKUSHIMACHO,梅村,34.769772,137.338764
老津町,オイツチョウ,OITSUCHO,山ノ神,34.698892,137.339642
城下町,シロシタチョウ,SHIROSHITACHO,神殿,34.665929,137.342972
神野新田町,ジンノシンデンチョウ,JINNO SHINDENCHO,ヲノ割,34.738594,137.340581
前芝町,マエシバチョウ,MAESHIBACHO,加藤,34.779133,137.341915
前芝町,マエシバチョウ,MAESHIBACHO,西,34.781913,137.338477
前芝町,マエシバチョウ,MAESHIBACHO,西堤,34.784896,137.339914
富久縞町,フクシマチョウ,FUKUSHIMACHO,富久縞,34.768142,137.338808
前芝町,マエシバチョウ,MAESHIBACHO,堤上,34.783326,137.337886
神野新田町,ジンノシンデンチョウ,JINNO SHINDENCHO,ソノ割,34.747451,137.341717
大崎町,オオサキチョウ,OSAKICHO,浪入,34.713327,137.340527
老津町,オイツチョウ,OITSUCHO,三嶋,34.696176,137.342011
富久縞町,フクシマチョウ,FUKUSHIMACHO,平塚,34.766684,137.341265
老津町,オイツチョウ,OITSUCHO,薬師前,34.701645,137.341405
神野新田町,ジンノシンデンチョウ,JINNO SHINDENCHO,ワノ割,34.74001,137.342287
大崎町,オオサキチョウ,OSAKICHO,浪入向,34.712068,137.340582
前芝町,マエシバチョウ,MAESHIBACHO,東,34.782363,137.341714
神野新田町,ジンノシンデンチョウ,JINNO SHINDENCHO,チノ割,34.734226,137.341781
老津町,オイツチョウ,OITSUCHO,鎌倉,34.704518,137.340031
大崎町,オオサキチョウ,OSAKICHO,南辻火当,34.708856,137.340154
城下町,シロシタチョウ,SHIROSHITACHO,南方部,34.653222,137.343353
老津町,オイツチョウ,OITSUCHO,中聖,34.694366,137.341925
牟呂町,ムロチョウ,MUROCHO,西明治新右前,34.761874,137.34258
大崎町,オオサキチョウ,OSAKICHO,地下,34.71405,137.341694
大崎町,オオサキチョウ,OSAKICHO,谷洞,34.707605,137.34273
神野新田町,ジンノシンデンチョウ,JINNO SHINDENCHO,カノ割,34.741125,137.344525
城下町,シロシタチョウ,SHIROSHITACHO,作三部,34.65941,137.342733
大崎町,オオサキチョウ,OSAKICHO,北辻火当,34.711823,137.342033
老津町,オイツチョウ,OITSUCHO,東聖,34.693141,137.344388
高洲町,タカスチョウ,TAKASUCHO,大江,34.770927,137.343559
神野新田町,ジンノシンデンチョウ,JINNO SHINDENCHO,レノ割,34.747411,137.344156
高洲町,タカスチョウ,TAKASUCHO,小水尾,34.772537,137.343744
大崎町,オオサキチョウ,OSAKICHO,平嶋,34.717505,137.341347
前芝町,マエシバチョウ,MAESHIBACHO,東堤,34.783982,137.343376
神野新田町,ジンノシンデンチョウ,JINNO SHINDENCHO,トノ割,34.734785,137.344185
西赤沢町,ニシアカサワチョウ,NISHIAKASAWACHO,池見,34.676839,137.343559
老津町,オイツチョウ,OITSUCHO,葭池,34.688526,137.345522
大崎町,オオサキチョウ,OSAKICHO,平地,34.718178,137.342215
西赤沢町,ニシアカサワチョウ,NISHIAKASAWACHO,道下,34.671632,137.342818
大崎町,オオサキチョウ,OSAKICHO,西里中,34.71671,137.3428
青竹町,アオタケチョウ,AOTAKECHO,青竹,34.763437,137.346287
大崎町,オオサキチョウ,OSAKICHO,木行,34.711144,137.343464
日色野町,ヒシキノチョウ,HISHIKINOCHO,西畑,34.78866,137.342967
高洲町,タカスチョウ,TAKASUCHO,烏塚,34.767865,137.344582
大崎町,オオサキチョウ,OSAKICHO,茂,34.708782,137.345044
老津町,オイツチョウ,OITSUCHO,南原,34.683692,137.348884
西赤沢町,ニシアカサワチョウ,NISHIAKASAWACHO,万場,34.66992,137.351488
大崎町,オオサキチョウ,OSAKICHO,南出口,34.713456,137.343024
老津町,オイツチョウ,OITSUCHO,飛原,34.691222,137.34421
日色野町,ヒシキノチョウ,HISHIKINOCHO,新切,34.783419,137.344569
神野新田町,ジンノシンデンチョウ,JINNO SHINDENCHO,ヨノ割,34.743734,137.346024
大崎町,オオサキチョウ,OSAKICHO,北出口,34.715739,137.343675
大崎町,オオサキチョウ,OSAKICHO,有垂,34.706711,137.344169
神野新田町,ジンノシンデンチョウ,JINNO SHINDENCHO,ヘノ割,34.735474,137.346082
大崎町,オオサキチョウ,OSAKICHO,出口,34.71444,137.343879
牟呂町,ムロチョウ,MUROCHO,西明治源助堀,34.757956,137.346063
大崎町,オオサキチョウ,OSAKICHO,東里中,34.719726,137.344671
大崎町,オオサキチョウ,OSAKICHO,柿ノ木,34.718044,137.344627
大崎町,オオサキチョウ,OSAKICHO,的場,34.711189,137.344756
城下町,シロシタチョウ,SHIROSHITACHO,北方部,34.654025,137.347692
日色野町,ヒシキノチョウ,HISHIKINOCHO,八王子,34.784963,137.345532
日色野町,ヒシキノチョウ,HISHIKINOCHO,堂閑,34.789699,137.347285
日色野町,ヒシキノチョウ,HISHIKINOCHO,菱形,34.788451,137.346373
船渡町,フナトチョウ,FUNATOCHO,高打場,34.724096,137.34603
神野新田町,ジンノシンデンチョウ,JINNO SHINDENCHO,タノ割,34.743681,137.348484
城下町,シロシタチョウ,SHIROSHITACHO,細田,34.656718,137.347109
青竹町,アオタケチョウ,AOTAKECHO,八間西,34.760652,137.348904
城下町,シロシタチョウ,SHIROSHITACHO,大見川,34.659257,137.346618
城下町,シロシタチョウ,SHIROSHITACHO,築地ノ内,34.651907,137.346422
清須町,キヨスチョウ,KIYOSUCHO,兵庫,34.780499,137.349457
大崎町,オオサキチョウ,OSAKICHO,入道,34.715257,137.347385
神野新田町,ジンノシンデンチョウ,JINNO SHINDENCHO,ホノ割,34.737363,137.348014
牟呂町,ムロチョウ,MUROCHO,東明治圦裏,34.748904,137.347884
高洲町,タカスチョウ,TAKASUCHO,小島,34.76514,137.349486
牟呂町,ムロチョウ,MUROCHO,東明治川添,34.753635,137.348021
清須町,キヨスチョウ,KIYOSUCHO,宮西,34.778003,137.34978
船渡町,フナトチョウ,FUNATOCHO,前田,34.722185,137.346421
船渡町,フナトチョウ,FUNATOCHO,内新田,34.723331,137.347298
大崎町,オオサキチョウ,OSAKICHO,広沢,34.703669,137.348215
高洲町,タカスチョウ,TAKASUCHO,向島,34.769245,137.347281
高洲町,タカスチョウ,TAKASUCHO,西屋敷,34.772234,137.348878
船渡町,フナトチョウ,FUNATOCHO,向山,34.719453,137.347946
神野新田町,ジンノシンデンチョウ,JINNO SHINDENCHO,ロノ割,34.745699,137.351506
日色野町,ヒシキノチョウ,HISHIKINOCHO,東畑,34.792564,137.350211
西赤沢町,ニシアカサワチョウ,NISHIAKASAWACHO,神田,34.663007,137.353273
船渡町,フナトチョウ,FUNATOCHO,船渡,34.724488,137.349026
神野新田町,ジンノシンデンチョウ,JINNO SHINDENCHO,ニノ割,34.738765,137.349943
老津町,オイツチョウ,OITSUCHO,池上,34.690224,137.352427
船渡町,フナトチョウ,FUNATOCHO,山崎下,34.721959,137.348301
船渡町,フナトチョウ,FUNATOCHO,平松,34.717731,137.346485
大崎町,オオサキチョウ,OSAKICHO,境松,34.704268,137.349393
船渡町,フナトチョウ,FUNATOCHO,向山下,34.720586,137.349837
城下町,シロシタチョウ,SHIROSHITACHO,恵下,34.653344,137.349962
高洲町,タカスチョウ,TAKASUCHO,長弦,34.76966,137.351138
老津町,オイツチョウ,OITSUCHO,中原,34.68257,137.35519
清須町,キヨスチョウ,KIYOSUCHO,地形,34.783389,137.350933
老津町,オイツチョウ,OITSUCHO,南山田,34.680664,137.351613
高洲町,タカスチョウ,TAKASUCHO,森下,34.764204,137.352443
大清水町,オオシミズチョウ,OSHIMIZUCHO,大清水,34.699249,137.358621
清須町,キヨスチョウ,KIYOSUCHO,堂西,34.779238,137.352184
神野新田町,ジンノシンデンチョウ,JINNO SHINDENCHO,沖ノ島,34.729839,137.350623
神野新田町,ジンノシンデンチョウ,JINNO SHINDENCHO,ハノ割,34.742391,137.352855
船渡町,フナトチョウ,FUNATOCHO,北尾山,34.717637,137.351457
船渡町,フナトチョウ,FUNATOCHO,塩谷,34.721428,137.351795
神野新田町,ジンノシンデンチョウ,JINNO SHINDENCHO,イノ割,34.745686,137.354202
船渡町,フナトチョウ,FUNATOCHO,小鰡新田,34.722874,137.351995
船渡町,フナトチョウ,FUNATOCHO,尾山下,34.71922,137.351787
牟呂町,ムロチョウ,MUROCHO,東明治郷下,34.752387,137.351794
牟呂町,ムロチョウ,MUROCHO,築根,34.754518,137.353799
青竹町,アオタケチョウ,AOTAKECHO,石洲,34.759189,137.354616
老津町,オイツチョウ,OITSUCHO,新池,34.695246,137.353735
高洲町,タカスチョウ,TAKASUCHO,高洲,34.771012,137.353714
大崎町,オオサキチョウ,OSAKICHO,伊豆沢,34.707064,137.354416
神野新田町,ジンノシンデンチョウ,JINNO SHINDENCHO,中島,34.734836,137.355787
大清水町,オオシミズチョウ,OSHIMIZUCHO,娵田,34.705701,137.35664
清須町,キヨスチョウ,KIYOSUCHO,宇治橋,34.784784,137.35524
船渡町,フナトチョウ,FUNATOCHO,鶴ケ崎,34.7201,137.354315
清須町,キヨスチョウ,KIYOSUCHO,万高地,34.780949,137.354475
清須町,キヨスチョウ,KIYOSUCHO,天神,34.778571,137.35379
船渡町,フナトチョウ,FUNATOCHO,上ノ山,34.716104,137.354484
牟呂町,ムロチョウ,MUROCHO,水神,34.757508,137.355132
大山町,オオヤマチョウ,OYAMACHO,五分取,34.726038,137.354056
大山町,オオヤマチョウ,OYAMACHO,西大山,34.723853,137.355676
西赤沢町,ニシアカサワチョウ,NISHIAKASAWACHO,大堀,34.655411,137.357851
牟呂町,ムロチョウ,MUROCHO,内田,34.761409,137.356742
小向町,コムカイチョウ,KOMUKAICHO,下野,34.766735,137.354943
船渡町,フナトチョウ,FUNATOCHO,三ツ池,34.709672,137.356763
船渡町,フナトチョウ,FUNATOCHO,伝六,34.719441,137.355194
清須町,キヨスチョウ,KIYOSUCHO,高見,34.78508,137.357384
小向町,コムカイチョウ,KOMUKAICHO,蜂ケ尻,34.764283,137.356278
植田町,ウエタチョウ,UETACHO,関取,34.708745,137.35854
南大清水町,ミナミオオシミズチョウ,MINAMIOSHIMIZUCHO,富士見,34.684464,137.361677
大山町,オオヤマチョウ,OYAMACHO,下青尻,34.72693,137.358005
神野新田町,ジンノシンデンチョウ,JINNO SHINDENCHO,中洲,34.740073,137.358381
神野新田町,ジンノシンデンチョウ,JINNO SHINDENCHO,水神下,34.729058,137.358158
大山町,オオヤマチョウ,OYAMACHO,塩浜,34.723612,137.357731
南大清水町,ミナミオオシミズチョウ,MINAMIOSHIMIZUCHO,元町,34.692814,137.36197
植田町,ウエタチョウ,UETACHO,大膳,34.704657,137.358398
神野新田町,ジンノシンデンチョウ,JINNO SHINDENCHO,会所前,34.742673,137.358044
大山町,オオヤマチョウ,OYAMACHO,太七坪,34.720847,137.359216
西赤沢町,ニシアカサワチョウ,NISHIAKASAWACHO,郷ノ内,34.656182,137.359274
小向町,コムカイチョウ,KOMUKAICHO,西小向,34.76625,137.357785
大山町,オオヤマチョウ,OYAMACHO,東大山,34.724621,137.359855
植田町,ウエタチョウ,UETACHO,神戸坂,34.707859,137.360158
植田町,ウエタチョウ,UETACHO,奥ノ谷,34.710603,137.35997
小向町,コムカイチョウ,KOMUKAICHO,北小向,34.768331,137.362187
小向町,コムカイチョウ,KOMUKAICHO,内田,34.762632,137.3595
牟呂町,ムロチョウ,MUROCHO,若宮,34.760148,137.359111
大山町,オオヤマチョウ,OYAMACHO,上青尻,34.726825,137.360568
神野新田町,ジンノシンデンチョウ,JINNO SHINDENCHO,中道東,34.730728,137.360373
大山町,オオヤマチョウ,OYAMACHO,道目記,34.722157,137.35956
牟呂町,ムロチョウ,MUROCHO,坂津,34.759787,137.360094
新栄町,シンサカエチョウ,SHINSAKAECHO,南小向,34.765931,137.362605
牟呂町,ムロチョウ,MUROCHO,松島東,34.745144,137.361619
牟呂町,ムロチョウ,MUROCHO,境松,34.760687,137.359841
新栄町,シンサカエチョウ,SHINSAKAECHO,汐焼,34.763155,137.360856
牟呂町,ムロチョウ,MUROCHO,外神,34.758502,137.360857
東赤沢町,ヒガシアカサワチョウ,HIGASHIAKASAWACHO,竜下,34.671906,137.36315
西赤沢町,ニシアカサワチョウ,NISHIAKASAWACHO,横根,34.661793,137.361688
神野新田町,ジンノシンデンチョウ,JINNO SHINDENCHO,宮前,34.737957,137.362541
牟呂町,ムロチョウ,MUROCHO,松島,34.743791,137.360644
植田町,ウエタチョウ,UETACHO,上リ戸,34.705032,137.36111
船渡町,フナトチョウ,FUNATOCHO,荒田,34.716294,137.360991
大山町,オオヤマチョウ,OYAMACHO,松荒,34.726057,137.361311
植田町,ウエタチョウ,UETACHO,車塚,34.713661,137.363162
新栄町,シンサカエチョウ,SHINSAKAECHO,牟呂下,34.762143,137.361689
植田町,ウエタチョウ,UETACHO,東畑,34.713533,137.362034
横須賀町,ヨコスカチョウ,YOKOSUKACHO,稗田,34.782317,137.363295
大山町,オオヤマチョウ,OYAMACHO,西井場,34.725898,137.363168
駒形町,コマガタチョウ,KOMAGATACHO,広島,34.728117,137.362389
植田町,ウエタチョウ,UETACHO,稲場,34.7106,137.363619
駒形町,コマガタチョウ,KOMAGATACHO,駒郷,34.729565,137.363892
駒形町,コマガタチョウ,KOMAGATACHO,道南,34.727721,137.363145
植田町,ウエタチョウ,UETACHO,西ケ谷,34.702634,137.363598
植田町,ウエタチョウ,UETACHO,法事堂,34.715016,137.364052
牟呂町,ムロチョウ,MUROCHO,北汐田,34.746634,137.363467
植田町,ウエタチョウ,UETACHO,大池,34.706192,137.364864
新栄町,シンサカエチョウ,SHINSAKAECHO,大溝,34.763286,137.363798
西赤沢町,ニシアカサワチョウ,NISHIAKASAWACHO,深山,34.678022,137.362883
牟呂町,ムロチョウ,MUROCHO,八王子,34.757856,137.363565
牟呂町,ムロチョウ,MUROCHO,三ツ山,34.759571,137.362443
横須賀町,ヨコスカチョウ,YOKOSUKACHO,土場,34.780678,137.363363
駒形町,コマガタチョウ,KOMAGATACHO,下田,34.722151,137.363567
東赤沢町,ヒガシアカサワチョウ,HIGASHIAKASAWACHO,竜,34.669844,137.366756
牟呂町,ムロチョウ,MUROCHO,南汐田,34.745206,137.364059
王ヶ崎町,,,宮脇,34.740268,137.363673
磯辺下地町,イソベシタジチョウ,ISOBESHITAJICHO,下沢,34.720389,137.364744
植田町,ウエタチョウ,UETACHO,中ノ堀,34.712224,137.364401
駒形町,コマガタチョウ,KOMAGATACHO,南欠下,34.732927,137.365402
新栄町,シンサカエチョウ,SHINSAKAECHO,一本木,34.760207,137.363281
牟呂町,ムロチョウ,MUROCHO,郷社西,34.757304,137.365531
牟呂町,ムロチョウ,MUROCHO,一本木,34.758811,137.364258
駒形町,コマガタチョウ,KOMAGATACHO,海中,34.726189,137.364817
植田町,ウエタチョウ,UETACHO,一本木,34.7011,137.366084
東赤沢町,ヒガシアカサワチョウ,HIGASHIAKASAWACHO,橋詰,34.664458,137.365198
下五井町,シモゴイチョウ,SHIMOGOICHO,天王,34.784795,137.365351
東赤沢町,ヒガシアカサワチョウ,HIGASHIAKASAWACHO,西横根,34.662366,137.365377
駒形町,コマガタチョウ,KOMAGATACHO,上沢,34.722202,137.364703
横須賀町,ヨコスカチョウ,YOKOSUKACHO,宮西,34.781202,137.365127
牟呂町,ムロチョウ,MUROCHO,大塚,34.748297,137.36634
新栄町,シンサカエチョウ,SHINSAKAECHO,新田中,34.764932,137.365405
王ヶ崎町,,,王郷,34.738387,137.366111
花田町,ハナダチョウ,HANADACHO,越水,34.761958,137.36742
王ヶ崎町,,,北欠下,34.736221,137.365447
横須賀町,ヨコスカチョウ,YOKOSUKACHO,宮元,34.782134,137.366259
王ヶ崎町,,,汐崎,34.74215,137.365138
植田町,ウエタチョウ,UETACHO,池堀田,34.712315,137.366998
牟呂町,ムロチョウ,MUROCHO,松東,34.743789,137.365018
植田町,ウエタチョウ,UETACHO,八尻,34.714157,137.365403
東赤沢町,ヒガシアカサワチョウ,HIGASHIAKASAWACHO,坪ノ谷,34.671779,137.36902
牟呂町,ムロチョウ,MUROCHO,百間,34.74673,137.367394
駒形町,コマガタチョウ,KOMAGATACHO,退松,34.726944,137.366714
植田町,ウエタチョウ,UETACHO,池下,34.710097,137.367011
中野町,ナカノチョウ,NAKANOCHO,欠,34.731188,137.367759
南大清水町,ミナミオオシミズチョウ,MINAMIOSHIMIZUCHO,藤ケ谷,34.686498,137.367848
新栄町,シンサカエチョウ,SHINSAKAECHO,東小向,34.768713,137.368421
横須賀町,ヨコスカチョウ,YOKOSUKACHO,宮前,34.780388,137.366692
花田町,ハナダチョウ,HANADACHO,小松,34.759696,137.367803
植田町,ウエタチョウ,UETACHO,新津田,34.715833,137.368473
下五井町,シモゴイチョウ,SHIMOGOICHO,青木,34.78918,137.367487
牟呂町,ムロチョウ,MUROCHO,古田,34.745581,137.368048
東赤沢町,ヒガシアカサワチョウ,HIGASHIAKASAWACHO,西方部,34.656375,137.366689
駒形町,コマガタチョウ,KOMAGATACHO,坂口,34.730731,137.369592
下五井町,シモゴイチョウ,SHIMOGOICHO,小馬場,34.785164,137.367188
東赤沢町,ヒガシアカサワチョウ,HIGASHIAKASAWACHO,広見,34.66507,137.368012
新栄町,シンサカエチョウ,SHINSAKAECHO,鳥畷,34.765733,137.367543
磯辺下地町,イソベシタジチョウ,ISOBESHITAJICHO,東坪,34.719098,137.369771
植田町,ウエタチョウ,UETACHO,清水山,34.70838,137.36799
植田町,ウエタチョウ,UETACHO,森下,34.713305,137.368112
王ヶ崎町,,,北欠,34.735135,137.366656
駒形町,コマガタチョウ,KOMAGATACHO,山崎,34.72592,137.368182
往完町,オウカンチョウ,OKANCHO,郷社東,34.756559,137.369133
東赤沢町,ヒガシアカサワチョウ,HIGASHIAKASAWACHO,東横根,34.661488,137.368844
野依町,ノヨリチョウ,NOYORICHO,西新切,34.698504,137.370477
東赤沢町,ヒガシアカサワチョウ,HIGASHIAKASAWACHO,浜屋敷,34.656713,137.369233
磯辺下地町,イソベシタジチョウ,ISOBESHITAJICHO,下地,34.719138,137.367568
植田町,ウエタチョウ,UETACHO,鶴首,34.703603,137.367057
中野町,ナカノチョウ,NAKANOCHO,中原,34.732322,137.369833
植田町,ウエタチョウ,UETACHO,的場,34.710084,137.368112
王ヶ崎町,,,八幡前,34.737005,137.367765
横須賀町,ヨコスカチョウ,YOKOSUKACHO,横須賀,34.780551,137.369543
下五井町,シモゴイチョウ,SHIMOGOICHO,西屋敷,34.787345,137.369119
磯辺下地町,イソベシタジチョウ,ISOBESHITAJICHO,南山崎,34.722918,137.368777
植田町,ウエタチョウ,UETACHO,蛤沢,34.704786,137.368821
東赤沢町,ヒガシアカサワチョウ,HIGASHIAKASAWACHO,茶ノ木,34.659429,137.3683
横須賀町,ヨコスカチョウ,YOKOSUKACHO,林,34.782605,137.369352
牟呂町,ムロチョウ,MUROCHO,中西,34.750291,137.370255
植田町,ウエタチョウ,UETACHO,向新切,34.700595,137.369202
王ヶ崎町,,,万福寺東,34.737889,137.368845
一色町,イッシキチョウ,ISSHIKICHO,西内張,34.727433,137.370534
花田町,ハナダチョウ,HANADACHO,築地,34.761558,137.370071
下五井町,シモゴイチョウ,SHIMOGOICHO,南屋敷,34.786335,137.370166
往完町,オウカンチョウ,OKANCHO,往還西,34.756984,137.370778
一色町,イッシキチョウ,ISSHIKICHO,一色郷,34.72863,137.370304
牟呂町,ムロチョウ,MUROCHO,東里,34.749475,137.370665
下五井町,シモゴイチョウ,SHIMOGOICHO,南田,34.783961,137.370292
下五井町,シモゴイチョウ,SHIMOGOICHO,宮後,34.788331,137.370587
植田町,ウエタチョウ,UETACHO,西ノ山,34.711145,137.370564
一色町,イッシキチョウ,ISSHIKICHO,一色上,34.730598,137.371277
松井町,マツイチョウ,MATSUICHO,赤根,34.724229,137.370799
花田町,ハナダチョウ,HANADACHO,荒木,34.767397,137.372014
植田町,ウエタチョウ,UETACHO,西新切,34.703042,137.370358
中野町,ナカノチョウ,NAKANOCHO,野中,34.731836,137.371512
植田町,ウエタチョウ,UETACHO,中屋敷,34.709393,137.371477
王ヶ崎町,,,四ツ塚,34.739156,137.371003
花田町,ハナダチョウ,HANADACHO,百北,34.765189,137.373487
植田町,ウエタチョウ,UETACHO,南新切,34.700992,137.372603
松井町,マツイチョウ,MATSUICHO,仲沖,34.72308,137.371845
下五井町,シモゴイチョウ,SHIMOGOICHO,城屋敷,34.786822,137.371256
横須賀町,ヨコスカチョウ,YOKOSUKACHO,植松,34.782019,137.371419
下五井町,シモゴイチョウ,SHIMOGOICHO,捨田,34.790344,137.371308
下五井町,シモゴイチョウ,SHIMOGOICHO,寺前,34.785614,137.370968
野依町,ノヨリチョウ,NOYORICHO,西山,34.698533,137.373416
植田町,ウエタチョウ,UETACHO,西ノ谷,34.707971,137.371038
王ヶ崎町,,,八幡東,34.73454,137.371171
向草間町,ムコウクサマチョウ,MUKOKUSAMACHO,向西,34.725706,137.372467
横須賀町,ヨコスカチョウ,YOKOSUKACHO,後口,34.780541,137.370934
植田町,ウエタチョウ,UETACHO,向山,34.704722,137.37233
植田町,ウエタチョウ,UETACHO,新池,34.708138,137.372417
下五井町,シモゴイチョウ,SHIMOGOICHO,東店,34.787717,137.371637
一色町,イッシキチョウ,ISSHIKICHO,寺前,34.728383,137.371212
往完町,オウカンチョウ,OKANCHO,往還東,34.757093,137.372548
植田町,ウエタチョウ,UETACHO,中畑,34.710214,137.373027
横須賀町,ヨコスカチョウ,YOKOSUKACHO,三月田,34.783421,137.372343
下五井町,シモゴイチョウ,SHIMOGOICHO,茶屋前,34.788946,137.372951
王ヶ崎町,,,上原,34.737935,137.374491
中野町,ナカノチョウ,NAKANOCHO,大原,34.735001,137.37343
植田町,ウエタチョウ,UETACHO,天王尻,34.712896,137.372938
横須賀町,ヨコスカチョウ,YOKOSUKACHO,宗正,34.782498,137.372898
向草間町,ムコウクサマチョウ,MUKOKUSAMACHO,日雇取,34.72696,137.372134
一色町,イッシキチョウ,ISSHIKICHO,天獏,34.729217,137.373504
植田町,ウエタチョウ,UETACHO,中池,34.704785,137.375128
野依町,ノヨリチョウ,NOYORICHO,八重屋舗,34.691443,137.37417
中野町,ナカノチョウ,NAKANOCHO,二本松西,34.732269,137.373162
横須賀町,ヨコスカチョウ,YOKOSUKACHO,東前,34.781557,137.373481
東赤沢町,ヒガシアカサワチョウ,HIGASHIAKASAWACHO,観音堂,34.658745,137.373055
伊古部町,イコベチョウ,IKOBECHO,幸道,34.679442,137.374326
花田町,ハナダチョウ,HANADACHO,稲場,34.763321,137.373049
野依町,ノヨリチョウ,NOYORICHO,新切,34.702916,137.375633
松井町,マツイチョウ,MATSUICHO,松井,34.722481,137.374791
王ヶ崎町,,,甲垂,34.736438,137.374109
伊古部町,イコベチョウ,IKOBECHO,山口,34.676391,137.375781
下五井町,シモゴイチョウ,SHIMOGOICHO,沖田,34.790777,137.377725
野依町,ノヨリチョウ,NOYORICHO,藤山,34.69266,137.374732
花田町,ハナダチョウ,HANADACHO,中ノ坪,34.767729,137.375339
横須賀町,ヨコスカチョウ,YOKOSUKACHO,玄宗,34.785124,137.373683
植田町,ウエタチョウ,UETACHO,東裏,34.708586,137.374342
植田町,ウエタチョウ,UETACHO,上海津田,34.707,137.373642
植田町,ウエタチョウ,UETACHO,北畑,34.710973,137.374356
横須賀町,ヨコスカチョウ,YOKOSUKACHO,野田,34.783198,137.374688
向草間町,ムコウクサマチョウ,MUKOKUSAMACHO,向中,34.725969,137.375077
草間町,クサマチョウ,KUSAMACHO,郷西,34.731718,137.37615
瓜郷町,ウリゴウチョウ,URIGOCHO,前川,34.786358,137.375501
松井町,マツイチョウ,MATSUICHO,南新切,34.723546,137.376461
伊古部町,イコベチョウ,IKOBECHO,原,34.666933,137.375058
草間町,クサマチョウ,KUSAMACHO,二本松,34.73386,137.37599
伊古部町,イコベチョウ,IKOBECHO,西ノ谷,34.673867,137.377092
北島町,キタジマチョウ,KITAJIMACHO,北島,34.774408,137.378557
草間町,クサマチョウ,KUSAMACHO,寺東,34.729528,137.375214
瓜郷町,ウリゴウチョウ,URIGOCHO,寄道,34.785238,137.375428
植田町,ウエタチョウ,UETACHO,南柄沢,34.706459,137.376845
植田町,ウエタチョウ,UETACHO,北柄沢,34.708311,137.375949
芦原町,アシハラチョウ,ASHIHARACHO,芦原,34.721167,137.378956
北島町,キタジマチョウ,KITAJIMACHO,高田,34.773848,137.375832
植田町,ウエタチョウ,UETACHO,折地,34.70948,137.376916
瓜郷町,ウリゴウチョウ,URIGOCHO,一新替,34.787424,137.376761
横須賀町,ヨコスカチョウ,YOKOSUKACHO,重森,34.781694,137.376294
野依町,ノヨリチョウ,NOYORICHO,南丸山,34.690344,137.377425
花田町,ハナダチョウ,HANADACHO,西郷,34.755884,137.376919
松井町,マツイチョウ,MATSUICHO,中新切,34.724229,137.377609
下地町,シモジチョウ,SHIMOJICHO ,四ツ屋,34.780464,137.376894
花田町,ハナダチョウ,HANADACHO,斉藤,34.765659,137.377702
芦原町,アシハラチョウ,ASHIHARACHO,東,34.718463,137.378053
中野町,ナカノチョウ,NAKANOCHO,平西,34.735909,137.374857
向草間町,ムコウクサマチョウ,MUKOKUSAMACHO,向郷,34.726904,137.376719
向草間町,ムコウクサマチョウ,MUKOKUSAMACHO,北新切,34.727025,137.379841
伊古部町,イコベチョウ,IKOBECHO,島,34.667601,137.378495
草間町,クサマチョウ,KUSAMACHO,平南,34.735719,137.379245
草間町,クサマチョウ,KUSAMACHO,東郷,34.731961,137.378811
瓜郷町,ウリゴウチョウ,URIGOCHO,高道,34.786593,137.378679
花田町,ハナダチョウ,HANADACHO,絹田,34.76819,137.377672
伊古部町,イコベチョウ,IKOBECHO,大欠,34.662704,137.379658
瓜郷町,ウリゴウチョウ,URIGOCHO,埋田,34.789935,137.378552
中野町,ナカノチョウ,NAKANOCHO,平北,34.7384,137.377886
草間町,クサマチョウ,KUSAMACHO,郷裏,34.734214,137.379607
橋良町,ハシラチョウ,HASHIRACHO,向山,34.740658,137.380594
横須賀町,ヨコスカチョウ,YOKOSUKACHO,組替,34.783896,137.376899
芦原町,アシハラチョウ,ASHIHARACHO,嵩山地,34.717402,137.381115
野依町,ノヨリチョウ,NOYORICHO,谷向,34.705159,137.378897
草間町,クサマチョウ,KUSAMACHO,大応寺前,34.729366,137.37928
伊古部町,イコベチョウ,IKOBECHO,西大縄手,34.679057,137.380821
野依町,ノヨリチョウ,NOYORICHO,神戸坂,34.704249,137.37989
大村町,オオムラチョウ,OMURACHO,黒下,34.794473,137.381157
高師町,タカシチョウ,TAKASHICHO,北新切,34.724461,137.380772
花田町,ハナダチョウ,HANADACHO,城海津,34.765271,137.380392
橋良町,ハシラチョウ,HASHIRACHO,西中山,34.74258,137.380591
草間町,クサマチョウ,KUSAMACHO,東山,34.732533,137.381277
瓜郷町,ウリゴウチョウ,URIGOCHO,八反田,34.78595,137.381492
野依町,ノヨリチョウ,NOYORICHO,東物草,34.705676,137.380382
下地町,シモジチョウ,SHIMOJICHO ,豊岸,34.777803,137.3812
伊古部町,イコベチョウ,IKOBECHO,多岸田,34.665674,137.381
下地町,シモジチョウ,SHIMOJICHO ,新道,34.784699,137.383056
花田町,ハナダチョウ,HANADACHO,石塚,34.767636,137.380921
芦原町,アシハラチョウ,ASHIHARACHO,西上,34.721877,137.381737
下地町,シモジチョウ,SHIMOJICHO ,門,34.780312,137.381454
瓜郷町,ウリゴウチョウ,URIGOCHO,大塚,34.789646,137.384303
若松町,ワカマツチョウ,WAKAMATSUCHO,丸山,34.686014,137.385936
西高師町,ニシタカシチョウ,NISHITAKASHICHO,緑,34.7146,137.386359
伊古部町,イコベチョウ,IKOBECHO,北椎ノ木谷,34.6639,137.382064
西高師町,ニシタカシチョウ,NISHITAKASHICHO,奥谷,34.719828,137.381721
大村町,オオムラチョウ,OMURACHO,花次,34.794425,137.385956
草間町,クサマチョウ,KUSAMACHO,平東,34.737775,137.380851
西高師町,ニシタカシチョウ,NISHITAKASHICHO,西浦,34.718185,137.382359
野依町,ノヨリチョウ,NOYORICHO,森下,34.695728,137.38362
下地町,シモジチョウ,SHIMOJICHO ,城谷,34.777635,137.382831
伊古部町,イコベチョウ,IKOBECHO,長左ケ谷,34.666051,137.384952
高師町,タカシチョウ,TAKASHICHO,北原,34.733485,137.388232
花田町,ハナダチョウ,HANADACHO,野黒,34.76042,137.383048
野依町,ノヨリチョウ,NOYORICHO,木戸口,34.700911,137.383241
伊古部町,イコベチョウ,IKOBECHO,大縄手,34.679169,137.384625
西高師町,ニシタカシチョウ,NISHITAKASHICHO,沢向,34.720972,137.384478
花田町,ハナダチョウ,HANADACHO,南新起,34.758994,137.383239
下地町,シモジチョウ,SHIMOJICHO ,宮前,34.778257,137.384378
高師町,タカシチョウ,TAKASHICHO,西沢,34.724216,137.384523
南栄町,ミナミサカエチョウ,MINAMISAKAECHO,蟹原,34.738972,137.384025
橋良町,ハシラチョウ,HASHIRACHO,東中山,34.742741,137.383287
下地町,シモジチョウ,SHIMOJICHO ,柳目,34.786975,137.384146
富本町,トミモトチョウ,TOMIMOTOCHO,東山,34.743024,137.383611
野依町,ノヨリチョウ,NOYORICHO,西川,34.704263,137.385312
花田町,ハナダチョウ,HANADACHO,大山塚,34.758698,137.383919
富本町,トミモトチョウ,TOMIMOTOCHO,国隠,34.741842,137.384726
西高師町,ニシタカシチョウ,NISHITAKASHICHO,船渡,34.716028,137.385472
西高師町,ニシタカシチョウ,NISHITAKASHICHO,白山,34.718131,137.385007
伊古部町,イコベチョウ,IKOBECHO,小鮒ケ谷,34.662001,137.38546
伊古部町,イコベチョウ,IKOBECHO,原巻山,34.675975,137.385021
南栄町,ミナミサカエチョウ,MINAMISAKAECHO,空池,34.734858,137.385693
伊古部町,イコベチョウ,IKOBECHO,中平古,34.670025,137.387581
若松町,ワカマツチョウ,WAKAMATSUCHO,若松,34.692393,137.390018
野依町,ノヨリチョウ,NOYORICHO,南郷,34.699948,137.385666
野依町,ノヨリチョウ,NOYORICHO,郷道,34.70146,137.384468
野依町,ノヨリチョウ,NOYORICHO,上鷺田,34.698076,137.385839
富本町,トミモトチョウ,TOMIMOTOCHO,東郷,34.746877,137.384359
伊古部町,イコベチョウ,IKOBECHO,東荒子,34.666448,137.38698
野依町,ノヨリチョウ,NOYORICHO,竹尾,34.709442,137.386244
下地町,シモジチョウ,SHIMOJICHO ,野箱,34.779588,137.386275
野依町,ノヨリチョウ,NOYORICHO,中瀬古,34.701828,137.385871
大村町,オオムラチョウ,OMURACHO,五貫森,34.79084,137.386012
下地町,シモジチョウ,SHIMOJICHO ,瀬上,34.77619,137.386479
野依町,ノヨリチョウ,NOYORICHO,寸沢,34.696399,137.38533
下地町,シモジチョウ,SHIMOJICHO ,若宮,34.783429,137.385886
下地町,シモジチョウ,SHIMOJICHO ,五貫,34.787986,137.385718
小池町,コイケチョウ,KOIKECHO,上ノ山,34.747074,137.385687
町畑町,マチハタチョウ,MACHIHATACHO,森田,34.736715,137.386734
曙町,アケボノチョウ,AKEBONOCHO,松並,34.729202,137.389946
下地町,シモジチョウ,SHIMOJICHO ,天神,34.782028,137.387278
町畑町,マチハタチョウ,MACHIHATACHO,町畑,34.739765,137.388611
野依町,ノヨリチョウ,NOYORICHO,上地,34.705446,137.387036
若松町,ワカマツチョウ,WAKAMATSUCHO,中山,34.686457,137.391192
野依町,ノヨリチョウ,NOYORICHO,花ノ木,34.707539,137.386374
大村町,オオムラチョウ,OMURACHO,東沖,34.799732,137.38708
小池町,コイケチョウ,KOIKECHO,原下,34.748809,137.387289
西高師町,ニシタカシチョウ,NISHITAKASHICHO,小谷,34.718747,137.387346
上野町,ウエノチョウ,UENOCHO,上原,34.721075,137.389006
上野町,ウエノチョウ,UENOCHO,上野,34.724728,137.389264
上野町,ウエノチョウ,UENOCHO,新上野,34.725795,137.389475
野依町,ノヨリチョウ,NOYORICHO,落合,34.709778,137.387754
西高師町,ニシタカシチョウ,NISHITAKASHICHO,大坪,34.714806,137.388323
伊古部町,イコベチョウ,IKOBECHO,下リ,34.664573,137.388222
野依町,ノヨリチョウ,NOYORICHO,北,34.703468,137.387341
野依町,ノヨリチョウ,NOYORICHO,光明,34.706689,137.390657
野依町,ノヨリチョウ,NOYORICHO,相川,34.706714,137.387507
下地町,シモジチョウ,SHIMOJICHO ,操穴,34.787279,137.38838
下地町,シモジチョウ,SHIMOJICHO ,宮腰,34.773646,137.389428
西高師町,ニシタカシチョウ,NISHITAKASHICHO,津森,34.717473,137.388983
下地町,シモジチョウ,SHIMOJICHO ,横山,34.778588,137.389218
小池町,コイケチョウ,KOIKECHO,角田,34.750454,137.387675
伊古部町,イコベチョウ,IKOBECHO,枇杷ケ谷,34.662113,137.388693
弥生町,ヤヨイチョウ,YAYOICHO,西豊和,34.734028,137.389018
野依町,ノヨリチョウ,NOYORICHO,諏訪,34.697843,137.389024
下地町,シモジチョウ,SHIMOJICHO ,境田,34.784699,137.389096
小池町,コイケチョウ,KOIKECHO,西海戸,34.749881,137.388927
小池町,コイケチョウ,KOIKECHO,上田,34.7514,137.388259
大村町,オオムラチョウ,OMURACHO,橋元,34.795731,137.388824
下地町,シモジチョウ,SHIMOJICHO ,北村,34.782028,137.389608
大村町,オオムラチョウ,OMURACHO,高之城,34.792254,137.388699
下地町,シモジチョウ,SHIMOJICHO ,神田,34.775227,137.389545
野依町,ノヨリチョウ,NOYORICHO,向河原,34.708318,137.390811
小池町,コイケチョウ,KOIKECHO,安海戸,34.747968,137.38929
野依町,ノヨリチョウ,NOYORICHO,西新屋,34.702047,137.390094
野依町,ノヨリチョウ,NOYORICHO,神明山,34.700407,137.389372
北山町,キタヤマチョウ,KITAYAMACHO,東浦,34.736914,137.38943
大村町,オオムラチョウ,OMURACHO,大賀里,34.789096,137.389418
上野町,ウエノチョウ,UENOCHO,上ノ山,34.723706,137.389471
高師石塚町,タカシイシヅカチョウ,TAKASHI ISHIZUKACHO,中窪,34.743528,137.389943
高師石塚町,タカシイシヅカチョウ,TAKASHI ISHIZUKACHO,石塚,34.745199,137.391018
大村町,オオムラチョウ,OMURACHO,山所,34.788425,137.390762
大村町,オオムラチョウ,OMURACHO,桜島,34.792267,137.39089
高塚町,タカツカチョウ,TAKATSUKACHO,東大縄手,34.677131,137.396652
下地町,シモジチョウ,SHIMOJICHO ,大圦,34.784016,137.391672
高師本郷町,タカシホンゴウチョウ,TAKASHI HONGOCHO,宮前,34.715334,137.391099
小松町,コマツチョウ,KOMATSUCHO,南郷,34.738671,137.392028
高師本郷町,タカシホンゴウチョウ,TAKASHI HONGOCHO,北沢,34.718902,137.390993
高師本郷町,タカシホンゴウチョウ,TAKASHI HONGOCHO,本郷,34.716704,137.392929
野依町,ノヨリチョウ,NOYORICHO,東中山,34.697886,137.390924
大村町,オオムラチョウ,OMURACHO,於泥,34.790422,137.391113
野依町,ノヨリチョウ,NOYORICHO,東新谷,34.699047,137.391663
小松町,コマツチョウ,KOMATSUCHO,北郷,34.743132,137.391548
野依町,ノヨリチョウ,NOYORICHO,井原,34.696281,137.391339
畑ケ田町,ハタケダチョウ,HATAKEDACHO,雉山,34.70879,137.391921
大村町,オオムラチョウ,OMURACHO,藤田,34.796942,137.391778
野依町,ノヨリチョウ,NOYORICHO,東山,34.700277,137.39247
野依町,ノヨリチョウ,NOYORICHO,山脇,34.701593,137.392882
大村町,オオムラチョウ,OMURACHO,大桜,34.79484,137.391935
大村町,オオムラチョウ,OMURACHO,大ノ前,34.785671,137.392019
野依町,ノヨリチョウ,NOYORICHO,西屋敷,34.707727,137.392417
高師本郷町,タカシホンゴウチョウ,TAKASHI HONGOCHO,山腰,34.718891,137.392969
弥生町,ヤヨイチョウ,YAYOICHO,中原,34.731634,137.395802
山田町,ヤマダチョウ,YAMADACHO,西山,34.745956,137.391659
弥生町,ヤヨイチョウ,YAYOICHO,東豊和,34.735411,137.393828
北山町,キタヤマチョウ,KITAYAMACHO,西ノ原,34.734764,137.397012
高塚町,タカツカチョウ,TAKATSUKACHO,西方,34.664093,137.397136
山田町,ヤマダチョウ,YAMADACHO,郷,34.74584,137.392816
大村町,オオムラチョウ,OMURACHO,池田,34.78291,137.39488
三本木町,サンボンギチョウ,SAMBONGICHO,元三本木,34.72276,137.395746
三本木町,サンボンギチョウ,SAMBONGICHO,新三本木,34.725631,137.395247
山田町,ヤマダチョウ,YAMADACHO,瀬戸,34.747473,137.392903
高師本郷町,タカシホンゴウチョウ,TAKASHI HONGOCHO,東上,34.720494,137.395911
曙町,アケボノチョウ,AKEBONOCHO,宮前,34.728417,137.39465
大村町,オオムラチョウ,OMURACHO,見田,34.791804,137.394008
畑ケ田町,ハタケダチョウ,HATAKEDACHO,畑ヶ田,34.70701,137.396184
大村町,オオムラチョウ,OMURACHO,走出,34.789735,137.395771
大村町,オオムラチョウ,OMURACHO,仲田,34.788708,137.395799
大村町,オオムラチョウ,OMURACHO,九蔵,34.784448,137.396113
牛川町,ウシカワチョウ,USHIKAWACHO ,長畑,34.776196,137.398115
高師本郷町,タカシホンゴウチョウ,TAKASHI HONGOCHO,北浦,34.716307,137.394038
野依町,ノヨリチョウ,NOYORICHO,東屋敷,34.705644,137.396776
高師本郷町,タカシホンゴウチョウ,TAKASHI HONGOCHO,榎,34.717997,137.395862
曙町,アケボノチョウ,AKEBONOCHO,若松,34.728862,137.398489
野依町,ノヨリチョウ,NOYORICHO,東欠,34.69675,137.397378
高師本郷町,タカシホンゴウチョウ,TAKASHI HONGOCHO,竹ノ内,34.716295,137.396224
向山町,ムカイヤマチョウ,MUKAIYAMACHO,一本松,34.756625,137.396618
野依町,ノヨリチョウ,NOYORICHO,浜田川,34.700138,137.396376
若松町,ワカマツチョウ,WAKAMATSUCHO,豊美,34.689885,137.399814
長瀬町,ナガセチョウ,NAGASECHO,郷西,34.795097,137.398973
高塚町,タカツカチョウ,TAKATSUKACHO,楠ケ谷,34.692883,137.394215
大村町,オオムラチョウ,OMURACHO,水洗,34.781302,137.39938
長瀬町,ナガセチョウ,NAGASECHO,宮井戸,34.793221,137.398827
高塚町,タカツカチョウ,TAKATSUKACHO,石神,34.673278,137.400456
大村町,オオムラチョウ,OMURACHO,地之神,34.790928,137.397393
高塚町,タカツカチョウ,TAKATSUKACHO,笹原,34.667108,137.398594
曙町,アケボノチョウ,AKEBONOCHO,測点,34.724855,137.399755
三本木町,サンボンギチョウ,SAMBONGICHO,新東上,34.721053,137.39844
高塚町,タカツカチョウ,TAKATSUKACHO,二ノ沢,34.68373,137.400894
大村町,オオムラチョウ,OMURACHO,西浦,34.785364,137.39897
高塚町,タカツカチョウ,TAKATSUKACHO,西石神,34.670578,137.399927
三本木町,サンボンギチョウ,SAMBONGICHO,東上,34.720481,137.396518
大村町,オオムラチョウ,OMURACHO,大日,34.783196,137.399417
向山町,ムカイヤマチョウ,MUKAIYAMACHO,七面,34.754219,137.398339
高塚町,タカツカチョウ,TAKATSUKACHO,郷中,34.663881,137.401124
牧野町,マキノチョウ,MAKINOCHO,牧野,34.734644,137.398458
野依町,ノヨリチョウ,NOYORICHO,古川,34.696559,137.401552
野依町,ノヨリチョウ,NOYORICHO,東五反田,34.699012,137.399328
大村町,オオムラチョウ,OMURACHO,松浦,34.7907,137.399349
大村町,オオムラチョウ,OMURACHO,袋小路,34.788718,137.399406
浜道町,ハマミチチョウ,HAMAMICHICHO,新桜,34.717478,137.399538
天伯町,テンパクチョウ,TEMPAKUCHO,三和,34.707099,137.402799
牛川町,ウシカワチョウ,USHIKAWACHO ,油田,34.773639,137.399421
長瀬町,ナガセチョウ,NAGASECHO,古川,34.791387,137.399431
向山町,ムカイヤマチョウ,MUKAIYAMACHO,川北,34.750772,137.399162
弥生町,ヤヨイチョウ,YAYOICHO,松原,34.732136,137.401208
長瀬町,ナガセチョウ,NAGASECHO,西浦,34.796822,137.400115
西七根町,ニシナナネチョウ,NISHINANANECHO,東浜辺,34.667981,137.41609
向山町,ムカイヤマチョウ,MUKAIYAMACHO,南中畑,34.754718,137.399777
浜道町,ハマミチチョウ,HAMAMICHICHO,管石,34.720675,137.401845
曙町,アケボノチョウ,AKEBONOCHO,南松原,34.728706,137.403161
高塚町,タカツカチョウ,TAKATSUKACHO,大崎海道,34.67903,137.403413
牛川町,ウシカワチョウ,USHIKAWACHO ,宝塚,34.775873,137.401701
長瀬町,ナガセチョウ,NAGASECHO,前畑,34.794786,137.400019
大村町,オオムラチョウ,OMURACHO,勘太,34.786417,137.401341
高塚町,タカツカチョウ,TAKATSUKACHO,一ノ沢,34.677876,137.400785
天伯町,テンパクチョウ,TEMPAKUCHO,西天伯,34.703754,137.404263
若松町,ワカマツチョウ,WAKAMATSUCHO,北ケ谷,34.691488,137.404496
大村町,オオムラチョウ,OMURACHO,横走,34.789318,137.402049
牛川町,ウシカワチョウ,USHIKAWACHO ,道下,34.773143,137.402489
旭町,アサヒマチ,ASAHIMACHI,餌指,34.768964,137.401845
向山町,ムカイヤマチョウ,MUKAIYAMACHO,水車,34.749857,137.404417
向山町,ムカイヤマチョウ,MUKAIYAMACHO,池下,34.752837,137.401978
野依町,ノヨリチョウ,NOYORICHO,上原,34.703837,137.40144
長瀬町,ナガセチョウ,NAGASECHO,上ノ畑,34.79615,137.401523
浜道町,ハマミチチョウ,HAMAMICHICHO,桜,34.719183,137.401757
大村町,オオムラチョウ,OMURACHO,大溝,34.779958,137.404356
大村町,オオムラチョウ,OMURACHO,金山,34.782063,137.404427
大村町,オオムラチョウ,OMURACHO,塩田,34.784213,137.402459
高塚町,タカツカチョウ,TAKATSUKACHO,神田,34.666108,137.402189
大村町,オオムラチョウ,OMURACHO,善蔵,34.785965,137.403865
大村町,オオムラチョウ,OMURACHO,下河原,34.790122,137.404438
高塚町,タカツカチョウ,TAKATSUKACHO,井原,34.666746,137.402912
高塚町,タカツカチョウ,TAKATSUKACHO,道天下,34.670707,137.403704
大村町,オオムラチョウ,OMURACHO,小見堂,34.786804,137.40399
牛川町,ウシカワチョウ,USHIKAWACHO ,瀬ノ上,34.775738,137.402945
旭町,アサヒマチ,ASAHIMACHI,旭,34.767488,137.402929
向山町,ムカイヤマチョウ,MUKAIYAMACHO,伝馬,34.751855,137.404041
東田町,アズマダチョウ,AZUMADACHO ,西脇,34.769956,137.404504
天伯町,テンパクチョウ,TEMPAKUCHO,天伯,34.711169,137.4072
西幸町,ニシミユキチョウ,NISHIMIYUKICHO,笠松,34.730887,137.409266
天伯町,テンパクチョウ,TEMPAKUCHO,竜ケ丘,34.699037,137.405125
西七根町,ニシナナネチョウ,NISHINANANECHO,唐沢,34.687946,137.406553
西幸町,ニシミユキチョウ,NISHIMIYUKICHO,浜池,34.72473,137.408169
牛川町,ウシカワチョウ,USHIKAWACHO ,道上,34.772354,137.406603
牧野町,マキノチョウ,MAKINOCHO,北原,34.734512,137.405431
浜道町,ハマミチチョウ,HAMAMICHICHO,北側,34.7201,137.405536
浜道町,ハマミチチョウ,HAMAMICHICHO,南側,34.718521,137.406592
西七根町,ニシナナネチョウ,NISHINANANECHO,猪原,34.679799,137.406613
浜道町,ハマミチチョウ,HAMAMICHICHO,浜道,34.716591,137.404996
東田町,アズマダチョウ,AZUMADACHO ,北蓮田,34.763761,137.405341
東田町,アズマダチョウ,AZUMADACHO ,西前山,34.766537,137.406943
大村町,オオムラチョウ,OMURACHO,江川,34.780915,137.406927
高塚町,タカツカチョウ,TAKATSUKACHO,名操,34.663947,137.405556
東田町,アズマダチョウ,AZUMADACHO ,西郷,34.768154,137.407202
西七根町,ニシナナネチョウ,NISHINANANECHO,大崎海道,34.67778,137.409997
天伯町,テンパクチョウ,TEMPAKUCHO,八田平,34.713674,137.40773
牛川町,ウシカワチョウ,USHIKAWACHO ,南台,34.772569,137.407026
大村町,オオムラチョウ,OMURACHO,為河原郷,34.783716,137.4079
向山町,ムカイヤマチョウ,MUKAIYAMACHO,三ノ輪,34.750366,137.406513
三ノ輪町,ミノワチョウ,MINOWACHO,本興寺,34.748653,137.410676
高塚町,タカツカチョウ,TAKATSUKACHO,広坪,34.664595,137.40499
天伯町,テンパクチョウ,TEMPAKUCHO,柿木,34.714895,137.411996
三ノ輪町,ミノワチョウ,MINOWACHO,三ノ輪,34.751029,137.408233
牛川町,ウシカワチョウ,USHIKAWACHO ,北台,34.774071,137.408104
浜道町,ハマミチチョウ,HAMAMICHICHO,八坂,34.717489,137.408468
下条西町,ゲジョウニシマチ,GEJO NISHIMACHI,郷前,34.799911,137.409061
天伯町,テンパクチョウ,TEMPAKUCHO,雲雀ケ丘,34.699765,137.411619
天伯町,テンパクチョウ,TEMPAKUCHO,六ツ美,34.698612,137.411263
下条西町,ゲジョウニシマチ,GEJO NISHIMACHI,村前,34.796509,137.409625
西幸町,ニシミユキチョウ,NISHIMIYUKICHO,幸,34.733828,137.410757
東田町,アズマダチョウ,AZUMADACHO ,東前山,34.764858,137.408114
下条西町,ゲジョウニシマチ,GEJO NISHIMACHI,西郷廻リ,34.802342,137.409502
西七根町,ニシナナネチョウ,NISHINANANECHO,西石塚,34.67426,137.40983
西七根町,ニシナナネチョウ,NISHINANANECHO,西六ツ峰,34.692969,137.40842
牛川町,ウシカワチョウ,USHIKAWACHO ,松下,34.776575,137.409991
牛川町,ウシカワチョウ,USHIKAWACHO ,郷中,34.774421,137.409799
天伯町,テンパクチョウ,TEMPAKUCHO,梅ケ丘,34.703876,137.408988
浜道町,ハマミチチョウ,HAMAMICHICHO,新百々池,34.719506,137.408892
西七根町,ニシナナネチョウ,NISHINANANECHO,六ツ峰,34.693951,137.410671
高塚町,タカツカチョウ,TAKATSUKACHO,東保部,34.669332,137.409998
西七根町,ニシナナネチョウ,NISHINANANECHO,下相待ケ谷,34.6853,137.410808
高師町,タカシチョウ,TAKASHICHO,小野,34.734748,137.41061
東幸町,ヒガシミユキチョウ,HIGASHIMIYUKICHO,長山,34.734573,137.413024
下条西町,ゲジョウニシマチ,GEJO NISHIMACHI,東郷廻リ,34.801484,137.410071
浜道町,ハマミチチョウ,HAMAMICHICHO,沢東,34.719912,137.411177
西七根町,ニシナナネチョウ,NISHINANANECHO,むつみね台,34.689483,137.411333
浜道町,ハマミチチョウ,HAMAMICHICHO,窪田,34.718138,137.410641
天伯町,テンパクチョウ,TEMPAKUCHO,美吉,34.705098,137.413978
下条西町,ゲジョウニシマチ,GEJO NISHIMACHI,池端,34.803872,137.411231
西幸町,ニシミユキチョウ,NISHIMIYUKICHO,古並,34.726515,137.413716
下条西町,ゲジョウニシマチ,GEJO NISHIMACHI,宮前,34.797054,137.410741
西七根町,ニシナナネチョウ,NISHINANANECHO,西浜辺,34.669943,137.411577
下条西町,ゲジョウニシマチ,GEJO NISHIMACHI,杉本,34.798213,137.412423
西七根町,ニシナナネチョウ,NISHINANANECHO,南六ツ峰,34.686744,137.411547
西七根町,ニシナナネチョウ,NISHINANANECHO,南浜辺,34.666607,137.412313
下条西町,ゲジョウニシマチ,GEJO NISHIMACHI,小大道,34.795573,137.411635
天伯町,テンパクチョウ,TEMPAKUCHO,中里,34.70757,137.414955
西七根町,ニシナナネチョウ,NISHINANANECHO,小峠,34.676019,137.414138
牛川町,ウシカワチョウ,USHIKAWACHO ,後畑,34.786568,137.41173
下条西町,ゲジョウニシマチ,GEJO NISHIMACHI,北,34.805366,137.413279
西口町,ニシグチチョウ,NISHIGUCHICHO,西ノ口,34.741512,137.415553
牛川町,ウシカワチョウ,USHIKAWACHO ,田ノ上,34.776144,137.414293
下条西町,ゲジョウニシマチ,GEJO NISHIMACHI,南,34.803228,137.412932
東幸町,ヒガシミユキチョウ,HIGASHIMIYUKICHO,大山,34.7353,137.417104
下条西町,ゲジョウニシマチ,GEJO NISHIMACHI,堀切,34.79007,137.412839
牛川町,ウシカワチョウ,USHIKAWACHO ,洗島,34.77777,137.413315
天伯町,テンパクチョウ,TEMPAKUCHO,東天伯,34.700407,137.415131
飯村町,イムレチョウニシヤマ、タカヤマ,IMURECHO NISHIYAMA.TAKAYAMA,茶屋,34.745568,137.414748
下条東町,ゲジョウヒガシマチ,GEJO HIGASHIMACHI,星野,34.800473,137.413935
西七根町,ニシナナネチョウ,NISHINANANECHO,農功,34.679185,137.414409
飯村町,イムレチョウニシヤマ、タカヤマ,IMURECHO NISHIYAMA.TAKAYAMA,西山,34.749364,137.415753
東七根町,ヒガシナナネチョウ,HIGASHINANANECHO,大山,34.695013,137.413247
西七根町,ニシナナネチョウ,NISHINANANECHO,中浜辺,34.668214,137.415138
牛川町,ウシカワチョウ,USHIKAWACHO ,川垂,34.785743,137.413317
高田町,タカダチョウ,TAKADACHO,高田,34.719387,137.418228
牛川町,ウシカワチョウ,USHIKAWACHO ,まま下,34.78738,137.413379
西七根町,ニシナナネチョウ,NISHINANANECHO,石塚,34.674066,137.414797
佐藤町,サトウチョウ,SATOCHO,北島,34.741819,137.413435
西七根町,ニシナナネチョウ,NISHINANANECHO,中石塚,34.675309,137.41359
東七根町,ヒガシナナネチョウ,HIGASHINANANECHO,東大山,34.690629,137.415106
牛川町,ウシカワチョウ,USHIKAWACHO ,折目,34.786489,137.413744
天伯町,テンパクチョウ,TEMPAKUCHO,高田山,34.713379,137.415005
西七根町,ニシナナネチョウ,NISHINANANECHO,北浜辺,34.671153,137.4165
東七根町,ヒガシナナネチョウ,HIGASHINANANECHO,稲場,34.693303,137.417824
下条東町,ゲジョウヒガシマチ,GEJO HIGASHIMACHI,西浦,34.802981,137.41538
下条西町,ゲジョウニシマチ,GEJO NISHIMACHI,大屋敷,34.805434,137.414988
藤並町,フジナミチョウ,FUJINAMICHO,新井島,34.719092,137.414389
西口町,ニシグチチョウ,NISHIGUCHICHO,元茶屋,34.743515,137.415417
牛川町,ウシカワチョウ,USHIKAWACHO ,西側,34.783728,137.415613
東七根町,ヒガシナナネチョウ,HIGASHINANANECHO,東六ツ峰,34.686811,137.417916
牛川町,ウシカワチョウ,USHIKAWACHO ,薬師前,34.774949,137.413996
東幸町,ヒガシミユキチョウ,HIGASHIMIYUKICHO,水神,34.738582,137.416295
天伯町,テンパクチョウ,TEMPAKUCHO,豊受,34.702448,137.415638
西幸町,ニシミユキチョウ,NISHIMIYUKICHO,東脇,34.72871,137.418592
下条東町,ゲジョウヒガシマチ,GEJO HIGASHIMACHI,松下,34.79697,137.416739
天伯町,テンパクチョウ,TEMPAKUCHO,春日野,34.710094,137.414793
牛川町,ウシカワチョウ,USHIKAWACHO ,中郷,34.780704,137.418619
牛川町,ウシカワチョウ,USHIKAWACHO ,田中,34.774402,137.415431
下条東町,ゲジョウヒガシマチ,GEJO HIGASHIMACHI,花深前,34.797863,137.417379
西七根町,ニシナナネチョウ,NISHINANANECHO,赤坂,34.674098,137.417409
天伯町,テンパクチョウ,TEMPAKUCHO,豊,34.705801,137.418732
西七根町,ニシナナネチョウ,NISHINANANECHO,中足田口,34.67633,137.416752
藤並町,フジナミチョウ,FUJINAMICHO,西側,34.725138,137.419258
東七根町,ヒガシナナネチョウ,HIGASHINANANECHO,井領,34.681305,137.420095
天伯町,テンパクチョウ,TEMPAKUCHO,三ツ山,34.712732,137.418581
下条東町,ゲジョウヒガシマチ,GEJO HIGASHIMACHI,古城,34.80229,137.418037
高田町,タカダチョウ,TAKADACHO,坪口,34.717227,137.416966
東七根町,ヒガシナナネチョウ,HIGASHINANANECHO,西宝地道,34.701153,137.418812
下条東町,ゲジョウヒガシマチ,GEJO HIGASHIMACHI,中通,34.80158,137.416693
牛川町,ウシカワチョウ,USHIKAWACHO ,西郷,34.786598,137.420241
下条東町,ゲジョウヒガシマチ,GEJO HIGASHIMACHI,王西,34.805451,137.418343
下条東町,ゲジョウヒガシマチ,GEJO HIGASHIMACHI,宮西,34.80051,137.418746
牛川町,ウシカワチョウ,USHIKAWACHO ,東側,34.783531,137.419624
藤並町,フジナミチョウ,FUJINAMICHO,相生,34.723623,137.419803
西七根町,ニシナナネチョウ,NISHINANANECHO,松前谷,34.668925,137.4196
東七根町,ヒガシナナネチョウ,HIGASHINANANECHO,松端,34.677488,137.421109
下条東町,ゲジョウヒガシマチ,GEJO HIGASHIMACHI,中屋敷,34.803295,137.420907
東幸町,ヒガシミユキチョウ,HIGASHIMIYUKICHO,東明,34.732073,137.422162
天伯町,テンパクチョウ,TEMPAKUCHO,泉,34.715872,137.422355
天伯町,テンパクチョウ,TEMPAKUCHO,西沢,34.707093,137.421566
下条東町,ゲジョウヒガシマチ,GEJO HIGASHIMACHI,宮脇,34.800113,137.419963
藤並町,フジナミチョウ,FUJINAMICHO,藤並,34.726209,137.422914
下条東町,ゲジョウヒガシマチ,GEJO HIGASHIMACHI,塚田,34.798215,137.420549
西口町,ニシグチチョウ,NISHIGUCHICHO,土橋,34.742447,137.418754
岩屋町,イワヤチョウ,IWAYACHO,岩屋下,34.736203,137.4241
下条東町,ゲジョウヒガシマチ,GEJO HIGASHIMACHI,広間,34.800681,137.421264
下条東町,ゲジョウヒガシマチ,GEJO HIGASHIMACHI,池田,34.803913,137.42191
天伯町,テンパクチョウ,TEMPAKUCHO,梅田,34.718682,137.423022
天伯町,テンパクチョウ,TEMPAKUCHO,東沢,34.70876,137.422121
豊栄町,ホウエイチョウ,HOEICHO,西,34.700261,137.426248
石巻本町,イシマキホンマチ,ISHIMAKI HOMMACHI,北久古,34.809952,137.424822
東七根町,ヒガシナナネチョウ,HIGASHINANANECHO,松前,34.674208,137.422389
下条東町,ゲジョウヒガシマチ,GEJO HIGASHIMACHI,木戸口,34.805005,137.42252
寺沢町,テラサワチョウ,TERASAWACHO,睦美,34.69205,137.427323
牛川町,ウシカワチョウ,USHIKAWACHO ,浪ノ上,34.784914,137.423198
天伯町,テンパクチョウ,TEMPAKUCHO,富士見,34.703073,137.421882
岩屋町,イワヤチョウ,IWAYACHO,岩屋西,34.739906,137.422261
東七根町,ヒガシナナネチョウ,HIGASHINANANECHO,銭田,34.69289,137.423166
東七根町,ヒガシナナネチョウ,HIGASHINANANECHO,前,34.677015,137.422246
石巻本町,イシマキホンマチ,ISHIMAKI HOMMACHI,西浦,34.807782,137.423161
東七根町,ヒガシナナネチョウ,HIGASHINANANECHO,山頭,34.67591,137.423243
石巻本町,イシマキホンマチ,ISHIMAKI HOMMACHI,石畑,34.809032,137.424388
寺沢町,テラサワチョウ,TERASAWACHO,田濃,34.696437,137.42357
下条東町,ゲジョウヒガシマチ,GEJO HIGASHIMACHI,池尻,34.800617,137.424074
藤並町,フジナミチョウ,FUJINAMICHO,天王,34.728538,137.423935
飯村町,イムレチョウニシヤマ、タカヤマ,IMURECHO NISHIYAMA.TAKAYAMA,東川,34.740809,137.423909
東七根町,ヒガシナナネチョウ,HIGASHINANANECHO,北浦,34.681587,137.42532
下条東町,ゲジョウヒガシマチ,GEJO HIGASHIMACHI,北ケ谷,34.802343,137.423462
賀茂町,カモチョウ,KAMOCHO,村上,34.845809,137.440958
石巻本町,イシマキホンマチ,ISHIMAKI HOMMACHI,茶ノ木,34.807597,137.425365
藤並町,フジナミチョウ,FUJINAMICHO,摩耶,34.723342,137.425654
下条東町,ゲジョウヒガシマチ,GEJO HIGASHIMACHI,谷口,34.803031,137.42457
飯村町,イムレチョウニシヤマ、タカヤマ,IMURECHO NISHIYAMA.TAKAYAMA,南池上,34.73827,137.426181
東七根町,ヒガシナナネチョウ,HIGASHINANANECHO,篭田,34.674806,137.426189
下条東町,ゲジョウヒガシマチ,GEJO HIGASHIMACHI,白石,34.796397,137.427308
豊栄町,ホウエイチョウ,HOEICHO,東,34.704766,137.43349
藤並町,フジナミチョウ,FUJINAMICHO,大沢,34.720502,137.428747
大岩町,オオイワチョウ,OIWACHO ,火打坂,34.731499,137.430256
下条東町,ゲジョウヒガシマチ,GEJO HIGASHIMACHI,小堀,34.80354,137.425769
天伯町,テンパクチョウ,TEMPAKUCHO,東谷,34.707361,137.427557
下条東町,ゲジョウヒガシマチ,GEJO HIGASHIMACHI,石塚,34.804656,137.426806
寺沢町,テラサワチョウ,TERASAWACHO,西向,34.682527,137.428209
寺沢町,テラサワチョウ,TERASAWACHO,深沢,34.68836,137.428315
大岩町,オオイワチョウ,OIWACHO ,久保田,34.727082,137.429832
石巻本町,イシマキホンマチ,ISHIMAKI HOMMACHI,谷口,34.798928,137.427065
寺沢町,テラサワチョウ,TERASAWACHO,亀渕,34.677832,137.427563
石巻本町,イシマキホンマチ,ISHIMAKI HOMMACHI,須原,34.793223,137.433617
賀茂町,カモチョウ,KAMOCHO,柳原,34.836335,137.427659
東田町,アズマダチョウ,AZUMADACHO ,井原,34.762971,137.428866
賀茂町,カモチョウ,KAMOCHO,出口,34.838288,137.429328
賀茂町,カモチョウ,KAMOCHO,川原,34.837472,137.428228
石巻本町,イシマキホンマチ,ISHIMAKI HOMMACHI,狭間,34.789422,137.428379
石巻本町,イシマキホンマチ,ISHIMAKI HOMMACHI,萱野,34.799795,137.429737
大岩町,オオイワチョウ,OIWACHO ,車田,34.72332,137.42939
寺沢町,テラサワチョウ,TERASAWACHO,内原,34.672694,137.430524
石巻本町,イシマキホンマチ,ISHIMAKI HOMMACHI,投野,34.79649,137.42894
大岩町,オオイワチョウ,OIWACHO ,大穴,34.716099,137.433993
寺沢町,テラサワチョウ,TERASAWACHO,郷中,34.676725,137.430543
賀茂町,カモチョウ,KAMOCHO,山伏,34.832326,137.431674
賀茂町,カモチョウ,KAMOCHO,中道,34.840641,137.429713
賀茂町,カモチョウ,KAMOCHO,西屋敷,34.834419,137.429993
飯村町,イムレチョウニシヤマ、タカヤマ,IMURECHO NISHIYAMA.TAKAYAMA,北池上,34.738771,137.430277
寺沢町,テラサワチョウ,TERASAWACHO,寺瀬戸,34.678958,137.430445
賀茂町,カモチョウ,KAMOCHO,御灯田,34.836665,137.429607
飯村町,イムレチョウニシヤマ、タカヤマ,IMURECHO NISHIYAMA.TAKAYAMA,高山,34.743944,137.43611
寺沢町,テラサワチョウ,TERASAWACHO,下坪尻,34.684908,137.434277
大岩町,オオイワチョウ,OIWACHO ,菅池,34.725604,137.430789
石巻本町,イシマキホンマチ,ISHIMAKI HOMMACHI,中野口,34.802423,137.431259
大岩町,オオイワチョウ,OIWACHO ,北山,34.732691,137.439244
賀茂町,カモチョウ,KAMOCHO,下鶴,34.838416,137.430869
賀茂町,カモチョウ,KAMOCHO,城前,34.835059,137.431128
多米町,タメチョウ,TAMECHO,蝉川,34.767855,137.4379
岩田町,イワタチョウ,IWATACHO,北郷中,34.760016,137.431528
寺沢町,テラサワチョウ,TERASAWACHO,東郷,34.675989,137.432418
石巻本町,イシマキホンマチ,ISHIMAKI HOMMACHI,森屋敷,34.788768,137.432998
賀茂町,カモチョウ,KAMOCHO,大蚊屋敷,34.833424,137.431834
石巻本町,イシマキホンマチ,ISHIMAKI HOMMACHI,中田,34.808035,137.431685
岩田町,イワタチョウ,IWATACHO,居村,34.760273,137.433068
賀茂町,カモチョウ,KAMOCHO,塞神,34.839841,137.43202
石巻本町,イシマキホンマチ,ISHIMAKI HOMMACHI,中屋敷,34.800198,137.433124
大岩町,オオイワチョウ,OIWACHO ,境目,34.733747,137.432782
石巻本町,イシマキホンマチ,ISHIMAKI HOMMACHI,大清水,34.796817,137.432481
寺沢町,テラサワチョウ,TERASAWACHO,宮前,34.680242,137.432051
石巻本町,イシマキホンマチ,ISHIMAKI HOMMACHI,西砂原,34.794904,137.432298
賀茂町,カモチョウ,KAMOCHO,恵実,34.836491,137.432442
賀茂町,カモチョウ,KAMOCHO,長畑,34.83172,137.432141
飯村町,イムレチョウニシヤマ、タカヤマ,IMURECHO NISHIYAMA.TAKAYAMA,浜道上,34.745557,137.435186
石巻本町,イシマキホンマチ,ISHIMAKI HOMMACHI,寺前,34.791218,137.432807
石巻本町,イシマキホンマチ,ISHIMAKI HOMMACHI,信池,34.803249,137.433083
賀茂町,カモチョウ,KAMOCHO,代官屋敷,34.836273,137.435181
賀茂町,カモチョウ,KAMOCHO,大鳥井下,34.830281,137.434231
牛川町,ウシカワチョウ,USHIKAWACHO ,寺前,34.78104,137.434417
大岩町,オオイワチョウ,OIWACHO ,前田,34.72354,137.434759
賀茂町,カモチョウ,KAMOCHO,鷺畑,34.833039,137.432938
小松原町,コマツバラチョウ,KOMATSUBARACHO,北狭間,34.680216,137.43363
牛川町,ウシカワチョウ,USHIKAWACHO ,乗小路,34.772717,137.43746
賀茂町,カモチョウ,KAMOCHO,城屋敷,34.834888,137.433972
石巻本町,イシマキホンマチ,ISHIMAKI HOMMACHI,中岡,34.807186,137.434055
牛川町,ウシカワチョウ,USHIKAWACHO ,押川,34.782587,137.434547
岩田町,イワタチョウ,IWATACHO,上庄,34.751046,137.433961
石巻本町,イシマキホンマチ,ISHIMAKI HOMMACHI,堀合,34.794737,137.434639
小松原町,コマツバラチョウ,KOMATSUBARACHO,南,34.671805,137.438168
賀茂町,カモチョウ,KAMOCHO,森信,34.838259,137.434322
石巻町,イシマキチョウ,ISHIMAKICHO,出口,34.785733,137.434868
石巻本町,イシマキホンマチ,ISHIMAKI HOMMACHI,西屋敷,34.791027,137.435456
石巻本町,イシマキホンマチ,ISHIMAKI HOMMACHI,野添,34.800301,137.435986
賀茂町,カモチョウ,KAMOCHO,染屋畑,34.833296,137.434791
石巻本町,イシマキホンマチ,ISHIMAKI HOMMACHI,御所,34.809583,137.436691
石巻本町,イシマキホンマチ,ISHIMAKI HOMMACHI,日南坂,34.79772,137.436085
石巻本町,イシマキホンマチ,ISHIMAKI HOMMACHI,若宮,34.804245,137.436266
小島町,コジマチョウ,KOJIMACHO,下田濃,34.68973,137.437695
小松原町,コマツバラチョウ,KOMATSUBARACHO,坪尻,34.686168,137.437692
小松原町,コマツバラチョウ,KOMATSUBARACHO,今西,34.68198,137.436883
石巻本町,イシマキホンマチ,ISHIMAKI HOMMACHI,上ミ畑,34.796041,137.436334
石巻本町,イシマキホンマチ,ISHIMAKI HOMMACHI,十一面,34.792705,137.435934
小松原町,コマツバラチョウ,KOMATSUBARACHO,下出口,34.676991,137.436149
賀茂町,カモチョウ,KAMOCHO,宗末,34.837724,137.436415
賀茂町,カモチョウ,KAMOCHO,久長,34.839917,137.436368
賀茂町,カモチョウ,KAMOCHO,若宮,34.83551,137.436576
石巻本町,イシマキホンマチ,ISHIMAKI HOMMACHI,的場,34.808162,137.437243
石巻町,イシマキチョウ,ISHIMAKICHO,西浦,34.787094,137.438926
小松原町,コマツバラチョウ,KOMATSUBARACHO,伊良三造,34.679513,137.436247
小松原町,コマツバラチョウ,KOMATSUBARACHO,浜,34.670247,137.437872
石巻本町,イシマキホンマチ,ISHIMAKI HOMMACHI,東屋敷,34.790555,137.437634
小松原町,コマツバラチョウ,KOMATSUBARACHO,中島,34.679564,137.437845
石巻本町,イシマキホンマチ,ISHIMAKI HOMMACHI,西下地,34.798557,137.436352
小松原町,コマツバラチョウ,KOMATSUBARACHO,出口,34.678566,137.438331
石巻本町,イシマキホンマチ,ISHIMAKI HOMMACHI,中尾,34.793565,137.437861
石巻町,イシマキチョウ,ISHIMAKICHO,間場,34.790541,137.439194
石巻本町,イシマキホンマチ,ISHIMAKI HOMMACHI,広福,34.806211,137.436181
大岩町,オオイワチョウ,OIWACHO ,本郷,34.723593,137.437763
小島町,コジマチョウ,KOJIMACHO,西縄口,34.706061,137.44163
石巻本町,イシマキホンマチ,ISHIMAKI HOMMACHI,市場,34.800874,137.438625
賀茂町,カモチョウ,KAMOCHO,双田,34.839793,137.440009
石巻本町,イシマキホンマチ,ISHIMAKI HOMMACHI,北海津,34.793016,137.438046
石巻本町,イシマキホンマチ,ISHIMAKI HOMMACHI,東下地,34.79776,137.438416
大岩町,オオイワチョウ,OIWACHO ,黒下,34.720991,137.437848
石巻本町,イシマキホンマチ,ISHIMAKI HOMMACHI,井田,34.810755,137.438514
石巻町,イシマキチョウ,ISHIMAKICHO,新川,34.780142,137.438108
牛川町,ウシカワチョウ,USHIKAWACHO ,東仲田,34.778973,137.43853
牛川町,ウシカワチョウ,USHIKAWACHO ,池下,34.776145,137.438272
石巻本町,イシマキホンマチ,ISHIMAKI HOMMACHI,辻川,34.796564,137.438647
石巻本町,イシマキホンマチ,ISHIMAKI HOMMACHI,枇杷,34.808258,137.439903
石巻本町,イシマキホンマチ,ISHIMAKI HOMMACHI,北市場,34.804828,137.439892
石巻本町,イシマキホンマチ,ISHIMAKI HOMMACHI,狭間田,34.812517,137.440358
石巻本町,イシマキホンマチ,ISHIMAKI HOMMACHI,太田,34.799501,137.442417
大岩町,オオイワチョウ,OIWACHO ,西荒田,34.7124,137.44187
石巻町,イシマキチョウ,ISHIMAKICHO,中ノ坪,34.77997,137.43879
石巻本町,イシマキホンマチ,ISHIMAKI HOMMACHI,出口,34.806473,137.440516
小松原町,コマツバラチョウ,KOMATSUBARACHO,天目山,34.677456,137.439523
石巻小野田町,イシマキオノダチョウ,ISHIMAKI ONODACHO,薮田,34.821388,137.440001
小松原町,コマツバラチョウ,KOMATSUBARACHO,荒蒔,34.679527,137.440128
大岩町,オオイワチョウ,OIWACHO ,南元屋敷,34.725614,137.439546
石巻本町,イシマキホンマチ,ISHIMAKI HOMMACHI,口明塚,34.81788,137.440884
石巻町,イシマキチョウ,ISHIMAKICHO,札辻,34.794225,137.440208
岩田町,イワタチョウ,IWATACHO,影岩,34.748773,137.442676
賀茂町,カモチョウ,KAMOCHO,長池,34.842108,137.440059
小松原町,コマツバラチョウ,KOMATSUBARACHO,東島,34.681867,137.439514
石巻本町,イシマキホンマチ,ISHIMAKI HOMMACHI,折目,34.809422,137.440724
石巻町,イシマキチョウ,ISHIMAKICHO,奥屋敷,34.786363,137.440739
石巻町,イシマキチョウ,ISHIMAKICHO,内屋敷,34.782301,137.440274
賀茂町,カモチョウ,KAMOCHO,比丘尼谷,34.8423,137.441203
石巻本町,イシマキホンマチ,ISHIMAKI HOMMACHI,東野,34.8029,137.440103
石巻小野田町,イシマキオノダチョウ,ISHIMAKI ONODACHO,唐立,34.822296,137.440746
賀茂町,カモチョウ,KAMOCHO,鎌田,34.837197,137.443092
多米町,タメチョウ,TAMECHO,坪尻,34.765597,137.442151
大岩町,オオイワチョウ,OIWACHO ,反茂,34.719787,137.440064
賀茂町,カモチョウ,KAMOCHO,天神前,34.84011,137.441986
大岩町,オオイワチョウ,OIWACHO ,北元屋敷,34.727046,137.439761
大岩町,オオイワチョウ,OIWACHO ,北田,34.723592,137.441117
石巻町,イシマキチョウ,ISHIMAKICHO,馬場,34.793174,137.443362
賀茂町,カモチョウ,KAMOCHO,石城寺,34.838903,137.441082
小島町,コジマチョウ,KOJIMACHO,上田濃,34.6886,137.442631
石巻町,イシマキチョウ,ISHIMAKICHO,下屋敷,34.785723,137.442315
小島町,コジマチョウ,KOJIMACHO,北出口,34.677347,137.441746
石巻町,イシマキチョウ,ISHIMAKICHO,中白,34.780659,137.44147
小島町,コジマチョウ,KOJIMACHO,西中沢,34.675036,137.442994
小島町,コジマチョウ,KOJIMACHO,南出口,34.674636,137.442207
大岩町,オオイワチョウ,OIWACHO ,東畑,34.72108,137.440394
石巻町,イシマキチョウ,ISHIMAKICHO,青木,34.797755,137.443426
小島町,コジマチョウ,KOJIMACHO,荒巻,34.680597,137.441938
石巻町,イシマキチョウ,ISHIMAKICHO,薮下,34.783236,137.443193
賀茂町,カモチョウ,KAMOCHO,九伏,34.836975,137.44237
賀茂町,カモチョウ,KAMOCHO,大塚,34.841754,137.442393
大岩町,オオイワチョウ,OIWACHO ,荒古,34.719146,137.44271
石巻本町,イシマキホンマチ,ISHIMAKI HOMMACHI,重行,34.810911,137.442148
石巻小野田町,イシマキオノダチョウ,ISHIMAKI ONODACHO,上鳥見塚,34.822622,137.44197
岩崎町,イワサキチョウ,IWASAKICHO,野田,34.75463,137.443586
石巻小野田町,イシマキオノダチョウ,ISHIMAKI ONODACHO,北山,34.820684,137.442934
石巻町,イシマキチョウ,ISHIMAKICHO,中瀬古,34.784538,137.442266
石巻本町,イシマキホンマチ,ISHIMAKI HOMMACHI,藤葉,34.809105,137.443664
石巻町,イシマキチョウ,ISHIMAKICHO,寺前,34.786376,137.44336
石巻町,イシマキチョウ,ISHIMAKICHO,深田,34.779884,137.443897
大岩町,オオイワチョウ,OIWACHO ,西郷内,34.725988,137.443
石巻小野田町,イシマキオノダチョウ,ISHIMAKI ONODACHO,下切田,34.822425,137.446196
大岩町,オオイワチョウ,OIWACHO ,東荒田,34.711899,137.44584
小島町,コジマチョウ,KOJIMACHO,本田,34.674985,137.444301
小島町,コジマチョウ,KOJIMACHO,蛇ノ髭,34.68717,137.44786
石巻町,イシマキチョウ,ISHIMAKICHO,北屋敷,34.785448,137.444773
小島町,コジマチョウ,KOJIMACHO,西峠,34.678848,137.443478
石巻本町,イシマキホンマチ,ISHIMAKI HOMMACHI,西田,34.802833,137.444088
大岩町,オオイワチョウ,OIWACHO ,沢渡,34.721113,137.444243
石巻町,イシマキチョウ,ISHIMAKICHO,野田,34.782741,137.444116
賀茂町,カモチョウ,KAMOCHO,山屋敷,34.843008,137.444218
賀茂町,カモチョウ,KAMOCHO,棒ケ池,34.838068,137.445811
小島町,コジマチョウ,KOJIMACHO,池ノ谷,34.681223,137.447018
石巻本町,イシマキホンマチ,ISHIMAKI HOMMACHI,西野,34.805975,137.444717
岩崎町,イワサキチョウ,IWASAKICHO,利兵,34.75067,137.445487
石巻本町,イシマキホンマチ,ISHIMAKI HOMMACHI,新屋,34.812919,137.446431
石巻町,イシマキチョウ,ISHIMAKICHO,東頭,34.78512,137.447405
石巻町,イシマキチョウ,ISHIMAKICHO,前屋敷,34.783201,137.445536
小島町,コジマチョウ,KOJIMACHO,峠,34.67864,137.444635
石巻本町,イシマキホンマチ,ISHIMAKI HOMMACHI,中カ田,34.813717,137.446566
賀茂町,カモチョウ,KAMOCHO,神山,34.838872,137.444305
岩崎町,イワサキチョウ,IWASAKICHO,山神,34.753638,137.447906
大岩町,オオイワチョウ,OIWACHO ,前荒田,34.71292,137.448827
石巻町,イシマキチョウ,ISHIMAKICHO,西屋敷,34.796543,137.446814
多米町,タメチョウ,TAMECHO,大門,34.763271,137.445393
石巻町,イシマキチョウ,ISHIMAKICHO,岩田,34.781468,137.446604
石巻本町,イシマキホンマチ,ISHIMAKI HOMMACHI,向野,34.800358,137.449262
賀茂町,カモチョウ,KAMOCHO,小深田,34.82956,137.445309
石巻本町,イシマキホンマチ,ISHIMAKI HOMMACHI,横川,34.80318,137.44602
大岩町,オオイワチョウ,OIWACHO ,小山塚,34.718982,137.446053
大岩町,オオイワチョウ,OIWACHO ,東郷内,34.72574,137.446769
小島町,コジマチョウ,KOJIMACHO,西十三本,34.676908,137.444755
小島町,コジマチョウ,KOJIMACHO,東峠,34.678591,137.447271
多米町,タメチョウ,TAMECHO,沢尻,34.763111,137.446126
大岩町,オオイワチョウ,OIWACHO ,南町裏,34.722289,137.446641
石巻町,イシマキチョウ,ISHIMAKICHO,金割,34.79322,137.448808
石巻小野田町,イシマキオノダチョウ,ISHIMAKI ONODACHO,寺西,34.828351,137.447395
石巻本町,イシマキホンマチ,ISHIMAKI HOMMACHI,新田屋敷,34.818457,137.447211
石巻小野田町,イシマキオノダチョウ,ISHIMAKI ONODACHO,月谷,34.831963,137.448271
岩崎町,イワサキチョウ,IWASAKICHO,長尾,34.748314,137.446936
小島町,コジマチョウ,KOJIMACHO,南島,34.674975,137.45
小島町,コジマチョウ,KOJIMACHO,東中沢,34.677552,137.448739
石巻町,イシマキチョウ,ISHIMAKICHO,沢渡,34.783258,137.447656
石巻本町,イシマキホンマチ,ISHIMAKI HOMMACHI,宮前,34.814371,137.4484
賀茂町,カモチョウ,KAMOCHO,大養治,34.839882,137.450212
石巻町,イシマキチョウ,ISHIMAKICHO,中屋敷,34.796228,137.448995
石巻町,イシマキチョウ,ISHIMAKICHO,上浦,34.781086,137.448733
石巻町,イシマキチョウ,ISHIMAKICHO,会下,34.779737,137.447911
石巻西川町,イシマキニシガワチョウ,ISHIMAKI NISHIGAWACHO,向坪,34.834819,137.457381
石巻町,イシマキチョウ,ISHIMAKICHO,乙北山,34.797657,137.448402
石巻小野田町,イシマキオノダチョウ,ISHIMAKI ONODACHO,宮下,34.8275,137.449801
二川町,フタガワチョウ,FUTAGAWACHO ,西向山,34.715259,137.450522
石巻西川町,イシマキニシガワチョウ,ISHIMAKI NISHIGAWACHO,釘田,34.837187,137.452236
石巻町,イシマキチョウ,ISHIMAKICHO,南山,34.789715,137.451692
石巻本町,イシマキホンマチ,ISHIMAKI HOMMACHI,半ノ木,34.812942,137.448193
二川町,フタガワチョウ,FUTAGAWACHO ,南裏,34.72189,137.451638
石巻本町,イシマキホンマチ,ISHIMAKI HOMMACHI,初坂,34.81817,137.448854
石巻町,イシマキチョウ,ISHIMAKICHO,新屋,34.783858,137.449263
岩崎町,イワサキチョウ,IWASAKICHO,森下,34.756803,137.449098
賀茂町,カモチョウ,KAMOCHO,坂井,34.840774,137.45144
小島町,コジマチョウ,KOJIMACHO,小舟,34.682118,137.448748
石巻本町,イシマキホンマチ,ISHIMAKI HOMMACHI,高嶋,34.806751,137.450919
石巻小野田町,イシマキオノダチョウ,ISHIMAKI ONODACHO,出口,34.825514,137.44997
石巻本町,イシマキホンマチ,ISHIMAKI HOMMACHI,向イ,34.813514,137.449377
石巻本町,イシマキホンマチ,ISHIMAKI HOMMACHI,西家門,34.804422,137.450412
小島町,コジマチョウ,KOJIMACHO,大舟,34.679653,137.449137
小島町,コジマチョウ,KOJIMACHO,海見坂,34.688584,137.45088
石巻本町,イシマキホンマチ,ISHIMAKI HOMMACHI,堤下,34.814019,137.449996
石巻本町,イシマキホンマチ,ISHIMAKI HOMMACHI,茶臼,34.820038,137.446056
石巻本町,イシマキホンマチ,ISHIMAKI HOMMACHI,清水,34.805719,137.449873
二川町,フタガワチョウ,FUTAGAWACHO ,北裏,34.729149,137.452152
細谷町,ホソヤチョウ,HOSOYACHO,山ノ田,34.706475,137.451557
石巻町,イシマキチョウ,ISHIMAKICHO,上屋敷,34.795796,137.451013
石巻町,イシマキチョウ,ISHIMAKICHO,大入,34.793109,137.451059
小島町,コジマチョウ,KOJIMACHO,芋ケ谷,34.684869,137.450853
石巻西川町,イシマキニシガワチョウ,ISHIMAKI NISHIGAWACHO,赤砂利,34.846357,137.45312
石巻町,イシマキチョウ,ISHIMAKICHO,丁田,34.784585,137.451516
石巻本町,イシマキホンマチ,ISHIMAKI HOMMACHI,本郷,34.814262,137.452152
石巻町,イシマキチョウ,ISHIMAKICHO,小柴,34.781388,137.45167
二川町,フタガワチョウ,FUTAGAWACHO ,東向山,34.715647,137.454863
多米町,タメチョウ,TAMECHO,滝ノ谷,34.765222,137.470854
石巻平野町,イシマキヒラノチョウ,ISHIMAKI HIRANOCHO,日名倉,34.824143,137.456531
細谷町,ホソヤチョウ,HOSOYACHO,北芋ケ谷,34.685027,137.455883
石巻西川町,イシマキニシガワチョウ,ISHIMAKI NISHIGAWACHO,郷道,34.839586,137.453393
石巻本町,イシマキホンマチ,ISHIMAKI HOMMACHI,東家門,34.803818,137.4516
石巻本町,イシマキホンマチ,ISHIMAKI HOMMACHI,ツクヱ,34.802807,137.451986
大脇町,オオワキチョウ,OWAKICHO ,大脇ノ谷,34.732116,137.4532
石巻本町,イシマキホンマチ,ISHIMAKI HOMMACHI,橋上,34.805746,137.453593
石巻本町,イシマキホンマチ,ISHIMAKI HOMMACHI,西木ノ根,34.804259,137.453563
石巻本町,イシマキホンマチ,ISHIMAKI HOMMACHI,瀬戸,34.810236,137.454206
石巻西川町,イシマキニシガワチョウ,ISHIMAKI NISHIGAWACHO,向山,34.835371,137.455168
細谷町,ホソヤチョウ,HOSOYACHO,小袋松,34.688383,137.454316
岩崎町,イワサキチョウ,IWASAKICHO,森,34.755455,137.45508
石巻西川町,イシマキニシガワチョウ,ISHIMAKI NISHIGAWACHO,平下,34.846405,137.454674
大脇町,オオワキチョウ,OWAKICHO ,大脇,34.725795,137.45512
細谷町,ホソヤチョウ,HOSOYACHO,地原,34.708963,137.455803
二川町,フタガワチョウ,FUTAGAWACHO ,東町,34.724222,137.454062
石巻本町,イシマキホンマチ,ISHIMAKI HOMMACHI,東木ノ根,34.803825,137.454686
石巻西川町,イシマキニシガワチョウ,ISHIMAKI NISHIGAWACHO,道上,34.837759,137.455302
細谷町,ホソヤチョウ,HOSOYACHO,目高田,34.704276,137.454451
石巻西川町,イシマキニシガワチョウ,ISHIMAKI NISHIGAWACHO,西屋敷,34.843275,137.454646
細谷町,ホソヤチョウ,HOSOYACHO,近見山,34.680906,137.457782
石巻西川町,イシマキニシガワチョウ,ISHIMAKI NISHIGAWACHO,城山,34.840476,137.45638
岩崎町,イワサキチョウ,IWASAKICHO,森中,34.756043,137.457317
石巻西川町,イシマキニシガワチョウ,ISHIMAKI NISHIGAWACHO,東,34.843071,137.456117
二川町,フタガワチョウ,FUTAGAWACHO ,道賢田,34.718402,137.455082
石巻西川町,イシマキニシガワチョウ,ISHIMAKI NISHIGAWACHO,平上,34.8475,137.458669
二川町,フタガワチョウ,FUTAGAWACHO ,鼡池,34.722267,137.457168
岩崎町,イワサキチョウ,IWASAKICHO,新谷,34.754371,137.456897
石巻平野町,イシマキヒラノチョウ,ISHIMAKI HIRANOCHO,初坂,34.825686,137.45664
雲谷町,ウノヤチョウ,UNOYACHO,上ノ山,34.732983,137.465695
嵩山町,スセチョウ,SUSECHO,岩本,34.79347,137.465654
雲谷町,ウノヤチョウ,UNOYACHO,ハシヅメ,34.725438,137.459837
細谷町,ホソヤチョウ,HOSOYACHO,中尾,34.684767,137.460408
細谷町,ホソヤチョウ,HOSOYACHO,井ノ上,34.692774,137.462028
三弥町,ミツヤチョウ,MITSUYACHO,新水洗,34.714625,137.457068
嵩山町,スセチョウ,SUSECHO,八ツ田,34.802655,137.457989
石巻西川町,イシマキニシガワチョウ,ISHIMAKI NISHIGAWACHO,安川下,34.841732,137.458043
石巻西川町,イシマキニシガワチョウ,ISHIMAKI NISHIGAWACHO,原,34.849373,137.458185
二川町,フタガワチョウ,FUTAGAWACHO ,四畝町,34.718992,137.458364
雲谷町,ウノヤチョウ,UNOYACHO,外ノ谷,34.734187,137.461456
石巻西川町,イシマキニシガワチョウ,ISHIMAKI NISHIGAWACHO,上地,34.835993,137.461201
嵩山町,スセチョウ,SUSECHO,細田,34.804798,137.458476
岩崎町,イワサキチョウ,IWASAKICHO,ズシ,34.75395,137.458786
石巻西川町,イシマキニシガワチョウ,ISHIMAKI NISHIGAWACHO,吉祥,34.851816,137.464529
細谷町,ホソヤチョウ,HOSOYACHO,上大附,34.687448,137.461522
石巻西川町,イシマキニシガワチョウ,ISHIMAKI NISHIGAWACHO,欠下,34.842602,137.459072
石巻本町,イシマキホンマチ,ISHIMAKI HOMMACHI,大地,34.806466,137.45955
三弥町,ミツヤチョウ,MITSUYACHO,元屋敷,34.718275,137.461494
石巻西川町,イシマキニシガワチョウ,ISHIMAKI NISHIGAWACHO,下前田,34.844493,137.461328
三弥町,ミツヤチョウ,MITSUYACHO,新大口,34.712483,137.46029
石巻平野町,イシマキヒラノチョウ,ISHIMAKI HIRANOCHO,上向嶋,34.824632,137.462785
岩崎町,イワサキチョウ,IWASAKICHO,野中,34.75335,137.460889
細谷町,ホソヤチョウ,HOSOYACHO,小坂,34.682356,137.46161
細谷町,ホソヤチョウ,HOSOYACHO,広見,34.705918,137.46145
石巻西川町,イシマキニシガワチョウ,ISHIMAKI NISHIGAWACHO,上前田,34.842493,137.461505
三弥町,ミツヤチョウ,MITSUYACHO,大口,34.714089,137.460725
石巻平野町,イシマキヒラノチョウ,ISHIMAKI HIRANOCHO,川添,34.828508,137.461511
嵩山町,スセチョウ,SUSECHO,西ノ田,34.806288,137.461211
嵩山町,スセチョウ,SUSECHO,尾曽根,34.800916,137.461908
石巻平野町,イシマキヒラノチョウ,ISHIMAKI HIRANOCHO,橋之本,34.832437,137.46203
三弥町,ミツヤチョウ,MITSUYACHO,三ツ家,34.712104,137.463226
細谷町,ホソヤチョウ,HOSOYACHO,東山,34.703138,137.466238
雲谷町,ウノヤチョウ,UNOYACHO,新外ノ谷,34.726572,137.463153
石巻西川町,イシマキニシガワチョウ,ISHIMAKI NISHIGAWACHO,北之谷,34.845088,137.464581
嵩山町,スセチョウ,SUSECHO,奈木,34.806607,137.462494
嵩山町,スセチョウ,SUSECHO,薮下,34.805817,137.461826
嵩山町,スセチョウ,SUSECHO,下貝津,34.802564,137.461459
石巻平野町,イシマキヒラノチョウ,ISHIMAKI HIRANOCHO,下郷,34.830435,137.462949
多米町,タメチョウ,TAMECHO,五反田,34.76292,137.46589
三弥町,ミツヤチョウ,MITSUYACHO,中原,34.715073,137.462337
石巻平野町,イシマキヒラノチョウ,ISHIMAKI HIRANOCHO,中野田,34.832452,137.465981
嵩山町,スセチョウ,SUSECHO,南浦,34.805406,137.462495
嵩山町,スセチョウ,SUSECHO,荒木,34.802653,137.463968
岩崎町,イワサキチョウ,IWASAKICHO,坂尻,34.751751,137.463986
石巻平野町,イシマキヒラノチョウ,ISHIMAKI HIRANOCHO,東下郷,34.830939,137.464187
細谷町,ホソヤチョウ,HOSOYACHO,下モ道,34.681258,137.464068
嵩山町,スセチョウ,SUSECHO,桂士,34.806952,137.465195
石巻平野町,イシマキヒラノチョウ,ISHIMAKI HIRANOCHO,上郷,34.828009,137.464876
細谷町,ホソヤチョウ,HOSOYACHO,坂東堀,34.685523,137.46527
石巻西川町,イシマキニシガワチョウ,ISHIMAKI NISHIGAWACHO,大原,34.844121,137.466523
豊清町,ホウセイチョウ,HOSEICHO,茶屋ノ下,34.711977,137.468215
細谷町,ホソヤチョウ,HOSOYACHO,荒神松,34.679415,137.465702
嵩山町,スセチョウ,SUSECHO,東荒木,34.805058,137.464244
嵩山町,スセチョウ,SUSECHO,軍場,34.80669,137.465994
石巻平野町,イシマキヒラノチョウ,ISHIMAKI HIRANOCHO,森神,34.827057,137.464855
嵩山町,スセチョウ,SUSECHO,八名ケ谷,34.801602,137.466056
嵩山町,スセチョウ,SUSECHO,下角庵,34.803074,137.468024
細谷町,ホソヤチョウ,HOSOYACHO,中ノ島,34.686816,137.467896
石巻平野町,イシマキヒラノチョウ,ISHIMAKI HIRANOCHO,炭焼,34.829557,137.467042
豊清町,ホウセイチョウ,HOSEICHO,籠田,34.71779,137.46936
細谷町,ホソヤチョウ,HOSOYACHO,石蔵,34.682679,137.469099
石巻平野町,イシマキヒラノチョウ,ISHIMAKI HIRANOCHO,巳ノ甲,34.825128,137.46739
細谷町,ホソヤチョウ,HOSOYACHO,滝ノ上,34.678768,137.467817
中原町,ナカハラチョウ,NAKAHARACHO,南,34.722011,137.468625
細谷町,ホソヤチョウ,HOSOYACHO,小川,34.687656,137.472728
石巻平野町,イシマキヒラノチョウ,ISHIMAKI HIRANOCHO,張原,34.826235,137.46984
雲谷町,ウノヤチョウ,UNOYACHO,川通,34.724325,137.468193
石巻萩平町,イシマキハギヒラチョウ,ISHIMAKI HAGIHIRACHO,城脇,34.830973,137.471127
嵩山町,スセチョウ,SUSECHO,平田,34.795774,137.46991
細谷町,ホソヤチョウ,HOSOYACHO,南丸山,34.686993,137.470517
嵩山町,スセチョウ,SUSECHO,上角庵,34.802249,137.471571
雲谷町,ウノヤチョウ,UNOYACHO,ナベ山下,34.745578,137.472877
中原町,ナカハラチョウ,NAKAHARACHO,岩西,34.725456,137.469974
細谷町,ホソヤチョウ,HOSOYACHO,大谷,34.684637,137.472418
嵩山町,スセチョウ,SUSECHO,宮下,34.799702,137.471501
細谷町,ホソヤチョウ,HOSOYACHO,深道,34.680367,137.471062
雲谷町,ウノヤチョウ,UNOYACHO,下ケ谷,34.736604,137.473256
中原町,ナカハラチョウ,NAKAHARACHO,西荒神,34.728254,137.471128
東細谷町,ヒガシホソヤチョウ,HIGASHIHOSOYACHO,東篭田,34.702072,137.471432
石巻萩平町,イシマキハギヒラチョウ,ISHIMAKI HAGIHIRACHO,大向,34.835144,137.471611
中原町,ナカハラチョウ,NAKAHARACHO,中島,34.721726,137.476257
石巻萩平町,イシマキハギヒラチョウ,ISHIMAKI HAGIHIRACHO,川向,34.833492,137.472429
石巻萩平町,イシマキハギヒラチョウ,ISHIMAKI HAGIHIRACHO,赤土,34.833903,137.474901
嵩山町,スセチョウ,SUSECHO,田楽,34.801591,137.472998
細谷町,ホソヤチョウ,HOSOYACHO,北荒子,34.681879,137.472256
中原町,ナカハラチョウ,NAKAHARACHO,地歩,34.721133,137.472967
石巻萩平町,イシマキハギヒラチョウ,ISHIMAKI HAGIHIRACHO,長土呂,34.844816,137.473795
雲谷町,ウノヤチョウ,UNOYACHO,ノナカ,34.733925,137.474414
東細谷町,ヒガシホソヤチョウ,HIGASHIHOSOYACHO,大寒,34.688663,137.478278
石巻萩平町,イシマキハギヒラチョウ,ISHIMAKI HAGIHIRACHO,城下,34.828504,137.473254
嵩山町,スセチョウ,SUSECHO,向イ,34.792977,137.473866
東細谷町,ヒガシホソヤチョウ,HIGASHIHOSOYACHO,牛田,34.69511,137.477075
中原町,ナカハラチョウ,NAKAHARACHO,東荒神,34.726958,137.475505
東細谷町,ヒガシホソヤチョウ,HIGASHIHOSOYACHO,西島,34.685677,137.477815
東細谷町,ヒガシホソヤチョウ,HIGASHIHOSOYACHO,西畑,34.682535,137.475978
豊清町,ホウセイチョウ,HOSEICHO,比舎古,34.714029,137.475882
東細谷町,ヒガシホソヤチョウ,HIGASHIHOSOYACHO,小寒,34.685537,137.473896
嵩山町,スセチョウ,SUSECHO,川原田,34.796473,137.473732
東細谷町,ヒガシホソヤチョウ,HIGASHIHOSOYACHO,一里山,34.70444,137.48183
石巻萩平町,イシマキハギヒラチョウ,ISHIMAKI HAGIHIRACHO,中原,34.840259,137.474567
石巻萩平町,イシマキハギヒラチョウ,ISHIMAKI HAGIHIRACHO,向山,34.830612,137.474454
嵩山町,スセチョウ,SUSECHO,南井原,34.800839,137.476886
東細谷町,ヒガシホソヤチョウ,HIGASHIHOSOYACHO,奥田,34.70171,137.476507
嵩山町,スセチョウ,SUSECHO,宮前,34.796229,137.476669
雲谷町,ウノヤチョウ,UNOYACHO,新丸山ワキ,34.733333,137.476664
中原町,ナカハラチョウ,NAKAHARACHO,瓶焼,34.724259,137.475394
嵩山町,スセチョウ,SUSECHO,神畑,34.791569,137.476301
嵩山町,スセチョウ,SUSECHO,北ノ間,34.793238,137.476339
中原町,ナカハラチョウ,NAKAHARACHO,上ノ谷,34.729838,137.47602
嵩山町,スセチョウ,SUSECHO,立岩,34.792573,137.481023
雲谷町,ウノヤチョウ,UNOYACHO,堂ノ前,34.7341,137.477329
雲谷町,ウノヤチョウ,UNOYACHO,八尻,34.731584,137.478927
東細谷町,ヒガシホソヤチョウ,HIGASHIHOSOYACHO,本畑,34.680287,137.478319
中原町,ナカハラチョウ,NAKAHARACHO,中ノ谷,34.726306,137.477604
中原町,ナカハラチョウ,NAKAHARACHO,東山,34.725771,137.48041
嵩山町,スセチョウ,SUSECHO,井原,34.801513,137.479535
石巻萩平町,イシマキハギヒラチョウ,ISHIMAKI HAGIHIRACHO,下中原,34.841861,137.47884
石巻萩平町,イシマキハギヒラチョウ,ISHIMAKI HAGIHIRACHO,猫薮,34.844147,137.481551
中原町,ナカハラチョウ,NAKAHARACHO,東ノ谷,34.728885,137.478064
石巻萩平町,イシマキハギヒラチョウ,ISHIMAKI HAGIHIRACHO,幸神,34.839728,137.481408
石巻中山町,イシマキナカヤマチョウ,ISHIMAKI NAKAYAMACHO,大門,34.823927,137.479551
中原町,ナカハラチョウ,NAKAHARACHO,平山,34.717454,137.479268
東細谷町,ヒガシホソヤチョウ,HIGASHIHOSOYACHO,東中田,34.692632,137.483156
石巻中山町,イシマキナカヤマチョウ,ISHIMAKI NAKAYAMACHO,大山,34.819139,137.4799
嵩山町,スセチョウ,SUSECHO,松田,34.800309,137.48104
石巻萩平町,イシマキハギヒラチョウ,ISHIMAKI HAGIHIRACHO,中吉祥,34.842126,137.480629
原町,ハラチョウ,HARACHO,地蔵免,34.707732,137.484488
東細谷町,ヒガシホソヤチョウ,HIGASHIHOSOYACHO,旭島,34.682697,137.482756
石巻中山町,イシマキナカヤマチョウ,ISHIMAKI NAKAYAMACHO,古見道,34.82161,137.483654
原町,ハラチョウ,HARACHO,南山,34.70491,137.485132
東細谷町,ヒガシホソヤチョウ,HIGASHIHOSOYACHO,宮下,34.686828,137.483035
石巻萩平町,イシマキハギヒラチョウ,ISHIMAKI HAGIHIRACHO,釜石,34.842972,137.484408
石巻中山町,イシマキナカヤマチョウ,ISHIMAKI NAKAYAMACHO,神子浦,34.822831,137.482689
原町,ハラチョウ,HARACHO,蔵社,34.712793,137.484124
嵩山町,スセチョウ,SUSECHO,浅間下,34.794988,137.487814
東細谷町,ヒガシホソヤチョウ,HIGASHIHOSOYACHO,深田,34.686772,137.484893
石巻中山町,イシマキナカヤマチョウ,ISHIMAKI NAKAYAMACHO,大沢,34.822645,137.485273
石巻中山町,イシマキナカヤマチョウ,ISHIMAKI NAKAYAMACHO,向イ,34.824159,137.484155
原町,ハラチョウ,HARACHO,塘上,34.715124,137.487593
原町,ハラチョウ,HARACHO,峯畑,34.712538,137.486108
原町,ハラチョウ,HARACHO,二ツ堂,34.709788,137.486893
東細谷町,ヒガシホソヤチョウ,HIGASHIHOSOYACHO,境川,34.694563,137.487425
原町,ハラチョウ,HARACHO,供養塚,34.707698,137.487362
賀茂町,カモチョウ,KAMOCHO,林,34.834212,137.428099
石巻平野町,イシマキヒラノチョウ,ISHIMAKI HIRANOCHO,二ツ塚,34.834861,137.460775
賀茂町,カモチョウ,KAMOCHO,新田下,34.839307,137.447604
石巻萩平町,イシマキハギヒラチョウ,ISHIMAKI HAGIHIRACHO,桜入,34.847192,137.47775
石巻萩平町,イシマキハギヒラチョウ,ISHIMAKI HAGIHIRACHO,愛宕沢,34.833974,137.47686
石巻小野田町,イシマキオノダチョウ,ISHIMAKI ONODACHO,向山,34.820728,137.441492
石巻中山町,イシマキナカヤマチョウ,ISHIMAKI NAKAYAMACHO,奥屋,34.821618,137.476312
嵩山町,スセチョウ,SUSECHO,山桂士,34.810613,137.466727
石巻本町,イシマキホンマチ,ISHIMAKI HOMMACHI,曽根,34.81106,137.445395
石巻本町,イシマキホンマチ,ISHIMAKI HOMMACHI,南山,34.811663,137.452159
石巻町,イシマキチョウ,ISHIMAKICHO,北山甲,34.787993,137.446237
石巻町,イシマキチョウ,ISHIMAKICHO,大亀,34.779395,137.441124
瓜郷町,ウリゴウチョウ,URIGOCHO,改正,34.787845,137.373901
下五井町,シモゴイチョウ,SHIMOGOICHO,甚太前,34.786181,137.372529
下地町,シモジチョウ,SHIMOJICHO ,橋口,34.782541,137.380296
下地町,シモジチョウ,SHIMOJICHO ,長池,34.783108,137.383006
大村町,オオムラチョウ,OMURACHO,島,34.792276,137.391173
大村町,オオムラチョウ,OMURACHO,北川原,34.784533,137.408869
下条西町,ゲジョウニシマチ,GEJO NISHIMACHI,合倉,34.79969,137.410822
神野新田町,ジンノシンデンチョウ,JINNO SHINDENCHO,スノ割,34.762327,137.333118
牟呂町,ムロチョウ,MUROCHO,郷社,34.757021,137.365933
石巻小野田町,イシマキオノダチョウ,ISHIMAKI ONODACHO,縄手添,34.826422,137.446534
嵩山町,スセチョウ,SUSECHO,北貝津,34.806444,137.477904
石巻中山町,イシマキナカヤマチョウ,ISHIMAKI NAKAYAMACHO,稗林,34.819398,137.478789
石巻本町,イシマキホンマチ,ISHIMAKI HOMMACHI,嵯峨,34.813444,137.436637
石巻本町,イシマキホンマチ,ISHIMAKI HOMMACHI,北山,34.817652,137.454347
下条東町,ゲジョウヒガシマチ,GEJO HIGASHIMACHI,畦添,34.799486,137.421448
石巻本町,イシマキホンマチ,ISHIMAKI HOMMACHI,城之内,34.805771,137.433607
石巻本町,イシマキホンマチ,ISHIMAKI HOMMACHI,正円畑,34.796075,137.434148
石巻本町,イシマキホンマチ,ISHIMAKI HOMMACHI,板取,34.803712,137.455813
嵩山町,スセチョウ,SUSECHO,中通,34.8036,137.459039
嵩山町,スセチョウ,SUSECHO,八ツ面,34.80273,137.460861
嵩山町,スセチョウ,SUSECHO,長田,34.80167,137.470736
下条西町,ゲジョウニシマチ,GEJO NISHIMACHI,水神,34.792056,137.410928
石巻本町,イシマキホンマチ,ISHIMAKI HOMMACHI,杉ケ本,34.789304,137.434181
前芝町,マエシバチョウ,MAESHIBACHO,塩田,34.783118,137.33564
前芝町,マエシバチョウ,MAESHIBACHO,堤下,34.783794,137.341892
横須賀町,ヨコスカチョウ,YOKOSUKACHO,浜井場,34.779772,137.361728
横須賀町,ヨコスカチョウ,YOKOSUKACHO,元屋敷,34.779691,137.36486
下地町,シモジチョウ,SHIMOJICHO ,重森,34.781174,137.376544
下地町,シモジチョウ,SHIMOJICHO ,豊麻,34.780096,137.378574
下地町,シモジチョウ,SHIMOJICHO ,西,34.780012,137.37946
下地町,シモジチョウ,SHIMOJICHO ,緑,34.773529,137.386993
牛川町,ウシカワチョウ,USHIKAWACHO ,ギロウ,34.774404,137.405781
牛川町,ウシカワチョウ,USHIKAWACHO ,郷道,34.774724,137.414721
北島町,キタジマチョウ,KITAJIMACHO,中川原,34.777769,137.373695
花田町,ハナダチョウ,HANADACHO,西宿,34.763455,137.381506
花田町,ハナダチョウ,HANADACHO,北新起,34.761604,137.382092
向山町,ムカイヤマチョウ,MUKAIYAMACHO,塚南,34.754474,137.397853
向山町,ムカイヤマチョウ,MUKAIYAMACHO,三ツ塚,34.756809,137.398146
東田町,アズマダチョウ,AZUMADACHO ,前畑,34.767275,137.404864
石巻小野田町,イシマキオノダチョウ,ISHIMAKI ONODACHO,越田,34.827389,137.446805
石巻平野町,イシマキヒラノチョウ,ISHIMAKI HIRANOCHO,下向嶋,34.827795,137.463445
石巻萩平町,イシマキハギヒラチョウ,ISHIMAKI HAGIHIRACHO,城山,34.824541,137.473442
石巻中山町,イシマキナカヤマチョウ,ISHIMAKI NAKAYAMACHO,五本松,34.820208,137.48166
向山町,ムカイヤマチョウ,MUKAIYAMACHO,庚申下,34.758194,137.398464
東田町,アズマダチョウ,AZUMADACHO ,北臨済寺,34.764391,137.411029
東田町,アズマダチョウ,AZUMADACHO ,五反畑,34.763456,137.412503
東田町,アズマダチョウ,AZUMADACHO ,斉兵,34.763611,137.412257
東田町,アズマダチョウ,AZUMADACHO ,南黒福,34.764367,137.413302
岩田町,イワタチョウ,IWATACHO,宮下,34.761812,137.415213
多米町,タメチョウ,TAMECHO,野中,34.765661,137.437355
多米町,タメチョウ,TAMECHO,赤岩山,34.765131,137.445764
多米町,タメチョウ,TAMECHO,寺門,34.762725,137.44957
岩崎町,イワサキチョウ,IWASAKICHO,米山,34.754979,137.452986
岩崎町,イワサキチョウ,IWASAKICHO,内山,34.753243,137.456532
岩崎町,イワサキチョウ,IWASAKICHO,前田,34.750852,137.462506
多米町,タメチョウ,TAMECHO,神石,34.753647,137.462555
岩崎町,イワサキチョウ,IWASAKICHO,森上,34.752443,137.462893
多米町,タメチョウ,TAMECHO,北田,34.767019,137.46565
多米町,タメチョウ,TAMECHO,南脇,34.75919,137.459319
牟呂町,ムロチョウ,MUROCHO,古幡焼,34.742794,137.363671
牟呂町,ムロチョウ,MUROCHO,奥山,34.742397,137.362147
牟呂町,ムロチョウ,MUROCHO,松崎,34.751991,137.372692
牟呂町,ムロチョウ,MUROCHO,扇田,34.751429,137.37834
花田町,ハナダチョウ,HANADACHO,後田,34.755002,137.380031
花田町,ハナダチョウ,HANADACHO,中郷,34.755438,137.381698
小池町,コイケチョウ,KOIKECHO,鴨田,34.749678,137.387264
小池町,コイケチョウ,KOIKECHO,鍵田,34.750824,137.390095
石巻本町,イシマキホンマチ,ISHIMAKI HOMMACHI,立石,34.804592,137.448817
石巻本町,イシマキホンマチ,ISHIMAKI HOMMACHI,小深田,34.804617,137.447698
多米町,タメチョウ,TAMECHO,北脇,34.763311,137.454056
向山町,ムカイヤマチョウ,MUKAIYAMACHO,中畑,34.756833,137.399967
向山町,ムカイヤマチョウ,MUKAIYAMACHO,西猿,34.754331,137.40872
飯村町,イムレチョウニシヤマ、タカヤマ,IMURECHO NISHIYAMA.TAKAYAMA,本郷,34.74733,137.432812
雲谷町,ウノヤチョウ,UNOYACHO,山ミチ,34.739086,137.473638
中原町,ナカハラチョウ,NAKAHARACHO,荒神,34.728264,137.475178
牟呂町,ムロチョウ,MUROCHO,奥山新田,34.74149,137.362243
橋良町,ハシラチョウ,HASHIRACHO,平野,34.742285,137.3811
橋良町,ハシラチョウ,HASHIRACHO,東新切,34.73974,137.382129
橋良町,ハシラチョウ,HASHIRACHO,寿庵,34.740552,137.383168
中野町,ナカノチョウ,NAKANOCHO,上新切,34.735209,137.375256
高師町,タカシチョウ,TAKASHICHO,奥山田,34.733764,137.415221
高師町,タカシチョウ,TAKASHICHO,丸田,34.736657,137.416262
高師町,タカシチョウ,TAKASHICHO,清水,34.736805,137.419395
高師町,タカシチョウ,TAKASHICHO,水神,34.737544,137.419416
大岩町,オオイワチョウ,OIWACHO ,行田,34.728146,137.433239
大岩町,オオイワチョウ,OIWACHO ,高足道,34.726115,137.434729
大岩町,オオイワチョウ,OIWACHO ,佃,34.725804,137.435317
中原町,ナカハラチョウ,NAKAHARACHO,堤下,34.724969,137.473694
中原町,ナカハラチョウ,NAKAHARACHO,岩マエ,34.724451,137.471247
中原町,ナカハラチョウ,NAKAHARACHO,岩下,34.723552,137.472511
原町,ハラチョウ,HARACHO,明神,34.716769,137.481367
船渡町,フナトチョウ,FUNATOCHO,城戸中,34.721847,137.34481
大崎町,オオサキチョウ,OSAKICHO,安平,34.712451,137.339235
老津町,オイツチョウ,OITSUCHO,大津下,34.705951,137.336125
船渡町,フナトチョウ,FUNATOCHO,富ノ前,34.722691,137.348774
植田町,ウエタチョウ,UETACHO,境松,34.711891,137.362386
植田町,ウエタチョウ,UETACHO,東的場,34.710503,137.369602
植田町,ウエタチョウ,UETACHO,清水,34.71115,137.375449
植田町,ウエタチョウ,UETACHO,西山田,34.704207,137.368781
野依町,ノヨリチョウ,NOYORICHO,西物草,34.706833,137.379139
野依町,ノヨリチョウ,NOYORICHO,東新切,34.703629,137.376401
野依町,ノヨリチョウ,NOYORICHO,上藤ケ谷,34.696271,137.36881
野依町,ノヨリチョウ,NOYORICHO,上ノ山,34.701061,137.38839
野依町,ノヨリチョウ,NOYORICHO,次郎三,34.700716,137.387034
野依町,ノヨリチョウ,NOYORICHO,西中山,34.699541,137.389668
植田町,ウエタチョウ,UETACHO,西蛤沢,34.705097,137.366885
大清水町,オオシミズチョウ,OSHIMIZUCHO,彦坂,34.701506,137.362051
駒形町,コマガタチョウ,KOMAGATACHO,丸山,34.729093,137.366465
磯辺下地町,イソベシタジチョウ,ISOBESHITAJICHO,古新田,34.718806,137.366244
三本木町,サンボンギチョウ,SAMBONGICHO,三本木,34.723204,137.397153
浜道町,ハマミチチョウ,HAMAMICHICHO,薮合,34.718526,137.398849
天伯町,テンパクチョウ,TEMPAKUCHO,川向,34.715477,137.409399
浜道町,ハマミチチョウ,HAMAMICHICHO,百々池,34.720683,137.412764
藤並町,フジナミチョウ,FUJINAMICHO,井島,34.723226,137.41718
高田町,タカダチョウ,TAKADACHO,下地,34.721601,137.418197
高田町,タカダチョウ,TAKADACHO,斧取,34.716049,137.417256
大岩町,オオイワチョウ,OIWACHO ,岩田,34.724084,137.43329
大岩町,オオイワチョウ,OIWACHO ,曲松,34.721485,137.442263
二川町,フタガワチョウ,FUTAGAWACHO ,中町,34.724223,137.450394
二川町,フタガワチョウ,FUTAGAWACHO ,新橋町,34.723571,137.45227
二川町,フタガワチョウ,FUTAGAWACHO ,川田,34.721308,137.451834
豊清町,ホウセイチョウ,HOSEICHO,豊清,34.718386,137.46734
中原町,ナカハラチョウ,NAKAHARACHO,新瓶焼,34.723622,137.47582
豊清町,ホウセイチョウ,HOSEICHO,西畑,34.715206,137.471174
上野町,ウエノチョウ,UENOCHO,奥畑,34.724275,137.386535
植田町,ウエタチョウ,UETACHO,大原,34.712136,137.370137
東細谷町,ヒガシホソヤチョウ,HIGASHIHOSOYACHO,西篭田,34.709682,137.471933
西七根町,ニシナナネチョウ,NISHINANANECHO,一ノ沢下,34.697955,137.411482
野依町,ノヨリチョウ,NOYORICHO,下鷺田,34.699278,137.38468
野依町,ノヨリチョウ,NOYORICHO,山中,34.700263,137.40266
天伯町,テンパクチョウ,TEMPAKUCHO,西雲雀ケ丘,34.700361,137.403604
野依町,ノヨリチョウ,NOYORICHO,薮下,34.695706,137.402237
寺沢町,テラサワチョウ,TERASAWACHO,向坂ケ谷,34.670119,137.431171
寺沢町,テラサワチョウ,TERASAWACHO,寺東,34.678312,137.432675
小松原町,コマツバラチョウ,KOMATSUBARACHO,五本松,34.679644,137.434971
小島町,コジマチョウ,KOJIMACHO,谷ノ上,34.680913,137.451191
小島町,コジマチョウ,KOJIMACHO,若宮,34.67862,137.451945
小松原町,コマツバラチョウ,KOMATSUBARACHO,東原,34.675568,137.440297
高塚町,タカツカチョウ,TAKATSUKACHO,小六田,34.667523,137.39621
西赤沢町,ニシアカサワチョウ,NISHIAKASAWACHO,東浦,34.659107,137.359493
西赤沢町,ニシアカサワチョウ,NISHIAKASAWACHO,大坂,34.673373,137.34763
高塚町,タカツカチョウ,TAKATSUKACHO,祢宜免,34.681811,137.393043
高塚町,タカツカチョウ,TAKATSUKACHO,長沢,34.672707,137.402775
杉山町,スギヤマチョウ,SUGIYAMACHO,松岡,34.684219,137.324271
杉山町,スギヤマチョウ,SUGIYAMACHO,殿村,34.682687,137.326682
杉山町,スギヤマチョウ,SUGIYAMACHO,宮脇,34.683554,137.328142
杉山町,スギヤマチョウ,SUGIYAMACHO,孝仁,34.678267,137.324762
杉山町,スギヤマチョウ,SUGIYAMACHO,御園,34.676327,137.324237
杉山町,スギヤマチョウ,SUGIYAMACHO,東原,34.679018,137.327188
杉山町,スギヤマチョウ,SUGIYAMACHO,野口,34.679919,137.327194
杉山町,スギヤマチョウ,SUGIYAMACHO,出山,34.6737,137.324376
杉山町,スギヤマチョウ,SUGIYAMACHO,七股池,34.67144,137.323307
杉山町,スギヤマチョウ,SUGIYAMACHO,東南代,34.672808,137.319518
杉山町,スギヤマチョウ,SUGIYAMACHO,泉原,34.668402,137.323408
杉山町,スギヤマチョウ,SUGIYAMACHO,松橋,34.666764,137.318607
杉山町,スギヤマチョウ,SUGIYAMACHO,堂場,34.670163,137.312089
杉山町,スギヤマチョウ,SUGIYAMACHO,神吉下,34.673115,137.310821
西赤沢町,ニシアカサワチョウ,NISHIAKASAWACHO,原山,34.667437,137.34486
西赤沢町,ニシアカサワチョウ,NISHIAKASAWACHO,堂田,34.660384,137.359628
杉山町,スギヤマチョウ,SUGIYAMACHO,下泉,34.675758,137.320258
杉山町,スギヤマチョウ,SUGIYAMACHO,山田東,34.67786,137.333425
杉山町,スギヤマチョウ,SUGIYAMACHO,西一ノ沢,34.677065,137.333315
岩崎町,イワサキチョウ,IWASAKICHO,舟石,34.746645,137.447611
杉山町,スギヤマチョウ,SUGIYAMACHO,切畑,34.66773,137.317253
城下町,シロシタチョウ,SHIROSHITACHO,休場,34.656301,137.349593
高塚町,タカツカチョウ,TAKATSUKACHO,寒サ,34.66468,137.404297
東七根町,ヒガシナナネチョウ,HIGASHINANANECHO,坪尻,34.678933,137.425126
西赤沢町,ニシアカサワチョウ,NISHIAKASAWACHO,神出,34.65748,137.356164
杉山町,スギヤマチョウ,SUGIYAMACHO,南河内,34.678468,137.334773
細谷町,ホソヤチョウ,HOSOYACHO,大口,34.708021,137.461512
東田町,アズマダチョウ,AZUMADACHO ,東郷,34.767187,137.41231
大岩町,オオイワチョウ,OIWACHO ,下渡,34.724834,137.437263
神野新田町,ジンノシンデンチョウ,JINNO SHINDENCHO,ミノ割,34.761457,137.327602
石巻中山町,イシマキナカヤマチョウ,ISHIMAKI NAKAYAMACHO,太陽寺跡,34.831689,137.483154
