name,name_kana,name_romaji,nickname,latitude,longitude
赤坂台,アカサカダイ,AKASAKADAI,,34.871415,137.307875
赤坂町,アカサカチョウ,AKASAKACHO,,34.858556,137.304447
赤坂町,アカサカチョウ,AKASAKACHO,丁田,34.854236,137.314225
赤坂町,アカサカチョウ,AKASAKACHO,五本松,34.859731,137.293598
赤坂町,アカサカチョウ,AKASAKACHO,会下山,34.852165,137.308038
赤坂町,アカサカチョウ,AKASAKACHO,六反,34.855921,137.313985
赤坂町,アカサカチョウ,AKASAKACHO,内山,34.859679,137.297798
赤坂町,アカサカチョウ,AKASAKACHO,北平山,34.869698,137.310315
赤坂町,アカサカチョウ,AKASAKACHO,十王ケ入,34.857972,137.302252
赤坂町,アカサカチョウ,AKASAKACHO,大日,34.85713,137.311211
赤坂町,アカサカチョウ,AKASAKACHO,宮路,34.853932,137.298225
赤坂町,アカサカチョウ,AKASAKACHO,山蔭,34.863329,137.315769
赤坂町,アカサカチョウ,AKASAKACHO,岩ノ谷,34.853731,137.305705
赤坂町,アカサカチョウ,AKASAKACHO,平山,34.863439,137.310524
赤坂町,アカサカチョウ,AKASAKACHO,御園,34.860071,137.306472
赤坂町,アカサカチョウ,AKASAKACHO,新堤,34.865519,137.314929
赤坂町,アカサカチョウ,AKASAKACHO,東山,34.856704,137.318841
赤坂町,アカサカチョウ,AKASAKACHO,東平山,34.862775,137.311165
赤坂町,アカサカチョウ,AKASAKACHO,東裏,34.856854,137.307854
赤坂町,アカサカチョウ,AKASAKACHO,松本,34.859182,137.310627
赤坂町,アカサカチョウ,AKASAKACHO,横枕,34.862073,137.311483
赤坂町,アカサカチョウ,AKASAKACHO,池下,34.863041,137.307708
赤坂町,アカサカチョウ,AKASAKACHO,池河内,34.864817,137.306681
赤坂町,アカサカチョウ,AKASAKACHO,源造,34.86283,137.318543
赤坂町,アカサカチョウ,AKASAKACHO,狭石,34.853151,137.302455
赤坂町,アカサカチョウ,AKASAKACHO,竹ノ谷,34.859568,137.308962
赤坂町,アカサカチョウ,AKASAKACHO,紅里,34.856579,137.307608
赤坂町,アカサカチョウ,AKASAKACHO,西平山,34.864214,137.308834
赤坂町,アカサカチョウ,AKASAKACHO,西縄手,34.859569,137.303274
赤坂町,アカサカチョウ,AKASAKACHO,西裏,34.856517,137.305761
赤坂町,アカサカチョウ,AKASAKACHO,関川,34.853427,137.311751
赤坂町,アカサカチョウ,AKASAKACHO,青木,34.865477,137.304842
赤代町一丁目,アカシロチョウ 1,AKASHIROCHO 1,,34.823112,137.380026
赤代町二丁目,アカシロチョウ 2,AKASHIROCHO 2,,34.821995,137.378816
赤代町三丁目,アカシロチョウ 3,AKASHIROCHO 3,,34.82109,137.378467
明野町一丁目,アケノチョウ 1,AKENOCHO 1,,34.816382,137.376476
明野町二丁目,アケノチョウ 2,AKENOCHO 2,,34.817804,137.37643
明野町三丁目,アケノチョウ 3,AKENOCHO 3,,34.817114,137.375457
明野町四丁目,アケノチョウ 4,AKENOCHO 4,,34.817808,137.374965
曙町一丁目,アケボノチョウ 1,AKEBONOCHO 1,,34.834434,137.396202
曙町二丁目,アケボノチョウ 2,AKEBONOCHO 2,,34.833108,137.395485
曙町三丁目,アケボノチョウ 3,AKEBONOCHO 3,,34.834006,137.395105
曙町四丁目,アケボノチョウ 4,AKEBONOCHO 4,,34.833163,137.393652
旭町,アサヒマチ,ASAHIMACHI,,34.823317,137.393886
足山田町,アシヤマダチョウ,ASHIYAMADACHO,,34.871808,137.405307
足山田町,アシヤマダチョウ,ASHIYAMADACHO,上平,34.867333,137.408284
足山田町,アシヤマダチョウ,ASHIYAMADACHO,上才原,34.871471,137.414161
足山田町,アシヤマダチョウ,ASHIYAMADACHO,上荒子,34.869713,137.397505
足山田町,アシヤマダチョウ,ASHIYAMADACHO,下平,34.865388,137.407015
足山田町,アシヤマダチョウ,ASHIYAMADACHO,五反田,34.863242,137.401845
足山田町,アシヤマダチョウ,ASHIYAMADACHO,仲田,34.859552,137.403225
足山田町,アシヤマダチョウ,ASHIYAMADACHO,北荒谷,34.868069,137.407729
足山田町,アシヤマダチョウ,ASHIYAMADACHO,奥滝場,34.870046,137.396402
足山田町,アシヤマダチョウ,ASHIYAMADACHO,小金,34.865096,137.398079
足山田町,アシヤマダチョウ,ASHIYAMADACHO,山舞し,34.876678,137.412292
足山田町,アシヤマダチョウ,ASHIYAMADACHO,年長,34.862799,137.404828
足山田町,アシヤマダチョウ,ASHIYAMADACHO,御所貝ツ,34.866209,137.404141
足山田町,アシヤマダチョウ,ASHIYAMADACHO,東才原,34.870912,137.415628
足山田町,アシヤマダチョウ,ASHIYAMADACHO,柴崎,34.872206,137.412817
足山田町,アシヤマダチョウ,ASHIYAMADACHO,滝場,34.866077,137.400478
足山田町,アシヤマダチョウ,ASHIYAMADACHO,滝山,34.871061,137.40232
足山田町,アシヤマダチョウ,ASHIYAMADACHO,若宮,34.865154,137.404765
足山田町,アシヤマダチョウ,ASHIYAMADACHO,西川,34.86683,137.402799
足山田町,アシヤマダチョウ,ASHIYAMADACHO,門田,34.867006,137.404922
麻生田町,アソウダチョウ,ASODACHO,,34.832982,137.417738
麻生田町,アソウダチョウ,ASODACHO,中荒子,34.842534,137.412033
麻生田町,アソウダチョウ,ASODACHO,中通,34.843756,137.415443
麻生田町,アソウダチョウ,ASODACHO,中道,34.829151,137.418941
麻生田町,アソウダチョウ,ASODACHO,前通,34.837655,137.414923
麻生田町,アソウダチョウ,ASODACHO,北浦,34.835404,137.417994
麻生田町,アソウダチョウ,ASODACHO,大屋敷,34.834883,137.416863
麻生田町,アソウダチョウ,ASODACHO,大荒子,34.843761,137.414068
麻生田町,アソウダチョウ,ASODACHO,宮前,34.829661,137.417103
麻生田町,アソウダチョウ,ASODACHO,宮東,34.831326,137.416987
麻生田町,アソウダチョウ,ASODACHO,寺前,34.832018,137.418113
麻生田町,アソウダチョウ,ASODACHO,山ノ神,34.837666,137.412386
麻生田町,アソウダチョウ,ASODACHO,松原,34.834639,137.419908
麻生田町,アソウダチョウ,ASODACHO,桧畑,34.830805,137.419142
麻生田町,アソウダチョウ,ASODACHO,楠木道,34.833144,137.420114
麻生田町,アソウダチョウ,ASODACHO,深井,34.843968,137.415674
麻生田町,アソウダチョウ,ASODACHO,為京,34.837246,137.416304
麻生田町,アソウダチョウ,ASODACHO,田島,34.829446,137.414938
麻生田町,アソウダチョウ,ASODACHO,窪美,34.838801,137.412159
麻生田町,アソウダチョウ,ASODACHO,縄手,34.836792,137.414536
麻生田町,アソウダチョウ,ASODACHO,茶木畑,34.837083,137.41137
麻生田町,アソウダチョウ,ASODACHO,馬見塚,34.836493,137.413167
麻生田町,アソウダチョウ,ASODACHO,高畠,34.832567,137.41634
市田町,イチダチョウ,ICHIDACHO,,34.841451,137.361198
市田町,イチダチョウ,ICHIDACHO,七反田,34.836887,137.360076
市田町,イチダチョウ,ICHIDACHO,上之島,34.843688,137.355026
市田町,イチダチョウ,ICHIDACHO,上新屋,34.836436,137.356884
市田町,イチダチョウ,ICHIDACHO,下中野,34.84073,137.362854
市田町,イチダチョウ,ICHIDACHO,下新屋,34.833488,137.356733
市田町,イチダチョウ,ICHIDACHO,中之島,34.841358,137.356338
市田町,イチダチョウ,ICHIDACHO,中堤上,34.846981,137.359098
市田町,イチダチョウ,ICHIDACHO,中新屋,34.834558,137.357213
市田町,イチダチョウ,ICHIDACHO,中田,34.841728,137.357642
市田町,イチダチョウ,ICHIDACHO,中社,34.83119,137.357207
市田町,イチダチョウ,ICHIDACHO,供養塚,34.835906,137.363712
市田町,イチダチョウ,ICHIDACHO,儀郎,34.837924,137.362377
市田町,イチダチョウ,ICHIDACHO,割池,34.843379,137.35375
市田町,イチダチョウ,ICHIDACHO,北之坪,34.839678,137.359086
市田町,イチダチョウ,ICHIDACHO,北山,34.851662,137.361401
市田町,イチダチョウ,ICHIDACHO,南野,34.837543,137.358803
市田町,イチダチョウ,ICHIDACHO,原山,34.846373,137.363851
市田町,イチダチョウ,ICHIDACHO,向野,34.83725,137.363692
市田町,イチダチョウ,ICHIDACHO,大道下,34.829132,137.358561
市田町,イチダチョウ,ICHIDACHO,宇谷田,34.837551,137.361218
市田町,イチダチョウ,ICHIDACHO,宮田,34.845842,137.353593
市田町,イチダチョウ,ICHIDACHO,宮社,34.843252,137.365403
市田町,イチダチョウ,ICHIDACHO,小笹原,34.843912,137.362976
市田町,イチダチョウ,ICHIDACHO,山鳥,34.838819,137.357451
市田町,イチダチョウ,ICHIDACHO,御所ケ谷津,34.833835,137.361075
市田町,イチダチョウ,ICHIDACHO,新屋前,34.83069,137.359742
市田町,イチダチョウ,ICHIDACHO,新道下,34.828751,137.357421
市田町,イチダチョウ,ICHIDACHO,早稲田,34.843812,137.355392
市田町,イチダチョウ,ICHIDACHO,本野原,34.837941,137.363677
市田町,イチダチョウ,ICHIDACHO,東中野,34.841043,137.368801
市田町,イチダチョウ,ICHIDACHO,東堤上,34.84884,137.361508
市田町,イチダチョウ,ICHIDACHO,東堤下,34.846892,137.36183
市田町,イチダチョウ,ICHIDACHO,東新屋,34.832829,137.359591
市田町,イチダチョウ,ICHIDACHO,東赤早稲,34.83653,137.361163
市田町,イチダチョウ,ICHIDACHO,池田,34.842989,137.361307
市田町,イチダチョウ,ICHIDACHO,河尻,34.83454,137.36243
市田町,イチダチョウ,ICHIDACHO,田尻,34.835224,137.362414
市田町,イチダチョウ,ICHIDACHO,蓮池,34.84052,137.362018
市田町,イチダチョウ,ICHIDACHO,薬師,34.839558,137.355948
市田町,イチダチョウ,ICHIDACHO,西浦,34.841305,137.353423
市田町,イチダチョウ,ICHIDACHO,西赤早稲,34.834943,137.358989
市田町,イチダチョウ,ICHIDACHO,谷源次,34.842827,137.362935
市田町,イチダチョウ,ICHIDACHO,財木,34.832678,137.362051
市田町,イチダチョウ,ICHIDACHO,財木屋,34.832269,137.363428
市田町,イチダチョウ,ICHIDACHO,青木,34.838308,137.356332
市田町,イチダチョウ,ICHIDACHO,高野,34.845263,137.361731
市田町,イチダチョウ,ICHIDACHO,鳳鳥,34.846505,137.359263
一宮町,イチノミヤチョウ,ICHINOMIYACHO,,34.853125,137.423001
一宮町,イチノミヤチョウ,ICHINOMIYACHO,上新切,34.856705,137.425045
一宮町,イチノミヤチョウ,ICHINOMIYACHO,下新切,34.846832,137.414144
一宮町,イチノミヤチョウ,ICHINOMIYACHO,亥子角,34.855197,137.419956
一宮町,イチノミヤチョウ,ICHINOMIYACHO,大池,34.858218,137.430869
一宮町,イチノミヤチョウ,ICHINOMIYACHO,宮前,34.846027,137.419466
一宮町,イチノミヤチョウ,ICHINOMIYACHO,幸,34.851153,137.418225
一宮町,イチノミヤチョウ,ICHINOMIYACHO,旭,34.859877,137.428256
一宮町,イチノミヤチョウ,ICHINOMIYACHO,栄,34.854602,137.420856
一宮町,イチノミヤチョウ,ICHINOMIYACHO,泉,34.854186,137.422766
一宮町,イチノミヤチョウ,ICHINOMIYACHO,社,34.849629,137.420124
一宮町,イチノミヤチョウ,ICHINOMIYACHO,緑,34.851021,137.416218
一宮町,イチノミヤチョウ,ICHINOMIYACHO,西垣内,34.848847,137.42199
一宮町,イチノミヤチョウ,ICHINOMIYACHO,豊,34.85789,137.423651
一宮町,イチノミヤチョウ,ICHINOMIYACHO,野添,34.851893,137.424588
一宮町,イチノミヤチョウ,ICHINOMIYACHO,錦,34.84897,137.416942
伊奈町,イナチョウ,INACHO,,34.800497,137.34638
伊奈町,イナチョウ,INACHO,一ノ坪,34.798784,137.342227
伊奈町,イナチョウ,INACHO,並松,34.80141,137.340347
伊奈町,イナチョウ,INACHO,中村,34.793036,137.341321
伊奈町,イナチョウ,INACHO,丸ノ内,34.796467,137.334752
伊奈町,イナチョウ,INACHO,佐脇原,34.805487,137.343135
伊奈町,イナチョウ,INACHO,八王子,34.796067,137.340737
伊奈町,イナチョウ,INACHO,出口,34.798052,137.346356
伊奈町,イナチョウ,INACHO,前山,34.79597,137.350499
伊奈町,イナチョウ,INACHO,北山新田,34.812997,137.353331
伊奈町,イナチョウ,INACHO,北村,34.798412,137.338346
伊奈町,イナチョウ,INACHO,南山新田,34.806845,137.351805
伊奈町,イナチョウ,INACHO,原松,34.794602,137.347595
伊奈町,イナチョウ,INACHO,古当,34.803493,137.356785
伊奈町,イナチョウ,INACHO,大明神,34.794314,137.337901
伊奈町,イナチョウ,INACHO,大門,34.796045,137.345407
伊奈町,イナチョウ,INACHO,宮前,34.791509,137.34594
伊奈町,イナチョウ,INACHO,宮坪,34.795504,137.343129
伊奈町,イナチョウ,INACHO,市場,34.791493,137.339274
伊奈町,イナチョウ,INACHO,平内,34.798209,137.343907
伊奈町,イナチョウ,INACHO,慶応,34.803108,137.344253
伊奈町,イナチョウ,INACHO,新屋,34.798664,137.355002
伊奈町,イナチョウ,INACHO,新町,34.81032,137.35462
伊奈町,イナチョウ,INACHO,新町畑,34.811657,137.353966
伊奈町,イナチョウ,INACHO,松間,34.787423,137.33773
伊奈町,イナチョウ,INACHO,柳,34.794095,137.33475
伊奈町,イナチョウ,INACHO,柳堤,34.800141,137.334126
伊奈町,イナチョウ,INACHO,正庵,34.799938,137.342814
伊奈町,イナチョウ,INACHO,汐田,34.790016,137.330953
伊奈町,イナチョウ,INACHO,流田,34.796738,137.331648
伊奈町,イナチョウ,INACHO,深田,34.793363,137.332667
伊奈町,イナチョウ,INACHO,神田,34.78696,137.340934
伊奈町,イナチョウ,INACHO,縫殿,34.798162,137.349461
伊奈町,イナチョウ,INACHO,舞々辻,34.79392,137.349366
伊奈町,イナチョウ,INACHO,茶屋,34.807423,137.356364
伊奈町,イナチョウ,INACHO,葛原,34.790383,137.343533
伊奈町,イナチョウ,INACHO,野川,34.813937,137.352438
伊奈町,イナチョウ,INACHO,雨田,34.798355,137.333746
伊奈町,イナチョウ,INACHO,鶴田,34.790926,137.336652
稲荷通二丁目,イナリドオリ 2,INARIDORI 2,,34.830372,137.396965
院之子町,インノコチョウ,INNOKOCHO,,34.808923,137.405033
院之子町,インノコチョウ,INNOKOCHO,東畑,34.812307,137.407559
院之子町,インノコチョウ,INNOKOCHO,荒神,34.814555,137.406346
院之子町,インノコチョウ,INNOKOCHO,郷中,34.812521,137.406286
上野一丁目,ウエノ 1,UENO 1,,34.840738,137.411066
上野二丁目,ウエノ 2,UENO 2,,34.840441,137.41417
上野三丁目,ウエノ 3,UENO 3,,34.84286,137.416177
上野四丁目,ウエノ 4,UENO 4,,34.84039,137.417452
牛久保駅通三丁目,ウシクボエキドオリ 3,USHIKUBOEKIDORI 3,,34.815014,137.378746
牛久保駅通四丁目,ウシクボエキドオリ 4,USHIKUBOEKIDORI 4,,34.817676,137.377716
牛久保駅通五丁目,ウシクボエキドオリ 5,USHIKUBOEKIDORI 5,,34.820779,137.375791
牛久保町,ウシクボチョウ,USHIKUBOCHO,,34.809727,137.385053
牛久保町,ウシクボチョウ,USHIKUBOCHO,光輝前,34.813609,137.37826
牛久保町,ウシクボチョウ,USHIKUBOCHO,八幡口,34.812892,137.380579
牛久保町,ウシクボチョウ,USHIKUBOCHO,城下,34.807044,137.383678
牛久保町,ウシクボチョウ,USHIKUBOCHO,城跡,34.808461,137.382888
牛久保町,ウシクボチョウ,USHIKUBOCHO,大手,34.809286,137.380528
牛久保町,ウシクボチョウ,USHIKUBOCHO,天王下,34.812377,137.388935
牛久保町,ウシクボチョウ,USHIKUBOCHO,岸下,34.810087,137.385615
牛久保町,ウシクボチョウ,USHIKUBOCHO,岸組,34.810992,137.384279
牛久保町,ウシクボチョウ,USHIKUBOCHO,常盤,34.811521,137.381522
牛久保町,ウシクボチョウ,USHIKUBOCHO,水金剛,34.81014,137.391834
牛久保町,ウシクボチョウ,USHIKUBOCHO,稲市場,34.811107,137.378732
牛久保町,ウシクボチョウ,USHIKUBOCHO,若子,34.812859,137.382546
牛久保町,ウシクボチョウ,USHIKUBOCHO,蓮台,34.813582,137.381157
牛久保町,ウシクボチョウ,USHIKUBOCHO,高原,34.808367,137.38566
駅前通二丁目,エキマエドオリ 2,EKIMAEDORI 2,,34.822367,137.39014
駅前通三丁目,エキマエドオリ 3,EKIMAEDORI 3,,34.820018,137.387929
駅前通四丁目,エキマエドオリ 4,EKIMAEDORI 4,,34.817367,137.387443
江島町,エジマチョウ,EJIMACHO,,34.863056,137.444571
江島町,エジマチョウ,EJIMACHO,一ノ坪,34.864338,137.446566
江島町,エジマチョウ,EJIMACHO,三反畑,34.864886,137.451141
江島町,エジマチョウ,EJIMACHO,下ノ郷,34.858702,137.443619
江島町,エジマチョウ,EJIMACHO,下新田,34.865304,137.445815
江島町,エジマチョウ,EJIMACHO,中脇,34.86097,137.446603
江島町,エジマチョウ,EJIMACHO,五反畑,34.866234,137.450801
江島町,エジマチョウ,EJIMACHO,北裏,34.861525,137.446964
江島町,エジマチョウ,EJIMACHO,外海戸,34.865725,137.44926
江島町,エジマチョウ,EJIMACHO,奥川原,34.861892,137.441489
江島町,エジマチョウ,EJIMACHO,寺裏,34.866731,137.450095
江島町,エジマチョウ,EJIMACHO,川ケ裏,34.867145,137.452645
江島町,エジマチョウ,EJIMACHO,川久古,34.863094,137.444358
江島町,エジマチョウ,EJIMACHO,広瀬,34.866473,137.451717
江島町,エジマチョウ,EJIMACHO,成天,34.861427,137.445233
江島町,エジマチョウ,EJIMACHO,新屋,34.864564,137.44339
江島町,エジマチョウ,EJIMACHO,新田,34.864782,137.449019
江島町,エジマチョウ,EJIMACHO,東新屋,34.864389,137.444459
江島町,エジマチョウ,EJIMACHO,東貝戸,34.865674,137.452191
江島町,エジマチョウ,EJIMACHO,社宮神,34.864059,137.451934
江島町,エジマチョウ,EJIMACHO,稲場,34.859208,137.445896
江島町,エジマチョウ,EJIMACHO,立合,34.863218,137.442921
江島町,エジマチョウ,EJIMACHO,藤ノ木,34.857569,137.444842
江島町,エジマチョウ,EJIMACHO,西脇,34.860345,137.446177
江島町,エジマチョウ,EJIMACHO,金山,34.865962,137.448072
江島町,エジマチョウ,EJIMACHO,高畑,34.862125,137.448812
大木町,オオギチョウ,OGICHO,,34.862294,137.389923
大木町,オオギチョウ,OGICHO,下縄手,34.854017,137.412134
大木町,オオギチョウ,OGICHO,中曽根,34.851028,137.399423
大木町,オオギチョウ,OGICHO,小橋ケ詰,34.856939,137.407885
大木町,オオギチョウ,OGICHO,小牧,34.867022,137.392898
大木町,オオギチョウ,OGICHO,山ノ奥,34.859926,137.387907
大木町,オオギチョウ,OGICHO,新町通,34.845438,137.410364
大木町,オオギチョウ,OGICHO,新道,34.863343,137.411249
大木町,オオギチョウ,OGICHO,横町,34.850628,137.404626
大木町,オオギチョウ,OGICHO,石道,34.851904,137.41585
大木町,オオギチョウ,OGICHO,砂田,34.856023,137.406814
大木町,オオギチョウ,OGICHO,荒屋,34.850176,137.409695
大木町,オオギチョウ,OGICHO,鑓水,34.86031,137.41661
大崎町,オオサキチョウ,OSAKICHO,,34.844362,137.372661
大崎町,オオサキチョウ,OSAKICHO,上金居場,34.84517,137.379498
大崎町,オオサキチョウ,OSAKICHO,下金居場,34.842678,137.380491
大崎町,オオサキチョウ,OSAKICHO,大町,34.845726,137.376088
大崎町,オオサキチョウ,OSAKICHO,天神前,34.843129,137.370891
大崎町,オオサキチョウ,OSAKICHO,宮之坪,34.846999,137.370733
大崎町,オオサキチョウ,OSAKICHO,小林,34.841663,137.377251
大崎町,オオサキチョウ,OSAKICHO,野中,34.842153,137.374578
大崎町,オオサキチョウ,OSAKICHO,野添,34.842815,137.372085
大崎町,オオサキチョウ,OSAKICHO,門,34.84663,137.372775
大崎町,オオサキチョウ,OSAKICHO,高野,34.844654,137.365865
大橋町一丁目,オオハシチョウ 1,OHASHICHO 1,,34.833297,137.410504
大橋町二丁目,オオハシチョウ 2,OHASHICHO 2,,34.834136,137.41165
大橋町三丁目,オオハシチョウ 3,OHASHICHO 3,,34.835121,137.412635
大橋町四丁目,オオハシチョウ 4,OHASHICHO 4,,34.836289,137.414902
大橋町五丁目,オオハシチョウ 5,OHASHICHO 5,,34.837558,137.415752
大堀町,オオボリチョウ,OBORICHO,,34.833621,137.399856
小田渕町,オダブチチョウ,ODABUCHICHO,,34.815604,137.346964
小田渕町,オダブチチョウ,ODABUCHICHO,下垂,34.815246,137.348622
小田渕町,オダブチチョウ,ODABUCHICHO,仲松,34.816675,137.347425
小田渕町,オダブチチョウ,ODABUCHICHO,卯足,34.81524,137.346176
小田渕町,オダブチチョウ,ODABUCHICHO,田畑,34.81638,137.345285
小田渕町,オダブチチョウ,ODABUCHICHO,野畔,34.814001,137.347381
小田渕町二丁目,オダブチチョウ 2,ODABUCHICHO 2,,34.818092,137.345185
小田渕町三丁目,オダブチチョウ 3,ODABUCHICHO 3,,34.820149,137.342892
小田渕町四丁目,オダブチチョウ 4,ODABUCHICHO 4,,34.82339,137.340357
小田渕町五丁目,オダブチチョウ 5,ODABUCHICHO 5,,34.826354,137.337594
小田渕町六丁目,オダブチチョウ 6,ODABUCHICHO 6,,34.824917,137.336296
小田渕町七丁目,オダブチチョウ 7,ODABUCHICHO 7,,34.82189,137.33856
小田渕町八丁目,オダブチチョウ 8,ODABUCHICHO 8,,34.817027,137.342942
開運通一丁目,カイウンドオリ 1,KAIUNDORI 1,,34.825297,137.389045
開運通二丁目,カイウンドオリ 2,KAIUNDORI 2,,34.82779,137.385682
金沢町,カナザワチョウ,KANAZAWACHO,,34.854412,137.449766
金沢町,カナザワチョウ,KANAZAWACHO,一丁畑,34.854375,137.441889
金沢町,カナザワチョウ,KANAZAWACHO,万所,34.858431,137.450274
金沢町,カナザワチョウ,KANAZAWACHO,上川原,34.856247,137.440401
金沢町,カナザワチョウ,KANAZAWACHO,中道,34.855349,137.447576
金沢町,カナザワチョウ,KANAZAWACHO,丸海道,34.852134,137.445082
金沢町,カナザワチョウ,KANAZAWACHO,丹茂,34.851774,137.447459
金沢町,カナザワチョウ,KANAZAWACHO,二子塚,34.851289,137.457734
金沢町,カナザワチョウ,KANAZAWACHO,井戸下,34.848912,137.45621
金沢町,カナザワチョウ,KANAZAWACHO,京田,34.849147,137.453647
金沢町,カナザワチョウ,KANAZAWACHO,内貝津,34.854656,137.447177
金沢町,カナザワチョウ,KANAZAWACHO,北浦,34.856176,137.444828
金沢町,カナザワチョウ,KANAZAWACHO,南畑,34.853144,137.44635
金沢町,カナザワチョウ,KANAZAWACHO,外貝津,34.85454,137.445877
金沢町,カナザワチョウ,KANAZAWACHO,大照山,34.848315,137.444787
金沢町,カナザワチョウ,KANAZAWACHO,天王,34.851378,137.44348
金沢町,カナザワチョウ,KANAZAWACHO,宗新,34.846171,137.44773
金沢町,カナザワチョウ,KANAZAWACHO,宮北,34.858616,137.448671
金沢町,カナザワチョウ,KANAZAWACHO,小蔵子,34.852759,137.441281
金沢町,カナザワチョウ,KANAZAWACHO,岡下,34.86056,137.451058
金沢町,カナザワチョウ,KANAZAWACHO,岡畑,34.859648,137.450781
金沢町,カナザワチョウ,KANAZAWACHO,川久胡,34.856451,137.447336
金沢町,カナザワチョウ,KANAZAWACHO,川井野,34.852624,137.447779
金沢町,カナザワチョウ,KANAZAWACHO,市場,34.855749,137.442626
金沢町,カナザワチョウ,KANAZAWACHO,市川,34.852718,137.450325
金沢町,カナザワチョウ,KANAZAWACHO,弁天下,34.85787,137.4527
金沢町,カナザワチョウ,KANAZAWACHO,当古平,34.854193,137.453972
金沢町,カナザワチョウ,KANAZAWACHO,村下,34.848781,137.441819
金沢町,カナザワチョウ,KANAZAWACHO,東山,34.848025,137.455049
金沢町,カナザワチョウ,KANAZAWACHO,松下,34.850965,137.447375
金沢町,カナザワチョウ,KANAZAWACHO,柿ノ木,34.85362,137.448872
金沢町,カナザワチョウ,KANAZAWACHO,桧平,34.851678,137.454537
金沢町,カナザワチョウ,KANAZAWACHO,櫛田,34.850829,137.449935
金沢町,カナザワチョウ,KANAZAWACHO,段林,34.86198,137.452968
金沢町,カナザワチョウ,KANAZAWACHO,水引,34.852883,137.457553
金沢町,カナザワチョウ,KANAZAWACHO,池川,34.851615,137.451546
金沢町,カナザワチョウ,KANAZAWACHO,池端,34.853631,137.443427
金沢町,カナザワチョウ,KANAZAWACHO,滝ノ入,34.859501,137.452969
金沢町,カナザワチョウ,KANAZAWACHO,焼荒,34.854831,137.455498
金沢町,カナザワチョウ,KANAZAWACHO,番場,34.857109,137.447882
金沢町,カナザワチョウ,KANAZAWACHO,石雁平,34.84708,137.451282
金沢町,カナザワチョウ,KANAZAWACHO,稲場,34.85446,137.45015
金沢町,カナザワチョウ,KANAZAWACHO,粟地畑,34.85005,137.442687
金沢町,カナザワチョウ,KANAZAWACHO,萱山,34.853041,137.451846
金沢町,カナザワチョウ,KANAZAWACHO,薬師地,34.851125,137.44518
金沢町,カナザワチョウ,KANAZAWACHO,藤弦,34.860266,137.453956
金沢町,カナザワチョウ,KANAZAWACHO,西峡,34.848627,137.44237
金沢町,カナザワチョウ,KANAZAWACHO,西浦,34.855169,137.446051
金沢町,カナザワチョウ,KANAZAWACHO,跡坂,34.856303,137.456674
金沢町,カナザワチョウ,KANAZAWACHO,追分,34.850541,137.457879
金沢町,カナザワチョウ,KANAZAWACHO,金山,34.852768,137.444924
金沢町,カナザワチョウ,KANAZAWACHO,駒ノ前,34.852274,137.450434
金沢町,カナザワチョウ,KANAZAWACHO,高安,34.855369,137.443797
金塚町一丁目,カナヅカチョウ 1,KANAZUKACHO 1,,34.816881,137.385048
金塚町二丁目,カナヅカチョウ 2,KANAZUKACHO 2,,34.817809,137.384499
金屋町,カナヤチョウ,KANAYACHO,,34.820555,137.386382
金屋西町一丁目,カナヤニシマチ 1,KANAYANISHIMACHI 1,,34.827421,137.381635
金屋西町二丁目,カナヤニシマチ 2,KANAYANISHIMACHI 2,,34.827013,137.379016
金屋西町三丁目,カナヤニシマチ 3,KANAYANISHIMACHI 3,,34.827356,137.377234
金屋橋町,カナヤバシチョウ,KANAYABASHICHO,,34.823286,137.377641
金屋本町一丁目,カナヤホンマチ 1,KANAYAHOMMACHI 1,,34.822063,137.383865
金屋本町二丁目,カナヤホンマチ 2,KANAYAHOMMACHI 2,,34.820561,137.383042
金屋本町三丁目,カナヤホンマチ 3,KANAYAHOMMACHI 3,,34.822754,137.381897
金屋本町四丁目,カナヤホンマチ 4,KANAYAHOMMACHI 4,,34.820993,137.381212
金屋元町一丁目,カナヤモトマチ 1,KANAYAMOTOMACHI 1,,34.824645,137.385214
金屋元町二丁目,カナヤモトマチ 2,KANAYAMOTOMACHI 2,,34.825259,137.383119
上長山町,カミナガヤマチョウ,KAMINAGAYAMACHO,,34.884905,137.414736
上長山町,カミナガヤマチョウ,KAMINAGAYAMACHO,一ノ沢,34.866905,137.431565
上長山町,カミナガヤマチョウ,KAMINAGAYAMACHO,上ノ平,34.869533,137.42672
上長山町,カミナガヤマチョウ,KAMINAGAYAMACHO,上新屋,34.872556,137.416444
上長山町,カミナガヤマチョウ,KAMINAGAYAMACHO,下三手川,34.877039,137.423502
上長山町,カミナガヤマチョウ,KAMINAGAYAMACHO,井上,34.884137,137.415912
上長山町,カミナガヤマチョウ,KAMINAGAYAMACHO,六郎辻,34.876579,137.417655
上長山町,カミナガヤマチョウ,KAMINAGAYAMACHO,割田,34.870978,137.434075
上長山町,カミナガヤマチョウ,KAMINAGAYAMACHO,南宝地,34.880763,137.414918
上長山町,カミナガヤマチョウ,KAMINAGAYAMACHO,南田,34.873354,137.421463
上長山町,カミナガヤマチョウ,KAMINAGAYAMACHO,土橋,34.871685,137.43533
上長山町,カミナガヤマチョウ,KAMINAGAYAMACHO,大東原,34.873262,137.430424
上長山町,カミナガヤマチョウ,KAMINAGAYAMACHO,宝,34.86131,137.42791
上長山町,カミナガヤマチョウ,KAMINAGAYAMACHO,宝川,34.863657,137.428472
上長山町,カミナガヤマチョウ,KAMINAGAYAMACHO,宮ノ前,34.87823,137.41379
上長山町,カミナガヤマチョウ,KAMINAGAYAMACHO,小南口,34.867878,137.419746
上長山町,カミナガヤマチョウ,KAMINAGAYAMACHO,小南口原,34.864972,137.423326
上長山町,カミナガヤマチョウ,KAMINAGAYAMACHO,後田,34.870119,137.423051
上長山町,カミナガヤマチョウ,KAMINAGAYAMACHO,手取,34.876016,137.42723
上長山町,カミナガヤマチョウ,KAMINAGAYAMACHO,新道下,34.869338,137.4309
上長山町,カミナガヤマチョウ,KAMINAGAYAMACHO,本宮下,34.87836,137.426875
上長山町,カミナガヤマチョウ,KAMINAGAYAMACHO,東原,34.873373,137.426244
上長山町,カミナガヤマチョウ,KAMINAGAYAMACHO,東新屋,34.872413,137.419327
上長山町,カミナガヤマチョウ,KAMINAGAYAMACHO,東水神平,34.864112,137.43369
上長山町,カミナガヤマチョウ,KAMINAGAYAMACHO,火防,34.867981,137.424817
上長山町,カミナガヤマチョウ,KAMINAGAYAMACHO,田川,34.880185,137.416545
上長山町,カミナガヤマチョウ,KAMINAGAYAMACHO,白鳥前,34.867657,137.42828
上長山町,カミナガヤマチョウ,KAMINAGAYAMACHO,臼屋,34.873997,137.417782
上長山町,カミナガヤマチョウ,KAMINAGAYAMACHO,藤八,34.87686,137.420301
上長山町,カミナガヤマチョウ,KAMINAGAYAMACHO,西原,34.871769,137.416564
上長山町,カミナガヤマチョウ,KAMINAGAYAMACHO,西新屋,34.871739,137.418782
上長山町,カミナガヤマチョウ,KAMINAGAYAMACHO,西水神平,34.863747,137.429651
上長山町,カミナガヤマチョウ,KAMINAGAYAMACHO,赤羽根,34.870011,137.423794
上長山町,カミナガヤマチョウ,KAMINAGAYAMACHO,野添,34.86768,137.423624
川花町一丁目,カワハナチョウ 1,KAWAHANACHO 1,,34.814502,137.365605
川花町二丁目,カワハナチョウ 2,KAWAHANACHO 2,,34.816105,137.3655
川花町三丁目,カワハナチョウ 3,KAWAHANACHO 3,,34.81758,137.365592
北浦町,キタウラチョウ,KITAURACHO,,34.82186,137.393173
行明町,ギョウメイチョウ,GYOMEICHO,,34.798424,137.39723
行明町,ギョウメイチョウ,GYOMEICHO,大井後,34.803457,137.394862
行明町,ギョウメイチョウ,GYOMEICHO,宮井戸,34.798588,137.398461
行明町,ギョウメイチョウ,GYOMEICHO,小橋,34.802848,137.392262
行明町,ギョウメイチョウ,GYOMEICHO,山伏,34.80038,137.400632
行明町,ギョウメイチョウ,GYOMEICHO,末広,34.801885,137.400684
行明町,ギョウメイチョウ,GYOMEICHO,樋詰,34.803554,137.392561
行明町,ギョウメイチョウ,GYOMEICHO,水洗,34.802017,137.392823
行明町,ギョウメイチョウ,GYOMEICHO,薮下,34.802203,137.396497
行明町,ギョウメイチョウ,GYOMEICHO,高畑,34.799141,137.400952
久保町,クボチョウ,KUBOCHO,,34.836293,137.33044
久保町,クボチョウ,KUBOCHO,上見堂,34.835716,137.331451
久保町,クボチョウ,KUBOCHO,下屋敷,34.835574,137.330246
久保町,クボチョウ,KUBOCHO,向田,34.833845,137.33134
久保町,クボチョウ,KUBOCHO,小深田,34.83399,137.329117
久保町,クボチョウ,KUBOCHO,川上,34.83452,137.328875
久保町,クボチョウ,KUBOCHO,後口,34.836622,137.329337
久保町,クボチョウ,KUBOCHO,揚畑,34.837803,137.330172
久保町,クボチョウ,KUBOCHO,日影,34.84003,137.327432
久保町,クボチョウ,KUBOCHO,棒田,34.835242,137.328494
久保町,クボチョウ,KUBOCHO,流,34.837223,137.327891
久保町,クボチョウ,KUBOCHO,石原,34.834194,137.329878
久保町,クボチョウ,KUBOCHO,社地,34.83691,137.33199
久保町,クボチョウ,KUBOCHO,葉善寺,34.837726,137.328859
久保町,クボチョウ,KUBOCHO,雲明,34.838968,137.327892
光輝町一丁目,コウキチョウ 1,KOKICHO 1,,34.813208,137.377387
光輝町二丁目,コウキチョウ 2,KOKICHO 2,,34.814332,137.377384
柑子町,コウジチョウ,KOJICHO,,34.806009,137.397616
柑子町,コウジチョウ,KOJICHO,五反田,34.804115,137.396848
柑子町,コウジチョウ,KOJICHO,天白,34.805025,137.394801
柑子町,コウジチョウ,KOJICHO,川原,34.806993,137.400882
柑子町,コウジチョウ,KOJICHO,広長,34.805407,137.397604
柑子町,コウジチョウ,KOJICHO,若宮,34.805337,137.399034
国府町,コウチョウ,KOCHO,,34.831173,137.327494
国府町,コウチョウ,KOCHO,上坊入,34.832652,137.328525
国府町,コウチョウ,KOCHO,上河原,34.838463,137.321333
国府町,コウチョウ,KOCHO,下坊入,34.831237,137.330061
国府町,コウチョウ,KOCHO,下河原,34.82949,137.324957
国府町,コウチョウ,KOCHO,中道,34.835448,137.324045
国府町,コウチョウ,KOCHO,仙路,34.828207,137.322712
国府町,コウチョウ,KOCHO,前崎,34.827114,137.33531
国府町,コウチョウ,KOCHO,前田,34.829661,137.328572
国府町,コウチョウ,KOCHO,向河原,34.830144,137.324673
国府町,コウチョウ,KOCHO,天神,34.82779,137.334578
国府町,コウチョウ,KOCHO,実正,34.832172,137.326775
国府町,コウチョウ,KOCHO,寒若寺,34.830487,137.323859
国府町,コウチョウ,KOCHO,山ノ入,34.834732,137.317707
国府町,コウチョウ,KOCHO,岡本,34.833134,137.320677
国府町,コウチョウ,KOCHO,桜田,34.83887,137.32633
国府町,コウチョウ,KOCHO,池田,34.832681,137.327424
国府町,コウチョウ,KOCHO,流霞,34.836673,137.324829
国府町,コウチョウ,KOCHO,清水,34.838712,137.324251
国府町,コウチョウ,KOCHO,的場,34.835515,137.321656
国府町,コウチョウ,KOCHO,社脇,34.838796,137.322537
国府町,コウチョウ,KOCHO,船原,34.827706,137.333512
国府町,コウチョウ,KOCHO,茶ノ休,34.837036,137.32554
国府町,コウチョウ,KOCHO,薮下,34.833609,137.327731
国府町,コウチョウ,KOCHO,西浦,34.834169,137.324658
国府町,コウチョウ,KOCHO,豊成,34.832854,137.32613
国府町,コウチョウ,KOCHO,鍛治ケ谷,34.837538,137.323086
国府町,コウチョウ,KOCHO,青馬,34.834637,137.323382
国府町,コウチョウ,KOCHO,高畑,34.837863,137.321923
国府南一丁目,コウミナミ 1,KOMINAMI 1,,34.829382,137.331072
国府南二丁目,コウミナミ 2,KOMINAMI 2,,34.828311,137.331271
国府南三丁目,コウミナミ 3,KOMINAMI 3,,34.827336,137.33199
光明町一丁目,コウメイチョウ 1,KOMEICHO 1,,34.815229,137.373118
光明町二丁目,コウメイチョウ 2,KOMEICHO 2,,34.816868,137.37234
光陽町,コウヨウチョウ,KOYOCHO,,34.825561,137.405705
小坂井町,コザカイチョウ,KOZAKAICHO,,34.795766,137.365076
小坂井町,コザカイチョウ,KOZAKAICHO,中野,34.798378,137.358894
小坂井町,コザカイチョウ,KOZAKAICHO,倉屋敷,34.797156,137.363429
小坂井町,コザカイチョウ,KOZAKAICHO,八幡田,34.793275,137.366166
小坂井町,コザカイチョウ,KOZAKAICHO,北浦,34.800734,137.363935
小坂井町,コザカイチョウ,KOZAKAICHO,大堀,34.800499,137.359384
小坂井町,コザカイチョウ,KOZAKAICHO,大塚,34.796573,137.359512
小坂井町,コザカイチョウ,KOZAKAICHO,大島,34.791461,137.370516
小坂井町,コザカイチョウ,KOZAKAICHO,宮下,34.797086,137.367923
小坂井町,コザカイチョウ,KOZAKAICHO,宮脇,34.79755,137.365073
小坂井町,コザカイチョウ,KOZAKAICHO,平口,34.794422,137.359237
小坂井町,コザカイチョウ,KOZAKAICHO,才ノ木,34.794748,137.362495
小坂井町,コザカイチョウ,KOZAKAICHO,樫王,34.798893,137.365023
小坂井町,コザカイチョウ,KOZAKAICHO,欠山,34.798841,137.367689
小坂井町,コザカイチョウ,KOZAKAICHO,欠田,34.795864,137.372264
小坂井町,コザカイチョウ,KOZAKAICHO,笹見原,34.790403,137.36682
小坂井町,コザカイチョウ,KOZAKAICHO,西浦,34.800068,137.362164
小坂井町,コザカイチョウ,KOZAKAICHO,道地,34.795153,137.368144
小坂井町,コザカイチョウ,KOZAKAICHO,野地,34.798072,137.35776
小坂井町,コザカイチョウ,KOZAKAICHO,門並,34.798741,137.362476
小坂井町,コザカイチョウ,KOZAKAICHO,門迎,34.794237,137.372432
小桜町,コザクラチョウ,KOZAKURACHO,,34.831465,137.3911
寿通一丁目,コトブキドオリ 1,KOTOBUKIDORI 1,,34.810988,137.37431
寿通二丁目,コトブキドオリ 2,KOTOBUKIDORI 2,,34.809569,137.371181
御油町,ゴユチョウ,GOYUCHO,,34.846814,137.312775
御油町,ゴユチョウ,GOYUCHO,一ノ坪,34.841537,137.314577
御油町,ゴユチョウ,GOYUCHO,一ノ橋,34.849153,137.312935
御油町,ゴユチョウ,GOYUCHO,一町田,34.850675,137.31225
御油町,ゴユチョウ,GOYUCHO,一重薮,34.851719,137.314971
御油町,ゴユチョウ,GOYUCHO,万福寺,34.842378,137.32388
御油町,ゴユチョウ,GOYUCHO,上ノ山下,34.849579,137.311631
御油町,ゴユチョウ,GOYUCHO,上河原,34.848197,137.317332
御油町,ゴユチョウ,GOYUCHO,下り沢,34.838864,137.315501
御油町,ゴユチョウ,GOYUCHO,下川原,34.83946,137.319052
御油町,ゴユチョウ,GOYUCHO,並松,34.850978,137.313703
御油町,ゴユチョウ,GOYUCHO,中川原,34.848257,137.318788
御油町,ゴユチョウ,GOYUCHO,五反,34.847438,137.316531
御油町,ゴユチョウ,GOYUCHO,井ノ口,34.850204,137.315
御油町,ゴユチョウ,GOYUCHO,今斉,34.846316,137.315133
御油町,ゴユチョウ,GOYUCHO,八面,34.843045,137.320552
御油町,ゴユチョウ,GOYUCHO,八面前,34.842027,137.321676
御油町,ゴユチョウ,GOYUCHO,八面横,34.843644,137.322987
御油町,ゴユチョウ,GOYUCHO,北沢,34.853567,137.320793
御油町,ゴユチョウ,GOYUCHO,古御堂,34.842661,137.316687
御油町,ゴユチョウ,GOYUCHO,向山,34.847432,137.322315
御油町,ゴユチョウ,GOYUCHO,堺畑,34.839491,137.322906
御油町,ゴユチョウ,GOYUCHO,小山,34.844041,137.324581
御油町,ゴユチョウ,GOYUCHO,当座山,34.850337,137.319753
御油町,ゴユチョウ,GOYUCHO,後田,34.845344,137.323523
御油町,ゴユチョウ,GOYUCHO,新丁,34.845592,137.318511
御油町,ゴユチョウ,GOYUCHO,木ノ下,34.842078,137.317966
御油町,ゴユチョウ,GOYUCHO,東井領,34.844432,137.321851
御油町,ゴユチョウ,GOYUCHO,東小深田,34.846783,137.321496
御油町,ゴユチョウ,GOYUCHO,東山,34.849917,137.326067
御油町,ゴユチョウ,GOYUCHO,東欠間,34.841544,137.32061
御油町,ゴユチョウ,GOYUCHO,東沢,34.847114,137.324377
御油町,ゴユチョウ,GOYUCHO,栗木山,34.842826,137.312877
御油町,ゴユチョウ,GOYUCHO,橋際,34.843205,137.319574
御油町,ゴユチョウ,GOYUCHO,欠下,34.842469,137.324973
御油町,ゴユチョウ,GOYUCHO,池田,34.850343,137.317042
御油町,ゴユチョウ,GOYUCHO,汲ケ谷,34.850251,137.324829
御油町,ゴユチョウ,GOYUCHO,河原畑,34.8444,137.315147
御油町,ゴユチョウ,GOYUCHO,河田,34.84443,137.320792
御油町,ゴユチョウ,GOYUCHO,炮六土,34.849401,137.320943
御油町,ゴユチョウ,GOYUCHO,町裏,34.843649,137.318356
御油町,ゴユチョウ,GOYUCHO,筑前ケ谷,34.851296,137.311247
御油町,ゴユチョウ,GOYUCHO,米野,34.852099,137.316449
御油町,ゴユチョウ,GOYUCHO,美世賜,34.845194,137.316735
御油町,ゴユチョウ,GOYUCHO,膳ノ棚,34.844888,137.311638
御油町,ゴユチョウ,GOYUCHO,若宮,34.843838,137.320165
御油町,ゴユチョウ,GOYUCHO,行力,34.841227,137.323745
御油町,ゴユチョウ,GOYUCHO,西井領,34.844865,137.321318
御油町,ゴユチョウ,GOYUCHO,西小深田,34.846755,137.319925
御油町,ゴユチョウ,GOYUCHO,西欠間,34.840432,137.320252
御油町,ゴユチョウ,GOYUCHO,西沢,34.843748,137.310422
御油町,ゴユチョウ,GOYUCHO,遠見山,34.837789,137.310125
御油町,ゴユチョウ,GOYUCHO,長谷山,34.851882,137.32181
御油町,ゴユチョウ,GOYUCHO,青戸,34.84607,137.320463
御油町,ゴユチョウ,GOYUCHO,青木前,34.847959,137.313913
御油町,ゴユチョウ,GOYUCHO,鷺坂,34.841318,137.32612
幸町,サイワイチョウ,SAIWAICHO,,34.823835,137.388726
堺町一丁目,サカイマチ 1,SAKAIMACHI 1,,34.814656,137.362801
堺町二丁目,サカイマチ 2,SAKAIMACHI 2,,34.816448,137.36255
桜ケ丘町,サクラガオカチョウ,SAKURAGAOKACHO,,34.829011,137.38838
桜木通一丁目,サクラギドオリ 1,SAKURAGIDORI 1,,34.826415,137.394657
桜木通二丁目,サクラギドオリ 2,SAKURAGIDORI 2,,34.827097,137.393313
桜木通三丁目,サクラギドオリ 3,SAKURAGIDORI 3,,34.828493,137.391412
桜木通四丁目,サクラギドオリ 4,SAKURAGIDORI 4,,34.83059,137.389984
桜木通五丁目,サクラギドオリ 5,SAKURAGIDORI 5,,34.832709,137.387803
桜木通六丁目,サクラギドオリ 6,SAKURAGIDORI 6,,34.834479,137.386367
桜町一丁目,サクラマチ 1,SAKURAMACHI 1,,34.816381,137.349419
桜町二丁目,サクラマチ 2,SAKURAMACHI 2,,34.8157,137.351555
桜町三丁目,サクラマチ 3,SAKURAMACHI 3,,34.818542,137.349269
佐土町,サドチョウ,SADOCHO,,34.835754,137.388825
佐奈川町,サナガワチョウ,SANAGAWACHO,,34.821879,137.373179
三蔵子町,サンゾウゴチョウ,SANZOGOCHO,,34.840504,137.387224
三蔵子町,サンゾウゴチョウ,SANZOGOCHO,一里塚,34.836328,137.385662
三蔵子町,サンゾウゴチョウ,SANZOGOCHO,中荒古,34.839664,137.389157
三蔵子町,サンゾウゴチョウ,SANZOGOCHO,出口,34.841225,137.385484
三蔵子町,サンゾウゴチョウ,SANZOGOCHO,前畑,34.840223,137.386649
三蔵子町,サンゾウゴチョウ,SANZOGOCHO,北浦,34.843726,137.382315
三蔵子町,サンゾウゴチョウ,SANZOGOCHO,北添,34.842445,137.387162
三蔵子町,サンゾウゴチョウ,SANZOGOCHO,北野,34.845646,137.384323
三蔵子町,サンゾウゴチョウ,SANZOGOCHO,大道,34.837687,137.388989
三蔵子町,サンゾウゴチョウ,SANZOGOCHO,宮前,34.841522,137.383723
三蔵子町,サンゾウゴチョウ,SANZOGOCHO,山塚,34.842394,137.390351
三蔵子町,サンゾウゴチョウ,SANZOGOCHO,橋本,34.837553,137.392494
三蔵子町,サンゾウゴチョウ,SANZOGOCHO,福地荒古,34.84127,137.389069
三蔵子町,サンゾウゴチョウ,SANZOGOCHO,西浦,34.843148,137.38387
三蔵子町,サンゾウゴチョウ,SANZOGOCHO,野河薮,34.838879,137.392293
三蔵子町,サンゾウゴチョウ,SANZOGOCHO,野添,34.839102,137.384426
財賀町,ザイカチョウ,ZAIKACHO,,34.866863,137.358196
財賀町,ザイカチョウ,ZAIKACHO,コウデ,34.858394,137.35409
財賀町,ザイカチョウ,ZAIKACHO,コウバ,34.865774,137.35698
財賀町,ザイカチョウ,ZAIKACHO,中田,34.867154,137.358338
財賀町,ザイカチョウ,ZAIKACHO,向,34.870517,137.361337
財賀町,ザイカチョウ,ZAIKACHO,大松,34.862851,137.355779
財賀町,ザイカチョウ,ZAIKACHO,大狭間,34.859904,137.355013
財賀町,ザイカチョウ,ZAIKACHO,小路,34.866215,137.358214
財賀町,ザイカチョウ,ZAIKACHO,市小路,34.862614,137.36426
財賀町,ザイカチョウ,ZAIKACHO,栃ノ木,34.865374,137.355009
財賀町,ザイカチョウ,ZAIKACHO,観音山,34.875037,137.359496
財賀町,ザイカチョウ,ZAIKACHO,門,34.869935,137.357477
篠田町,シノダチョウ,SHINODACHO,,34.843923,137.401191
篠田町,シノダチョウ,SHINODACHO,上屋敷,34.84909,137.399548
篠田町,シノダチョウ,SHINODACHO,上田尻,34.845454,137.398936
篠田町,シノダチョウ,SHINODACHO,下川,34.846434,137.398986
篠田町,シノダチョウ,SHINODACHO,下田尻,34.844394,137.398526
篠田町,シノダチョウ,SHINODACHO,並松,34.847293,137.406876
篠田町,シノダチョウ,SHINODACHO,中庄名,34.844882,137.402001
篠田町,シノダチョウ,SHINODACHO,割塚,34.842269,137.402725
篠田町,シノダチョウ,SHINODACHO,古井戸,34.843858,137.40581
篠田町,シノダチョウ,SHINODACHO,四ツ家,34.839382,137.396076
篠田町,シノダチョウ,SHINODACHO,市道,34.839928,137.40032
篠田町,シノダチョウ,SHINODACHO,弘法野,34.842587,137.399923
篠田町,シノダチョウ,SHINODACHO,新切,34.838635,137.396943
篠田町,シノダチョウ,SHINODACHO,新屋浦,34.840878,137.398049
篠田町,シノダチョウ,SHINODACHO,東荒古,34.843146,137.403062
篠田町,シノダチョウ,SHINODACHO,田尻,34.846257,137.397091
篠田町,シノダチョウ,SHINODACHO,番匠田,34.847805,137.401531
篠田町,シノダチョウ,SHINODACHO,石橋,34.845282,137.404365
篠田町,シノダチョウ,SHINODACHO,葉前場,34.846564,137.401573
篠束町,シノヅカチョウ,SHINOZUKACHO,,34.802959,137.370326
篠束町,シノヅカチョウ,SHINOZUKACHO,並塚,34.813399,137.362105
篠束町,シノヅカチョウ,SHINOZUKACHO,仲堀,34.800236,137.37284
篠束町,シノヅカチョウ,SHINOZUKACHO,仲荒古,34.807094,137.368631
篠束町,シノヅカチョウ,SHINOZUKACHO,吉添,34.796313,137.373329
篠束町,シノヅカチョウ,SHINOZUKACHO,大堀,34.805573,137.368209
篠束町,シノヅカチョウ,SHINOZUKACHO,東宮,34.804867,137.372153
篠束町,シノヅカチョウ,SHINOZUKACHO,栗穴,34.80012,137.376028
篠束町,シノヅカチョウ,SHINOZUKACHO,矢筰,34.792982,137.37634
篠束町,シノヅカチョウ,SHINOZUKACHO,若宮,34.802944,137.367145
篠束町,シノヅカチョウ,SHINOZUKACHO,荒木,34.796896,137.378356
篠束町,シノヅカチョウ,SHINOZUKACHO,西宮,34.803704,137.369102
篠束町,シノヅカチョウ,SHINOZUKACHO,郷中,34.801357,137.371248
篠束町,シノヅカチョウ,SHINOZUKACHO,酢屋下,34.801004,137.373659
篠束町,シノヅカチョウ,SHINOZUKACHO,高見,34.811346,137.367265
下長山町,シモナガヤマチョウ,SHIMONAGAYAMACHO,,34.80344,137.379507
下長山町,シモナガヤマチョウ,SHIMONAGAYAMACHO,上アライ,34.803601,137.384985
下長山町,シモナガヤマチョウ,SHIMONAGAYAMACHO,中屋敷,34.807454,137.375698
下長山町,シモナガヤマチョウ,SHIMONAGAYAMACHO,北側,34.809039,137.37797
下長山町,シモナガヤマチョウ,SHIMONAGAYAMACHO,堺,34.80526,137.373359
下長山町,シモナガヤマチョウ,SHIMONAGAYAMACHO,天王下,34.804126,137.375507
下長山町,シモナガヤマチョウ,SHIMONAGAYAMACHO,宮下,34.806817,137.380519
下長山町,シモナガヤマチョウ,SHIMONAGAYAMACHO,岩下,34.805435,137.378772
下長山町,シモナガヤマチョウ,SHIMONAGAYAMACHO,西道貝津,34.807044,137.378622
下長山町,シモナガヤマチョウ,SHIMONAGAYAMACHO,高畑,34.804307,137.383049
下野川町一丁目,シモノガワチョウ 1,SHIMONOGAWACHO 1,,34.818879,137.365265
下野川町二丁目,シモノガワチョウ 2,SHIMONOGAWACHO 2,,34.819514,137.36357
宿町,シュクチョウ,SHUKUCHO,,34.807714,137.361532
宿町,シュクチョウ,SHUKUCHO,中島,34.808773,137.360983
宿町,シュクチョウ,SHUKUCHO,中島前,34.807573,137.36415
宿町,シュクチョウ,SHUKUCHO,中道,34.805712,137.36526
宿町,シュクチョウ,SHUKUCHO,佐平山,34.805133,137.358088
宿町,シュクチョウ,SHUKUCHO,光道寺,34.802305,137.360187
宿町,シュクチョウ,SHUKUCHO,古十王,34.802817,137.362024
宿町,シュクチョウ,SHUKUCHO,坂地,34.801143,137.365388
宿町,シュクチョウ,SHUKUCHO,宮脇,34.806601,137.361103
宿町,シュクチョウ,SHUKUCHO,寺前,34.805622,137.359756
宿町,シュクチョウ,SHUKUCHO,小山,34.808969,137.357108
宿町,シュクチョウ,SHUKUCHO,弥重,34.809903,137.357752
宿町,シュクチョウ,SHUKUCHO,楠,34.804024,137.36423
宿町,シュクチョウ,SHUKUCHO,権平,34.811152,137.36031
宿町,シュクチョウ,SHUKUCHO,水入,34.806955,137.358552
宿町,シュクチョウ,SHUKUCHO,白山,34.812408,137.359798
宿町,シュクチョウ,SHUKUCHO,荒古,34.811446,137.361845
宿町,シュクチョウ,SHUKUCHO,野川,34.813104,137.357597
宿町,シュクチョウ,SHUKUCHO,金山,34.803439,137.363492
宿町,シュクチョウ,SHUKUCHO,長者松,34.803479,137.359305
宿町,シュクチョウ,SHUKUCHO,青木,34.81148,137.356794
白雲町一丁目,シラクモチョウ 1,SHIRAKUMOCHO 1,,34.836134,137.39497
白雲町二丁目,シラクモチョウ 2,SHIRAKUMOCHO 2,,34.835555,137.394254
白雲町三丁目,シラクモチョウ 3,SHIRAKUMOCHO 3,,34.835475,137.393016
白鳥二丁目,シロトリ 2,SHIROTORI 2,,34.832483,137.332617
白鳥三丁目,シロトリ 3,SHIROTORI 3,,34.831363,137.337653
白鳥四丁目,シロトリ 4,SHIROTORI 4,,34.830615,137.334272
白鳥五丁目,シロトリ 5,SHIROTORI 5,,34.829381,137.337672
白鳥六丁目,シロトリ 6,SHIROTORI 6,,34.828387,137.340755
白鳥七丁目,シロトリ 7,SHIROTORI 7,,34.826611,137.342929
白鳥町,シロトリチョウ,SHIROTORICHO,,34.823625,137.344457
白鳥町,シロトリチョウ,SHIROTORICHO,上郷中,34.836069,137.333735
白鳥町,シロトリチョウ,SHIROTORICHO,下郷中,34.8324,137.335451
白鳥町,シロトリチョウ,SHIROTORICHO,五丁田,34.832669,137.336494
白鳥町,シロトリチョウ,SHIROTORICHO,京次,34.825169,137.340527
白鳥町,シロトリチョウ,SHIROTORICHO,兎足,34.825499,137.354102
白鳥町,シロトリチョウ,SHIROTORICHO,割塚,34.826731,137.352361
白鳥町,シロトリチョウ,SHIROTORICHO,原溝,34.820819,137.3465
白鳥町,シロトリチョウ,SHIROTORICHO,大清水,34.824857,137.347343
白鳥町,シロトリチョウ,SHIROTORICHO,山桃,34.823945,137.34172
白鳥町,シロトリチョウ,SHIROTORICHO,穴田,34.822187,137.345121
白鳥町,シロトリチョウ,SHIROTORICHO,米田,34.830411,137.333307
白鳥町,シロトリチョウ,SHIROTORICHO,野口前,34.826884,137.355907
白鳥町,シロトリチョウ,SHIROTORICHO,野畔,34.822836,137.349403
白鳥町,シロトリチョウ,SHIROTORICHO,防入,34.831675,137.333019
白鳥町,シロトリチョウ,SHIROTORICHO,高田,34.827661,137.338518
新青馬町一丁目,シンアオウマチョウ 1,SHINAOMACHO 1,,34.834657,137.322481
新青馬町二丁目,シンアオウマチョウ 2,SHINAOMACHO 2,,34.834232,137.322352
新青馬町三丁目,シンアオウマチョウ 3,SHINAOMACHO 3,,34.834048,137.322999
新青馬町四丁目,シンアオウマチョウ 4,SHINAOMACHO 4,,34.833795,137.32313
新青馬町五丁目,シンアオウマチョウ 5,SHINAOMACHO 5,,34.833562,137.323502
新青馬町六丁目,シンアオウマチョウ 6,SHINAOMACHO 6,,34.833252,137.323406
新青馬町七丁目,シンアオウマチョウ 7,SHINAOMACHO 7,,34.832953,137.323365
新青馬町八丁目,シンアオウマチョウ 8,SHINAOMACHO 8,,34.83273,137.323718
新栄町一丁目,シンサカエマチ 1,SHINSAKAEMACHI 1,,34.837002,137.327414
新栄町二丁目,シンサカエマチ 2,SHINSAKAEMACHI 2,,34.836276,137.326094
新栄町三丁目,シンサカエマチ 3,SHINSAKAEMACHI 3,,34.834722,137.327354
新桜町通一丁目,シンサクラマチドオリ 1,SHINSAKURAMACHIDORI 1,,34.813881,137.373319
新桜町通二丁目,シンサクラマチドオリ 2,SHINSAKURAMACHIDORI 2,,34.813017,137.368881
新桜町通三丁目,シンサクラマチドオリ 3,SHINSAKURAMACHIDORI 3,,34.813735,137.362944
新宿町一丁目,シンジュクチョウ 1,SHINJUKUCHO 1,,34.819276,137.392743
新宿町二丁目,シンジュクチョウ 2,SHINJUKUCHO 2,,34.820236,137.390632
新道町一丁目,シンミチチョウ 1,SHIMMICHICHO 1,,34.824141,137.364111
新道町二丁目,シンミチチョウ 2,SHIMMICHICHO 2,,34.821254,137.363242
新豊町一丁目,シンユタカマチ 1,SHINYUTAKAMACHI 1,,34.832905,137.403193
新豊町二丁目,シンユタカマチ 2,SHINYUTAKAMACHI 2,,34.831081,137.403811
末広通一丁目,スエヒロドオリ 1,SUEHIRODORI 1,,34.825039,137.387114
末広通二丁目,スエヒロドオリ 2,SUEHIRODORI 2,,34.827605,137.389403
末広通三丁目,スエヒロドオリ 3,SUEHIRODORI 3,,34.830595,137.39297
末広通四丁目,スエヒロドオリ 4,SUEHIRODORI 4,,34.832919,137.396321
住吉町一丁目,スミヨシチョウ 1,SUMIYOSHICHO 1,,34.817191,137.402492
住吉町二丁目,スミヨシチョウ 2,SUMIYOSHICHO 2,,34.817007,137.404642
諏訪一丁目,スワ 1,SUWA 1,,34.82722,137.373883
諏訪二丁目,スワ 2,SUWA 2,,34.824114,137.373687
諏訪三丁目,スワ 3,SUWA 3,,34.826069,137.368932
諏訪四丁目,スワ 4,SUWA 4,,34.827167,137.365274
諏訪西町一丁目,スワニシマチ 1,SUWANISHIMACHI 1,,34.828118,137.361648
諏訪西町二丁目,スワニシマチ 2,SUWANISHIMACHI 2,,34.830538,137.362523
瀬木町,セギチョウ,SEGICHO,,34.811768,137.400374
瀬木町,セギチョウ,SEGICHO,北裏,34.815538,137.402655
瀬木町,セギチョウ,SEGICHO,古川,34.808649,137.402116
瀬木町,セギチョウ,SEGICHO,替田,34.810946,137.401333
瀬木町,セギチョウ,SEGICHO,田成,34.81414,137.401151
瀬木町,セギチョウ,SEGICHO,郷中,34.812058,137.40174
蔵子一丁目,ゾウシ 1,ZOSHI 1,,34.816283,137.355373
蔵子二丁目,ゾウシ 2,ZOSHI 2,,34.818757,137.353749
蔵子三丁目,ゾウシ 3,ZOSHI 3,,34.821286,137.352411
蔵子四丁目,ゾウシ 4,ZOSHI 4,,34.826134,137.357401
蔵子五丁目,ゾウシ 5,ZOSHI 5,,34.823414,137.356427
蔵子六丁目,ゾウシ 6,ZOSHI 6,,34.819808,137.358196
蔵子七丁目,ゾウシ 7,ZOSHI 7,,34.818436,137.360999
高見町一丁目,タカミチョウ 1,TAKAMICHO 1,,34.812296,137.375111
高見町二丁目,タカミチョウ 2,TAKAMICHO 2,,34.813116,137.374614
高見町三丁目,タカミチョウ 3,TAKAMICHO 3,,34.813743,137.374813
高見町四丁目,タカミチョウ 4,TAKAMICHO 4,,34.811454,137.373062
高見町五丁目,タカミチョウ 5,TAKAMICHO 5,,34.812244,137.372064
高見町六丁目,タカミチョウ 6,TAKAMICHO 6,,34.812837,137.372033
為当町,タメトウチョウ,TAMETOCHO,,34.820329,137.323739
為当町,タメトウチョウ,TAMETOCHO,三津市場,34.823606,137.323236
為当町,タメトウチョウ,TAMETOCHO,上川原田,34.82658,137.325053
為当町,タメトウチョウ,TAMETOCHO,仲上,34.820898,137.324326
為当町,タメトウチョウ,TAMETOCHO,仲脇,34.816245,137.321794
為当町,タメトウチョウ,TAMETOCHO,宮脇,34.818388,137.31865
為当町,タメトウチョウ,TAMETOCHO,寺下,34.819399,137.322265
為当町,タメトウチョウ,TAMETOCHO,尻無,34.821121,137.320309
為当町,タメトウチョウ,TAMETOCHO,川原田,34.823044,137.326409
為当町,タメトウチョウ,TAMETOCHO,川田,34.825065,137.324582
為当町,タメトウチョウ,TAMETOCHO,市木,34.817554,137.31685
為当町,タメトウチョウ,TAMETOCHO,後田,34.822105,137.322073
為当町,タメトウチョウ,TAMETOCHO,新屋河原,34.827413,137.32318
為当町,タメトウチョウ,TAMETOCHO,新道,34.817456,137.319456
為当町,タメトウチョウ,TAMETOCHO,松口,34.820145,137.318707
為当町,タメトウチョウ,TAMETOCHO,椎木,34.814836,137.319349
為当町,タメトウチョウ,TAMETOCHO,石田,34.825746,137.325511
為当町,タメトウチョウ,TAMETOCHO,社宮神,34.815357,137.322686
為当町,タメトウチョウ,TAMETOCHO,野添,34.825046,137.327518
樽井町,タルイチョウ,TARUICHO,,34.843039,137.392995
樽井町,タルイチョウ,TARUICHO,土々川,34.842902,137.395337
樽井町,タルイチョウ,TARUICHO,大辻,34.845453,137.390654
樽井町,タルイチョウ,TARUICHO,宮前,34.845248,137.394354
樽井町,タルイチョウ,TARUICHO,川添,34.839622,137.393812
樽井町,タルイチョウ,TARUICHO,才ノ神,34.840877,137.391588
樽井町,タルイチョウ,TARUICHO,西坪,34.844106,137.390774
代田町一丁目,ダイダチョウ 1,DAIDACHO 1,,34.824449,137.360867
代田町二丁目,ダイダチョウ 2,DAIDACHO 2,,34.827186,137.359985
千両町,チギリチョウ,CHIGIRICHO,,34.869945,137.377278
千両町,チギリチョウ,CHIGIRICHO,上ノ山,34.862616,137.381258
千両町,チギリチョウ,CHIGIRICHO,上蛇穴,34.857792,137.378444
千両町,チギリチョウ,CHIGIRICHO,上西ノ谷,34.853895,137.365885
千両町,チギリチョウ,CHIGIRICHO,上野市場,34.857498,137.383078
千両町,チギリチョウ,CHIGIRICHO,下ノ市場,34.852367,137.384498
千両町,チギリチョウ,CHIGIRICHO,下当,34.857479,137.368943
千両町,チギリチョウ,CHIGIRICHO,下西ノ谷,34.848209,137.365772
千両町,チギリチョウ,CHIGIRICHO,千両,34.863176,137.376483
千両町,チギリチョウ,CHIGIRICHO,四ケ日,34.875324,137.371293
千両町,チギリチョウ,CHIGIRICHO,大堀,34.865627,137.378227
千両町,チギリチョウ,CHIGIRICHO,宝辺,34.858892,137.382416
千両町,チギリチョウ,CHIGIRICHO,寺門,34.861795,137.374396
千両町,チギリチョウ,CHIGIRICHO,小路,34.866593,137.368568
千両町,チギリチョウ,CHIGIRICHO,広貝津,34.873822,137.374708
千両町,チギリチョウ,CHIGIRICHO,数谷原,34.854171,137.374686
千両町,チギリチョウ,CHIGIRICHO,日焼,34.847023,137.370276
千両町,チギリチョウ,CHIGIRICHO,早稲田,34.876483,137.375515
千両町,チギリチョウ,CHIGIRICHO,昇貝津,34.875482,137.3757
千両町,チギリチョウ,CHIGIRICHO,本畑,34.862948,137.378944
千両町,チギリチョウ,CHIGIRICHO,水久保,34.867025,137.377876
千両町,チギリチョウ,CHIGIRICHO,深田,34.854226,137.370591
千両町,チギリチョウ,CHIGIRICHO,真川,34.857602,137.380558
千両町,チギリチョウ,CHIGIRICHO,石畑,34.871159,137.375429
千両町,チギリチョウ,CHIGIRICHO,糸宅,34.866515,137.375923
千両町,チギリチョウ,CHIGIRICHO,財賀口,34.87608,137.367997
千両町,チギリチョウ,CHIGIRICHO,赤根坂,34.85961,137.378025
千両町,チギリチョウ,CHIGIRICHO,酒屋貝津,34.871252,137.373022
千両町,チギリチョウ,CHIGIRICHO,開津田,34.873057,137.369954
千両町,チギリチョウ,CHIGIRICHO,間ノ田,34.851901,137.370695
千両町,チギリチョウ,CHIGIRICHO,鞍狭間,34.879246,137.382015
千歳通一丁目,チトセドオリ 1,CHITOSEDORI 1,,34.820909,137.384933
千歳通二丁目,チトセドオリ 2,CHITOSEDORI 2,,34.818212,137.383152
千歳通三丁目,チトセドオリ 3,CHITOSEDORI 3,,34.816531,137.380778
千歳通四丁目,チトセドオリ 4,CHITOSEDORI 4,,34.815201,137.3769
中央通一丁目,チュウオウドオリ 1,CHUODORI 1,,34.820732,137.393737
中央通二丁目,チュウオウドオリ 2,CHUODORI 2,,34.821354,137.391248
中央通三丁目,チュウオウドオリ 3,CHUODORI 3,,34.822375,137.387463
中央通四丁目,チュウオウドオリ 4,CHUODORI 4,,34.823604,137.383134
中央通五丁目,チュウオウドオリ 5,CHUODORI 5,,34.825324,137.379439
中条町,チュウジョウチョウ,CHUJOCHO,,34.814014,137.392107
中条町,チュウジョウチョウ,CHUJOCHO,中道,34.814487,137.398788
中条町,チュウジョウチョウ,CHUJOCHO,今宮,34.814903,137.386845
中条町,チュウジョウチョウ,CHUJOCHO,坂下,34.815052,137.395171
中条町,チュウジョウチョウ,CHUJOCHO,大道,34.813254,137.387788
中条町,チュウジョウチョウ,CHUJOCHO,天王,34.812496,137.385667
中条町,チュウジョウチョウ,CHUJOCHO,宮坪,34.814449,137.38505
中条町,チュウジョウチョウ,CHUJOCHO,小松,34.813463,137.38441
中条町,チュウジョウチョウ,CHUJOCHO,広口,34.813592,137.391774
中条町,チュウジョウチョウ,CHUJOCHO,河原堂,34.817547,137.397637
中条町,チュウジョウチョウ,CHUJOCHO,道下,34.816417,137.389484
中条町,チュウジョウチョウ,CHUJOCHO,鴻ノ巣,34.815508,137.390268
中条町一丁目,チュウジョウチョウ 1,CHUJOCHO 1,,34.816145,137.387187
中条町二丁目,チュウジョウチョウ 2,CHUJOCHO 2,,34.815668,137.386398
中条町三丁目,チュウジョウチョウ 3,CHUJOCHO 3,,34.81427,137.383978
中部町一丁目,チュウブチョウ 1,CHUBUCHO 1,,34.821228,137.370182
中部町二丁目,チュウブチョウ 2,CHUBUCHO 2,,34.82014,137.368183
天神町,テンジンチョウ,TENJINCHO,,34.824182,137.40493
東光町一丁目,トウコウチョウ 1,TOKOCHO 1,,34.829828,137.394687
東光町二丁目,トウコウチョウ 2,TOKOCHO 2,,34.830369,137.395125
東光町三丁目,トウコウチョウ 3,TOKOCHO 3,,34.830836,137.39588
東光町四丁目,トウコウチョウ 4,TOKOCHO 4,,34.831403,137.395751
当古町,トウゴチョウ,TOGOCHO,,34.813509,137.422165
当古町,トウゴチョウ,TOGOCHO,一色,34.811069,137.417616
当古町,トウゴチョウ,TOGOCHO,本郷,34.815031,137.419003
当古町,トウゴチョウ,TOGOCHO,本郷前,34.814058,137.417759
当古町,トウゴチョウ,TOGOCHO,東新井,34.81488,137.424537
当古町,トウゴチョウ,TOGOCHO,東本郷,34.813784,137.419967
当古町,トウゴチョウ,TOGOCHO,東船渡,34.812753,137.423004
当古町,トウゴチョウ,TOGOCHO,清水尻,34.812095,137.418065
当古町,トウゴチョウ,TOGOCHO,西新井,34.816088,137.422444
当古町,トウゴチョウ,TOGOCHO,西本郷,34.816693,137.413924
当古町,トウゴチョウ,TOGOCHO,西船渡,34.812387,137.420883
当古町,トウゴチョウ,TOGOCHO,野中,34.818285,137.419849
当古町,トウゴチョウ,TOGOCHO,長畑,34.809928,137.414349
東新町,トウシンチョウ,TOSHINCHO,,34.828182,137.395214
東上町,トウジョウチョウ,TOJOCHO,,34.882269,137.439192
東上町,トウジョウチョウ,TOJOCHO,下手,34.873622,137.456305
東上町,トウジョウチョウ,TOJOCHO,丸塚,34.869719,137.440574
東上町,トウジョウチョウ,TOJOCHO,井戸入,34.893351,137.442597
東上町,トウジョウチョウ,TOJOCHO,井谷沢,34.874478,137.449699
東上町,トウジョウチョウ,TOJOCHO,勝川,34.881852,137.442523
東上町,トウジョウチョウ,TOJOCHO,北岡,34.867244,137.437063
東上町,トウジョウチョウ,TOJOCHO,北田,34.874539,137.45324
東上町,トウジョウチョウ,TOJOCHO,土橋,34.876252,137.432111
東上町,トウジョウチョウ,TOJOCHO,大屋敷,34.872415,137.454574
東上町,トウジョウチョウ,TOJOCHO,平松,34.87735,137.438341
東上町,トウジョウチョウ,TOJOCHO,徳台,34.878432,137.440993
東上町,トウジョウチョウ,TOJOCHO,日影,34.886353,137.43218
東上町,トウジョウチョウ,TOJOCHO,東京寺,34.874017,137.455459
東上町,トウジョウチョウ,TOJOCHO,松本,34.871104,137.446608
東上町,トウジョウチョウ,TOJOCHO,柏沢,34.884081,137.443837
東上町,トウジョウチョウ,TOJOCHO,柿木,34.870001,137.444222
東上町,トウジョウチョウ,TOJOCHO,柿木平,34.872844,137.441061
東上町,トウジョウチョウ,TOJOCHO,柿木道下,34.866978,137.442378
東上町,トウジョウチョウ,TOJOCHO,権現,34.877974,137.4461
東上町,トウジョウチョウ,TOJOCHO,滝ノ入,34.88122,137.451845
東上町,トウジョウチョウ,TOJOCHO,滝平,34.8797,137.448585
東上町,トウジョウチョウ,TOJOCHO,漆畑,34.872394,137.452995
東上町,トウジョウチョウ,TOJOCHO,炭焼,34.883437,137.429833
東上町,トウジョウチョウ,TOJOCHO,炭焼平,34.877689,137.43372
東上町,トウジョウチョウ,TOJOCHO,白楽,34.874807,137.442436
塔ノ木町一丁目,トウノギチョウ 1,TONOGICHO 1,,34.815216,137.38245
塔ノ木町二丁目,トウノギチョウ 2,TONOGICHO 2,,34.815776,137.38131
東名町一丁目,トウメイチョウ 1,TOMEICHO 1,,34.831372,137.406819
東名町二丁目,トウメイチョウ 2,TOMEICHO 2,,34.83353,137.407506
豊川栄町,トヨカワサカエマチ,TOYOKAWA SAKAEMACHI,,34.823491,137.395514
豊川町,トヨカワチョウ,TOYOKAWACHO,,34.822844,137.400277
豊川町,トヨカワチョウ,TOYOKAWACHO,仁保通,34.822839,137.398179
豊川町,トヨカワチョウ,TOYOKAWACHO,伊呂通,34.820795,137.396255
豊川町,トヨカワチョウ,TOYOKAWACHO,利通,34.824773,137.40014
豊川町,トヨカワチョウ,TOYOKAWACHO,奴通,34.824393,137.402337
豊川町,トヨカワチョウ,TOYOKAWACHO,止通,34.82342,137.401391
豊川町,トヨカワチョウ,TOYOKAWACHO,波通,34.821289,137.397686
豊川町,トヨカワチョウ,TOYOKAWACHO,留通,34.825665,137.40318
豊川町,トヨカワチョウ,TOYOKAWACHO,知通,34.824162,137.398499
豊川町,トヨカワチョウ,TOYOKAWACHO,辺通,34.822603,137.400873
豊川町,トヨカワチョウ,TOYOKAWACHO,遠通,34.825202,137.403544
豊川仲町,トヨカワナカマチ,TOYOKAWA NAKAMACHI,,34.825825,137.397746
豊川西町,トヨカワニシマチ,TOYOKAWA NISHIMACHI,,34.82658,137.396068
豊川元町,トヨカワモトマチ,TOYOKAWA MOTOMACHI,,34.822544,137.395572
豊津町,トヨツチョウ,TOYOTSUCHO,,34.849542,137.431154
豊津町,トヨツチョウ,TOYOTSUCHO,上川原,34.845531,137.433225
豊津町,トヨツチョウ,TOYOTSUCHO,中石塚,34.848741,137.425409
豊津町,トヨツチョウ,TOYOTSUCHO,出口,34.848431,137.426735
豊津町,トヨツチョウ,TOYOTSUCHO,割田,34.850828,137.428728
豊津町,トヨツチョウ,TOYOTSUCHO,妙見,34.849287,137.427437
豊津町,トヨツチョウ,TOYOTSUCHO,宮脇,34.845654,137.429734
豊津町,トヨツチョウ,TOYOTSUCHO,川原,34.849636,137.436802
豊津町,トヨツチョウ,TOYOTSUCHO,新地,34.852081,137.435621
豊津町,トヨツチョウ,TOYOTSUCHO,東川原,34.848181,137.433621
豊津町,トヨツチョウ,TOYOTSUCHO,石塚,34.851454,137.428355
豊津町,トヨツチョウ,TOYOTSUCHO,神ノ木,34.851251,137.432684
豊津町,トヨツチョウ,TOYOTSUCHO,釜ノ口,34.853493,137.431429
土筒町,ドドウチョウ,DODOCHO,,34.813921,137.41181
土筒町,ドドウチョウ,DODOCHO,上薮下,34.813883,137.41222
土筒町,ドドウチョウ,DODOCHO,前屋敷,34.813527,137.410942
土筒町,ドドウチョウ,DODOCHO,国府月,34.814653,137.410987
土筒町,ドドウチョウ,DODOCHO,西浦,34.814041,137.408348
中野川町一丁目,ナカノガワチョウ 1,NAKANOGAWACHO 1,,34.819036,137.374925
中野川町二丁目,ナカノガワチョウ 2,NAKANOGAWACHO 2,,34.820417,137.374206
長草町,ナガクサチョウ,NAGAKUSACHO,,34.847231,137.386232
長草町,ナガクサチョウ,NAGAKUSACHO,八ツ畑,34.849504,137.386902
長草町,ナガクサチョウ,NAGAKUSACHO,南,34.846873,137.385133
長草町,ナガクサチョウ,NAGAKUSACHO,寺荒古,34.845524,137.387646
長草町,ナガクサチョウ,NAGAKUSACHO,川向,34.848353,137.390727
長草町,ナガクサチョウ,NAGAKUSACHO,案五郎,34.84924,137.382423
長草町,ナガクサチョウ,NAGAKUSACHO,荒井,34.847094,137.382928
長草町,ナガクサチョウ,NAGAKUSACHO,薮下,34.846907,137.388926
長草町,ナガクサチョウ,NAGAKUSACHO,西浦,34.848401,137.385346
長草町,ナガクサチョウ,NAGAKUSACHO,連田,34.847959,137.386852
長沢町,ナガサワチョウ,NAGASAWACHO,,34.867439,137.280214
長沢町,ナガサワチョウ,NAGASAWACHO,デンス,34.869661,137.285613
長沢町,ナガサワチョウ,NAGASAWACHO,ハシカ,34.87167,137.285545
長沢町,ナガサワチョウ,NAGASAWACHO,三ツ田,34.873278,137.27303
長沢町,ナガサワチョウ,NAGASAWACHO,三本尻,34.867546,137.299834
長沢町,ナガサワチョウ,NAGASAWACHO,上市,34.871269,137.285192
長沢町,ナガサワチョウ,NAGASAWACHO,上谷下,34.872065,137.268519
長沢町,ナガサワチョウ,NAGASAWACHO,下市,34.869291,137.287408
長沢町,ナガサワチョウ,NAGASAWACHO,下谷下,34.877911,137.295887
長沢町,ナガサワチョウ,NAGASAWACHO,五反田,34.87167,137.281716
長沢町,ナガサワチョウ,NAGASAWACHO,京ケ峰,34.878403,137.281791
長沢町,ナガサワチョウ,NAGASAWACHO,佐田地,34.87324,137.287609
長沢町,ナガサワチョウ,NAGASAWACHO,八王子,34.865325,137.294911
長沢町,ナガサワチョウ,NAGASAWACHO,午新,34.869018,137.290533
長沢町,ナガサワチョウ,NAGASAWACHO,古城,34.871498,137.290153
長沢町,ナガサワチョウ,NAGASAWACHO,向屋敷,34.866776,137.291946
長沢町,ナガサワチョウ,NAGASAWACHO,向谷,34.863561,137.299911
長沢町,ナガサワチョウ,NAGASAWACHO,大榎,34.872667,137.281438
長沢町,ナガサワチョウ,NAGASAWACHO,大覚,34.870394,137.297229
長沢町,ナガサワチョウ,NAGASAWACHO,天ケ峰,34.867108,137.263678
長沢町,ナガサワチョウ,NAGASAWACHO,小佐町,34.874063,137.279258
長沢町,ナガサワチョウ,NAGASAWACHO,小土井,34.865719,137.281851
長沢町,ナガサワチョウ,NAGASAWACHO,小沢,34.872256,137.275727
長沢町,ナガサワチョウ,NAGASAWACHO,山之田,34.867685,137.298411
長沢町,ナガサワチョウ,NAGASAWACHO,山口,34.872278,137.283627
長沢町,ナガサワチョウ,NAGASAWACHO,山崎,34.873045,137.282831
長沢町,ナガサワチョウ,NAGASAWACHO,岡前,34.864879,137.300409
長沢町,ナガサワチョウ,NAGASAWACHO,後山,34.870964,137.291425
長沢町,ナガサワチョウ,NAGASAWACHO,御城山,34.866431,137.28615
長沢町,ナガサワチョウ,NAGASAWACHO,日焼,34.874231,137.27658
長沢町,ナガサワチョウ,NAGASAWACHO,木ノ田,34.877721,137.274787
長沢町,ナガサワチョウ,NAGASAWACHO,東千束,34.879582,137.269272
長沢町,ナガサワチョウ,NAGASAWACHO,栗原,34.873391,137.287656
長沢町,ナガサワチョウ,NAGASAWACHO,欠田,34.866833,137.292384
長沢町,ナガサワチョウ,NAGASAWACHO,毘沙門山,34.865646,137.30254
長沢町,ナガサワチョウ,NAGASAWACHO,沢尻,34.869826,137.287774
長沢町,ナガサワチョウ,NAGASAWACHO,流田,34.866631,137.297248
長沢町,ナガサワチョウ,NAGASAWACHO,番場,34.873128,137.275841
長沢町,ナガサワチョウ,NAGASAWACHO,矢倉下,34.868655,137.291858
長沢町,ナガサワチョウ,NAGASAWACHO,石原,34.875418,137.290707
長沢町,ナガサワチョウ,NAGASAWACHO,石塚,34.861371,137.301731
長沢町,ナガサワチョウ,NAGASAWACHO,神田,34.873339,137.2899
長沢町,ナガサワチョウ,NAGASAWACHO,西切山,34.856506,137.273132
長沢町,ナガサワチョウ,NAGASAWACHO,西千束,34.880861,137.268988
長沢町,ナガサワチョウ,NAGASAWACHO,金山,34.873711,137.280959
長沢町,ナガサワチョウ,NAGASAWACHO,関屋,34.874949,137.278308
長沢町,ナガサワチョウ,NAGASAWACHO,雁又,34.873257,137.279628
長沢町,ナガサワチョウ,NAGASAWACHO,音羽,34.871752,137.289103
長沢町,ナガサワチョウ,NAGASAWACHO,高樋,34.868475,137.279899
西口町一丁目,ニシグチチョウ 1,NISHIGUCHICHO 1,,34.807789,137.371837
西口町二丁目,ニシグチチョウ 2,NISHIGUCHICHO 2,,34.808748,137.371368
西香ノ木町一丁目,ニシコウノギチョウ 1,NISHIKONOGICHO 1,,34.810491,137.370687
西香ノ木町二丁目,ニシコウノギチョウ 2,NISHIKONOGICHO 2,,34.812047,137.369998
西桜木町一丁目,ニシサクラギチョウ 1,NISHISAKURAGICHO 1,,34.829894,137.386458
西桜木町二丁目,ニシサクラギチョウ 2,NISHISAKURAGICHO 2,,34.830832,137.385887
西島町,ニシジマチョウ,NISHIJIMACHO,,34.810484,137.395093
西島町,ニシジマチョウ,NISHIJIMACHO,上川,34.813503,137.396575
西島町,ニシジマチョウ,NISHIJIMACHO,中井,34.809264,137.395773
西島町,ニシジマチョウ,NISHIJIMACHO,薮下,34.810979,137.395424
西島町,ニシジマチョウ,NISHIJIMACHO,袖身,34.810771,137.392807
西塚町一丁目,ニシヅカチョウ 1,NISHIZUKACHO 1,,34.81477,137.370544
西塚町二丁目,ニシヅカチョウ 2,NISHIZUKACHO 2,,34.814371,137.368004
西塚町三丁目,ニシヅカチョウ 3,NISHIZUKACHO 3,,34.816128,137.368315
西原町,ニシバラチョウ,NISHIBARACHO,,34.859466,137.399352
西原町,ニシバラチョウ,NISHIBARACHO,五倍子木,34.856721,137.401001
西原町,ニシバラチョウ,NISHIBARACHO,寺部,34.856382,137.396056
西原町,ニシバラチョウ,NISHIBARACHO,岡ノ上,34.85648,137.397527
西原町,ニシバラチョウ,NISHIBARACHO,松葉,34.858572,137.397945
西原町,ニシバラチョウ,NISHIBARACHO,水上,34.861871,137.397151
西原町,ニシバラチョウ,NISHIBARACHO,重藤,34.859747,137.400917
西原町,ニシバラチョウ,NISHIBARACHO,金剛谷,34.855647,137.3989
西原町,ニシバラチョウ,NISHIBARACHO,金次,34.853442,137.395455
西本町,ニシホンマチ,NISHIHOMMACHI,,34.823514,137.396823
西豊町一丁目,ニシユタカマチ 1,NISHIYUTAKAMACHI 1,,34.827096,137.398936
西豊町二丁目,ニシユタカマチ 2,NISHIYUTAKAMACHI 2,,34.829396,137.398864
西豊町三丁目,ニシユタカマチ 3,NISHIYUTAKAMACHI 3,,34.830315,137.400697
野口町,ノグチチョウ,NOGUCHICHO,,34.837678,137.352163
野口町,ノグチチョウ,NOGUCHICHO,ツイジ,34.834456,137.353132
野口町,ノグチチョウ,NOGUCHICHO,前野,34.831854,137.355146
野口町,ノグチチョウ,NOGUCHICHO,名飯,34.836068,137.353139
野口町,ノグチチョウ,NOGUCHICHO,国通,34.839985,137.347341
野口町,ノグチチョウ,NOGUCHICHO,宇当,34.84327,137.348375
野口町,ノグチチョウ,NOGUCHICHO,平瀬木,34.83786,137.35105
野口町,ノグチチョウ,NOGUCHICHO,新屋敷,34.832618,137.352119
野口町,ノグチチョウ,NOGUCHICHO,楠,34.84207,137.351471
野口町,ノグチチョウ,NOGUCHICHO,横根,34.846757,137.351328
野口町,ノグチチョウ,NOGUCHICHO,花ノ木,34.839913,137.352844
野口町,ノグチチョウ,NOGUCHICHO,若宮,34.839948,137.351513
野口町,ノグチチョウ,NOGUCHICHO,薬師,34.839287,137.354881
野口町,ノグチチョウ,NOGUCHICHO,西浦,34.838229,137.353049
野口町,ノグチチョウ,NOGUCHICHO,西野,34.836265,137.351995
野口町,ノグチチョウ,NOGUCHICHO,豊角,34.8388,137.350295
野口町,ノグチチョウ,NOGUCHICHO,道下,34.829433,137.355334
野口町,ノグチチョウ,NOGUCHICHO,長万,34.836807,137.355041
野口町,ノグチチョウ,NOGUCHICHO,開津,34.838515,137.355114
萩町,ハギチョウ,HAGICHO,,34.877495,137.330391
萩町,ハギチョウ,HAGICHO,ゲンザウ,34.863455,137.322673
萩町,ハギチョウ,HAGICHO,スカリ,34.869575,137.33586
萩町,ハギチョウ,HAGICHO,ツイジ,34.864143,137.318524
萩町,ハギチョウ,HAGICHO,三反田,34.883836,137.340649
萩町,ハギチョウ,HAGICHO,上大田面,34.869947,137.325013
萩町,ハギチョウ,HAGICHO,上林,34.869317,137.313272
萩町,ハギチョウ,HAGICHO,上森前,34.871596,137.330257
萩町,ハギチョウ,HAGICHO,上近久,34.874205,137.333747
萩町,ハギチョウ,HAGICHO,上長末,34.873278,137.324651
萩町,ハギチョウ,HAGICHO,下坪,34.885214,137.340645
萩町,ハギチョウ,HAGICHO,下大田面,34.86451,137.319902
萩町,ハギチョウ,HAGICHO,下室,34.874782,137.32559
萩町,ハギチョウ,HAGICHO,下林,34.86566,137.315739
萩町,ハギチョウ,HAGICHO,下森前,34.872312,137.328011
萩町,ハギチョウ,HAGICHO,下長末,34.871955,137.325737
萩町,ハギチョウ,HAGICHO,中丸,34.876799,137.336231
萩町,ハギチョウ,HAGICHO,中大田面,34.866521,137.321923
萩町,ハギチョウ,HAGICHO,中屋敷,34.880533,137.326569
萩町,ハギチョウ,HAGICHO,中山,34.863787,137.325343
萩町,ハギチョウ,HAGICHO,中林,34.877497,137.334129
萩町,ハギチョウ,HAGICHO,中猿田,34.872719,137.314828
萩町,ハギチョウ,HAGICHO,丸山,34.874913,137.323895
萩町,ハギチョウ,HAGICHO,二反田,34.875644,137.33345
萩町,ハギチョウ,HAGICHO,井ノ口,34.873242,137.312046
萩町,ハギチョウ,HAGICHO,俗甫,34.88518,137.335249
萩町,ハギチョウ,HAGICHO,倉戸,34.878225,137.335207
萩町,ハギチョウ,HAGICHO,前田,34.871197,137.326741
萩町,ハギチョウ,HAGICHO,前田口,34.878218,137.34168
萩町,ハギチョウ,HAGICHO,千甫地,34.878706,137.341779
萩町,ハギチョウ,HAGICHO,口猿田,34.869637,137.318439
萩町,ハギチョウ,HAGICHO,向山,34.872237,137.320611
萩町,ハギチョウ,HAGICHO,地蔵田,34.881669,137.339713
萩町,ハギチョウ,HAGICHO,堂ノ上,34.875269,137.331034
萩町,ハギチョウ,HAGICHO,塩ノ田,34.876266,137.328096
萩町,ハギチョウ,HAGICHO,大門,34.876209,137.320372
萩町,ハギチョウ,HAGICHO,奥猿田,34.875867,137.315923
萩町,ハギチョウ,HAGICHO,宮前,34.871341,137.313558
萩町,ハギチョウ,HAGICHO,寺前,34.880872,137.338677
萩町,ハギチョウ,HAGICHO,寺山,34.887995,137.337078
萩町,ハギチョウ,HAGICHO,小慶,34.880898,137.337389
萩町,ハギチョウ,HAGICHO,小貝津,34.878794,137.338533
萩町,ハギチョウ,HAGICHO,岩手,34.884757,137.343292
萩町,ハギチョウ,HAGICHO,岩田,34.87388,137.331036
萩町,ハギチョウ,HAGICHO,後田口,34.886188,137.340921
萩町,ハギチョウ,HAGICHO,後田奥,34.890066,137.343539
萩町,ハギチョウ,HAGICHO,新屋,34.877133,137.327552
萩町,ハギチョウ,HAGICHO,東ノ谷,34.880386,137.326918
萩町,ハギチョウ,HAGICHO,松下,34.868037,137.324959
萩町,ハギチョウ,HAGICHO,松葉,34.86938,137.316061
萩町,ハギチョウ,HAGICHO,桑原,34.867448,137.316173
萩町,ハギチョウ,HAGICHO,横山,34.876575,137.351111
萩町,ハギチョウ,HAGICHO,浜井場,34.883488,137.350773
萩町,ハギチョウ,HAGICHO,滝沢,34.872917,137.310899
萩町,ハギチョウ,HAGICHO,牛沢,34.874256,137.310775
萩町,ハギチョウ,HAGICHO,神田,34.877321,137.331328
萩町,ハギチョウ,HAGICHO,羽根,34.86997,137.327757
萩町,ハギチョウ,HAGICHO,西馬場,34.878502,137.324796
萩町,ハギチョウ,HAGICHO,近久,34.872825,137.331641
萩町,ハギチョウ,HAGICHO,雨田,34.873801,137.327387
萩町,ハギチョウ,HAGICHO,馬場,34.877502,137.32607
萩山町一丁目,ハギヤマチョウ 1,HAGIYAMACHO 1,,34.822946,137.369235
萩山町二丁目,ハギヤマチョウ 2,HAGIYAMACHO 2,,34.821299,137.366665
萩山町三丁目,ハギヤマチョウ 3,HAGIYAMACHO 3,,34.823639,137.366749
橋尾町,ハシオチョウ,HASHIOCHO,,34.842505,137.421243
橋尾町,ハシオチョウ,HASHIOCHO,北浦,34.845745,137.423835
橋尾町,ハシオチョウ,HASHIOCHO,小川通,34.844671,137.424567
橋尾町,ハシオチョウ,HASHIOCHO,庵ノ前,34.84019,137.420427
橋尾町,ハシオチョウ,HASHIOCHO,欠下,34.842645,137.419517
橋尾町,ハシオチョウ,HASHIOCHO,郷,34.841456,137.421004
橋尾町,ハシオチョウ,HASHIOCHO,高砂,34.844814,137.435388
花井町,ハナイチョウ,HANAICHO,,34.816168,137.392379
馬場町,ババチョウ,BABACHO,,34.820179,137.402347
馬場町,ババチョウ,BABACHO,上石畑,34.818788,137.399107
馬場町,ババチョウ,BABACHO,宮脇,34.820092,137.403231
馬場町,ババチョウ,BABACHO,弁天前,34.819055,137.400062
馬場町,ババチョウ,BABACHO,御堂前,34.818924,137.40156
馬場町,ババチョウ,BABACHO,松下,34.822854,137.40348
馬場町,ババチョウ,BABACHO,縄手上,34.817957,137.401637
馬場町,ババチョウ,BABACHO,薬師,34.822343,137.405078
馬場町,ババチョウ,BABACHO,郷中,34.82122,137.400804
馬場町,ババチョウ,BABACHO,郷前,34.820011,137.401616
馬場町,ババチョウ,BABACHO,郷東,34.821218,137.403731
東曙町,ヒガシアケボノチョウ,HIGASHIAKEBONOCHO,,34.835533,137.397878
東桜木町,ヒガシサクラギチョウ,HIGASHISAKURAGICHO,,34.829038,137.392821
東豊町一丁目,ヒガシユタカマチ 1,HIGASHIYUTAKAMACHI 1,,34.826035,137.400422
東豊町二丁目,ヒガシユタカマチ 2,HIGASHIYUTAKAMACHI 2,,34.827827,137.401789
東豊町三丁目,ヒガシユタカマチ 3,HIGASHIYUTAKAMACHI 3,,34.827335,137.404346
東豊町四丁目,ヒガシユタカマチ 4,HIGASHIYUTAKAMACHI 4,,34.82963,137.405439
東豊町五丁目,ヒガシユタカマチ 5,HIGASHIYUTAKAMACHI 5,,34.828105,137.40681
平井町,ヒライチョウ,HIRAICHO,,34.791079,137.356508
平井町,ヒライチョウ,HIRAICHO,丈方,34.788359,137.350767
平井町,ヒライチョウ,HIRAICHO,上藤井,34.789153,137.355497
平井町,ヒライチョウ,HIRAICHO,下藤井,34.788404,137.354495
平井町,ヒライチョウ,HIRAICHO,倉狭間,34.788666,137.353472
平井町,ヒライチョウ,HIRAICHO,六反,34.792464,137.358192
平井町,ヒライチョウ,HIRAICHO,坂田前,34.790585,137.355071
平井町,ヒライチョウ,HIRAICHO,坂田後,34.791427,137.35378
平井町,ヒライチョウ,HIRAICHO,堀ノ内,34.795677,137.355971
平井町,ヒライチョウ,HIRAICHO,堺畑,34.789834,137.350121
平井町,ヒライチョウ,HIRAICHO,安原,34.785979,137.350011
平井町,ヒライチョウ,HIRAICHO,安松,34.793983,137.35691
平井町,ヒライチョウ,HIRAICHO,小野田,34.793575,137.355033
平井町,ヒライチョウ,HIRAICHO,山ノ神,34.791504,137.350857
平井町,ヒライチョウ,HIRAICHO,山下,34.78965,137.35285
平井町,ヒライチョウ,HIRAICHO,広見島,34.793567,137.364708
平井町,ヒライチョウ,HIRAICHO,東野地,34.796976,137.355102
平井町,ヒライチョウ,HIRAICHO,水戸田,34.791627,137.35698
平井町,ヒライチョウ,HIRAICHO,神明,34.791863,137.359876
平井町,ヒライチョウ,HIRAICHO,穴瀬,34.793399,137.361992
平井町,ヒライチョウ,HIRAICHO,芳添,34.790035,137.357954
平井町,ヒライチョウ,HIRAICHO,藤ノ木,34.793758,137.352099
平井町,ヒライチョウ,HIRAICHO,西野地,34.7957,137.353586
平尾町,ヒラオチョウ,HIRAOCHO,,34.858439,137.338111
平尾町,ヒラオチョウ,HIRAOCHO,上藤井,34.845274,137.341234
平尾町,ヒラオチョウ,HIRAOCHO,上貝津,34.851142,137.345777
平尾町,ヒラオチョウ,HIRAOCHO,下大坪,34.847822,137.350772
平尾町,ヒラオチョウ,HIRAOCHO,下藤井,34.843889,137.341776
平尾町,ヒラオチョウ,HIRAOCHO,下貝津,34.845119,137.344226
平尾町,ヒラオチョウ,HIRAOCHO,中貝津,34.848055,137.345198
平尾町,ヒラオチョウ,HIRAOCHO,五反田,34.859361,137.330608
平尾町,ヒラオチョウ,HIRAOCHO,井ノ間,34.852939,137.345914
平尾町,ヒラオチョウ,HIRAOCHO,六光寺,34.844859,137.334625
平尾町,ヒラオチョウ,HIRAOCHO,前田,34.856122,137.350723
平尾町,ヒラオチョウ,HIRAOCHO,天神,34.850024,137.341869
平尾町,ヒラオチョウ,HIRAOCHO,天間,34.853864,137.340641
平尾町,ヒラオチョウ,HIRAOCHO,寺貝津,34.855937,137.350037
平尾町,ヒラオチョウ,HIRAOCHO,木崩,34.868731,137.346736
平尾町,ヒラオチョウ,HIRAOCHO,栗穴,34.846302,137.341212
平尾町,ヒラオチョウ,HIRAOCHO,横町,34.847027,137.346464
平尾町,ヒラオチョウ,HIRAOCHO,池ノ入,34.858461,137.340166
平尾町,ヒラオチョウ,HIRAOCHO,深田,34.849136,137.340277
平尾町,ヒラオチョウ,HIRAOCHO,番皿,34.844053,137.33638
平尾町,ヒラオチョウ,HIRAOCHO,神田,34.846019,137.337596
平尾町,ヒラオチョウ,HIRAOCHO,糠川,34.848014,137.32974
平尾町,ヒラオチョウ,HIRAOCHO,親坂,34.85212,137.353808
平尾町,ヒラオチョウ,HIRAOCHO,郷中,34.847964,137.343297
平尾町,ヒラオチョウ,HIRAOCHO,門田,34.851217,137.338323
平尾町,ヒラオチョウ,HIRAOCHO,駒場,34.854212,137.339935
平尾町,ヒラオチョウ,HIRAOCHO,鼠畑,34.853515,137.348551
平尾町,ヒラオチョウ,HIRAOCHO,龍,34.845602,137.346358
二葉町,フタバチョウ,FUTABACHO,,34.828101,137.423727
二葉町,フタバチョウ,FUTABACHO,中荒子,34.829107,137.422434
二葉町,フタバチョウ,FUTABACHO,中西浦,34.826562,137.422422
二葉町,フタバチョウ,FUTABACHO,今岡,34.828284,137.423332
二葉町,フタバチョウ,FUTABACHO,池,34.830903,137.422916
二葉町,フタバチョウ,FUTABACHO,赤根,34.828562,137.420843
二見町,フタミチョウ,FUTAMICHO,,34.818821,137.389088
古宿町,フルジュクチョウ,FURUJUKUCHO,,34.818863,137.39429
古宿町,フルジュクチョウ,FURUJUKUCHO,ウエ地,34.816866,137.395844
古宿町,フルジュクチョウ,FURUJUKUCHO,中通,34.819806,137.394104
古宿町,フルジュクチョウ,FURUJUKUCHO,北浦,34.821256,137.394439
古宿町,フルジュクチョウ,FURUJUKUCHO,市道,34.81767,137.392165
豊栄町,ホウエイチョウ,HOEICHO,,34.831507,137.397634
穂ノ原一丁目,ホノハラ 1,HONOHARA 1,,34.83136,137.380179
穂ノ原二丁目,ホノハラ 2,HONOHARA 2,,34.831291,137.369591
穂ノ原三丁目,ホノハラ 3,HONOHARA 3,,34.836783,137.370908
本野ケ原一丁目,ホンノガハラ 1,HONNOGAHARA 1,,34.83819,137.401964
本野ケ原二丁目,ホンノガハラ 2,HONNOGAHARA 2,,34.837706,137.404355
本野ケ原三丁目,ホンノガハラ 3,HONNOGAHARA 3,,34.837038,137.406329
本野ケ原四丁目,ホンノガハラ 4,HONNOGAHARA 4,,34.840721,137.407034
本野ケ原五丁目,ホンノガハラ 5,HONNOGAHARA 5,,34.839431,137.401937
本野町,ホンノチョウ,HONNOCHO,,34.83789,137.38095
本野町,ホンノチョウ,HONNOCHO,中貝津,34.8359,137.380957
本野町,ホンノチョウ,HONNOCHO,北浦,34.840296,137.380243
本野町,ホンノチョウ,HONNOCHO,北貝津,34.839009,137.381005
本野町,ホンノチョウ,HONNOCHO,東浦,34.838724,137.383272
本野町,ホンノチョウ,HONNOCHO,東野添,34.83505,137.383485
本野町,ホンノチョウ,HONNOCHO,百々,34.837846,137.378171
本野町,ホンノチョウ,HONNOCHO,西浦,34.836422,137.379664
本野町,ホンノチョウ,HONNOCHO,西野添,34.834333,137.378531
牧野町,マキノチョウ,MAKINOCHO,,34.822723,137.410091
牧野町,マキノチョウ,MAKINOCHO,丁畑,34.824985,137.411192
牧野町,マキノチョウ,MAKINOCHO,五反,34.822017,137.408403
牧野町,マキノチョウ,MAKINOCHO,仲畑,34.820987,137.409406
牧野町,マキノチョウ,MAKINOCHO,柳貝津,34.820133,137.407445
牧野町,マキノチョウ,MAKINOCHO,横町,34.823849,137.408523
牧野町,マキノチョウ,MAKINOCHO,茶貝津,34.822391,137.412536
牧野町,マキノチョウ,MAKINOCHO,郷中,34.823367,137.409558
牧野町一丁目,マキノチョウ 1,MAKINOCHO 1,,34.821134,137.405889
牧野町二丁目,マキノチョウ 2,MAKINOCHO 2,,34.825687,137.407559
正岡町,マサオカチョウ,MASAOKACHO,,34.803509,137.388087
正岡町,マサオカチョウ,MASAOKACHO,八反田,34.804898,137.390336
正岡町,マサオカチョウ,MASAOKACHO,南田,34.800823,137.390995
正岡町,マサオカチョウ,MASAOKACHO,後田,34.803375,137.388654
正岡町,マサオカチョウ,MASAOKACHO,池田,34.801473,137.389238
正岡町,マサオカチョウ,MASAOKACHO,流田,34.802139,137.386726
正岡町,マサオカチョウ,MASAOKACHO,縄手越,34.806445,137.387018
正岡町,マサオカチョウ,MASAOKACHO,胡麻田,34.799858,137.388185
正岡町,マサオカチョウ,MASAOKACHO,西深田,34.803515,137.385644
松風町,マツカゼチョウ,MATSUKAZECHO,,34.817505,137.38908
松原町,マツバラチョウ,MATSUBARACHO,,34.859757,137.436129
松原町,マツバラチョウ,MATSUBARACHO,下川原,34.854496,137.435772
松原町,マツバラチョウ,MATSUBARACHO,京田,34.857876,137.434109
松原町,マツバラチョウ,MATSUBARACHO,南貝津,34.856734,137.434507
松原町,マツバラチョウ,MATSUBARACHO,宝川,34.858921,137.432994
松原町,マツバラチョウ,MATSUBARACHO,島川原,34.860115,137.433247
松原町,マツバラチョウ,MATSUBARACHO,近畑,34.856976,137.433219
松原町,マツバラチョウ,MATSUBARACHO,長衛前,34.858178,137.4402
松久町一丁目,マツヒサチョウ 1,MATSUHISACHO 1,,34.820114,137.378349
松久町二丁目,マツヒサチョウ 2,MATSUHISACHO 2,,34.818561,137.378372
三上町,ミカミチョウ,MIKAMICHO,,34.819051,137.429849
三上町,ミカミチョウ,MIKAMICHO,タリ,34.819686,137.428175
三上町,ミカミチョウ,MIKAMICHO,上屋敷,34.820977,137.428068
三上町,ミカミチョウ,MIKAMICHO,上石切,34.824564,137.431066
三上町,ミカミチョウ,MIKAMICHO,下屋敷,34.817636,137.428034
三上町,ミカミチョウ,MIKAMICHO,下川原,34.816489,137.429415
三上町,ミカミチョウ,MIKAMICHO,今川,34.82208,137.423412
三上町,ミカミチョウ,MIKAMICHO,兼帯,34.822739,137.423289
三上町,ミカミチョウ,MIKAMICHO,前川,34.818538,137.429745
三上町,ミカミチョウ,MIKAMICHO,勝山,34.818639,137.437976
三上町,ミカミチョウ,MIKAMICHO,壱本木,34.820124,137.422223
三上町,ミカミチョウ,MIKAMICHO,天神前,34.821608,137.425717
三上町,ミカミチョウ,MIKAMICHO,奥穴,34.82237,137.429659
三上町,ミカミチョウ,MIKAMICHO,寺前,34.82117,137.425126
三上町,ミカミチョウ,MIKAMICHO,小深田,34.825534,137.421664
三上町,ミカミチョウ,MIKAMICHO,山屋敷,34.82594,137.419982
三上町,ミカミチョウ,MIKAMICHO,山東,34.816338,137.437479
三上町,ミカミチョウ,MIKAMICHO,山西,34.816498,137.433378
三上町,ミカミチョウ,MIKAMICHO,弥陀,34.824524,137.421381
三上町,ミカミチョウ,MIKAMICHO,新井,34.820426,137.424765
三上町,ミカミチョウ,MIKAMICHO,新井前,34.818918,137.42567
三上町,ミカミチョウ,MIKAMICHO,本郷,34.823096,137.422526
三上町,ミカミチョウ,MIKAMICHO,札ノ辻,34.823599,137.420252
三上町,ミカミチョウ,MIKAMICHO,札場,34.820024,137.426325
三上町,ミカミチョウ,MIKAMICHO,東畑,34.820576,137.429699
三上町,ミカミチョウ,MIKAMICHO,東高川原,34.821939,137.428076
三上町,ミカミチョウ,MIKAMICHO,権現下,34.818141,137.433499
三上町,ミカミチョウ,MIKAMICHO,水神,34.824835,137.424651
三上町,ミカミチョウ,MIKAMICHO,深田,34.825268,137.418421
三上町,ミカミチョウ,MIKAMICHO,深田久古,34.824729,137.419088
三上町,ミカミチョウ,MIKAMICHO,深田西,34.824366,137.418676
三上町,ミカミチョウ,MIKAMICHO,畑ケ中,34.823344,137.419297
三上町,ミカミチョウ,MIKAMICHO,竹ノ内,34.823885,137.429432
三上町,ミカミチョウ,MIKAMICHO,西六盃,34.821663,137.435741
三上町,ミカミチョウ,MIKAMICHO,西北浦,34.826308,137.421938
三上町,ミカミチョウ,MIKAMICHO,西神子地,34.825079,137.422457
三上町,ミカミチョウ,MIKAMICHO,西高川原,34.823242,137.427876
三上町,ミカミチョウ,MIKAMICHO,野地,34.82227,137.426418
三上町,ミカミチョウ,MIKAMICHO,雨谷口,34.820734,137.42137
美園一丁目,ミソノ 1,MISONO 1,,34.807118,137.34315
美園二丁目,ミソノ 2,MISONO 2,,34.80853,137.347861
美園三丁目,ミソノ 3,MISONO 3,,34.806243,137.348086
御津町赤根,ミトチョウアカネ,MITOCHO AKANE,,34.817667,137.298249
御津町赤根,ミトチョウアカネ,MITOCHO AKANE,下川,34.81419,137.296611
御津町赤根,ミトチョウアカネ,MITOCHO AKANE,仲田,34.822007,137.297716
御津町赤根,ミトチョウアカネ,MITOCHO AKANE,前浜,34.811427,137.299181
御津町赤根,ミトチョウアカネ,MITOCHO AKANE,半郷,34.816421,137.295719
御津町赤根,ミトチョウアカネ,MITOCHO AKANE,宮前,34.818186,137.299096
御津町赤根,ミトチョウアカネ,MITOCHO AKANE,屋敷,34.814217,137.299179
御津町赤根,ミトチョウアカネ,MITOCHO AKANE,山田,34.820461,137.302959
御津町赤根,ミトチョウアカネ,MITOCHO AKANE,松葉,34.817684,137.300737
御津町赤根,ミトチョウアカネ,MITOCHO AKANE,柑子,34.817694,137.302721
御津町赤根,ミトチョウアカネ,MITOCHO AKANE,水神,34.813981,137.300775
御津町赤根,ミトチョウアカネ,MITOCHO AKANE,百々,34.820004,137.300005
御津町赤根,ミトチョウアカネ,MITOCHO AKANE,神場,34.818265,137.307514
御津町赤根,ミトチョウアカネ,MITOCHO AKANE,角田,34.816076,137.299652
御津町安礼の崎,ミトチョウアレノサキ,MITOCHO ARENOSAKI,,34.794181,137.316317
御津町大草,ミトチョウオオクサ,MITOCHO OKUSA,,34.812927,137.302672
御津町大草,ミトチョウオオクサ,MITOCHO OKUSA,上竹,34.813609,137.303
御津町大草,ミトチョウオオクサ,MITOCHO OKUSA,外新田,34.809835,137.304238
御津町大草,ミトチョウオオクサ,MITOCHO OKUSA,大森,34.814276,137.302986
御津町大草,ミトチョウオオクサ,MITOCHO OKUSA,新田,34.810173,137.302359
御津町大草,ミトチョウオオクサ,MITOCHO OKUSA,東郷,34.811622,137.302215
御津町大草,ミトチョウオオクサ,MITOCHO OKUSA,神田,34.81463,137.301711
御津町大草,ミトチョウオオクサ,MITOCHO OKUSA,西浜,34.812201,137.299832
御津町大草,ミトチョウオオクサ,MITOCHO OKUSA,西郷,34.812068,137.301424
御津町御馬,ミトチョウオンマ,MITOCHO OMMA,,34.804819,137.316534
御津町御馬,ミトチョウオンマ,MITOCHO OMMA,中島,34.801346,137.319442
御津町御馬,ミトチョウオンマ,MITOCHO OMMA,仲田,34.805098,137.319532
御津町御馬,ミトチョウオンマ,MITOCHO OMMA,加美,34.810447,137.320529
御津町御馬,ミトチョウオンマ,MITOCHO OMMA,向道,34.805941,137.318837
御津町御馬,ミトチョウオンマ,MITOCHO OMMA,塩入,34.807685,137.313197
御津町御馬,ミトチョウオンマ,MITOCHO OMMA,塩浜,34.80547,137.311195
御津町御馬,ミトチョウオンマ,MITOCHO OMMA,東,34.803527,137.313471
御津町御馬,ミトチョウオンマ,MITOCHO OMMA,梅田,34.799714,137.317029
御津町御馬,ミトチョウオンマ,MITOCHO OMMA,流田,34.802201,137.31874
御津町御馬,ミトチョウオンマ,MITOCHO OMMA,浜田,34.805522,137.313189
御津町御馬,ミトチョウオンマ,MITOCHO OMMA,玉袋,34.811933,137.320755
御津町御馬,ミトチョウオンマ,MITOCHO OMMA,膳田,34.806826,137.320341
御津町御馬,ミトチョウオンマ,MITOCHO OMMA,西,34.807726,137.31547
御津町御馬,ミトチョウオンマ,MITOCHO OMMA,野添,34.809111,137.317453
御津町御馬,ミトチョウオンマ,MITOCHO OMMA,長床,34.808141,137.317505
御津町金野,ミトチョウカネノ,MITOCHO KANENO,,34.842884,137.2831
御津町金野,ミトチョウカネノ,MITOCHO KANENO,ママノ下,34.842507,137.281213
御津町金野,ミトチョウカネノ,MITOCHO KANENO,上野,34.843706,137.273015
御津町金野,ミトチョウカネノ,MITOCHO KANENO,下ノ前,34.842809,137.277921
御津町金野,ミトチョウカネノ,MITOCHO KANENO,中畑,34.843659,137.279099
御津町金野,ミトチョウカネノ,MITOCHO KANENO,五反田,34.838038,137.294447
御津町金野,ミトチョウカネノ,MITOCHO KANENO,山影,34.836533,137.297819
御津町金野,ミトチョウカネノ,MITOCHO KANENO,山本,34.843945,137.275675
御津町金野,ミトチョウカネノ,MITOCHO KANENO,岩本,34.838815,137.292185
御津町金野,ミトチョウカネノ,MITOCHO KANENO,徳寒,34.840447,137.283237
御津町金野,ミトチョウカネノ,MITOCHO KANENO,新砂田,34.834569,137.301018
御津町金野,ミトチョウカネノ,MITOCHO KANENO,東河津,34.841672,137.281157
御津町金野,ミトチョウカネノ,MITOCHO KANENO,桧河津,34.841014,137.279087
御津町金野,ミトチョウカネノ,MITOCHO KANENO,油田,34.84733,137.264771
御津町金野,ミトチョウカネノ,MITOCHO KANENO,深沢,34.840057,137.278061
御津町金野,ミトチョウカネノ,MITOCHO KANENO,深田,34.84036,137.288925
御津町金野,ミトチョウカネノ,MITOCHO KANENO,猿沢,34.843974,137.281089
御津町金野,ミトチョウカネノ,MITOCHO KANENO,石田,34.840553,137.287315
御津町金野,ミトチョウカネノ,MITOCHO KANENO,稲場,34.841795,137.284392
御津町金野,ミトチョウカネノ,MITOCHO KANENO,竹入,34.837043,137.296914
御津町金野,ミトチョウカネノ,MITOCHO KANENO,籠田,34.83681,137.284376
御津町金野,ミトチョウカネノ,MITOCHO KANENO,藤ケ山,34.83878,137.296152
御津町金野,ミトチョウカネノ,MITOCHO KANENO,藤久保,34.841204,137.29211
御津町金野,ミトチョウカネノ,MITOCHO KANENO,袋田,34.839011,137.288234
御津町金野,ミトチョウカネノ,MITOCHO KANENO,西沢,34.840991,137.295366
御津町金野,ミトチョウカネノ,MITOCHO KANENO,見竹,34.837262,137.298101
御津町金野,ミトチョウカネノ,MITOCHO KANENO,観音寺,34.842201,137.285531
御津町金野,ミトチョウカネノ,MITOCHO KANENO,足見,34.835794,137.302344
御津町金野,ミトチョウカネノ,MITOCHO KANENO,郷作,34.836432,137.300917
御津町金野,ミトチョウカネノ,MITOCHO KANENO,長谷沢,34.842198,137.287642
御津町金野,ミトチョウカネノ,MITOCHO KANENO,青木,34.839476,137.299403
御津町上佐脇,ミトチョウカミサワキ,MITOCHO KAMISAWAKI,,34.815471,137.336037
御津町上佐脇,ミトチョウカミサワキ,MITOCHO KAMISAWAKI,中区,34.815472,137.333071
御津町上佐脇,ミトチョウカミサワキ,MITOCHO KAMISAWAKI,六反畑,34.813182,137.334977
御津町上佐脇,ミトチョウカミサワキ,MITOCHO KAMISAWAKI,北区,34.818684,137.336812
御津町上佐脇,ミトチョウカミサワキ,MITOCHO KAMISAWAKI,南区,34.812232,137.337752
御津町上佐脇,ミトチョウカミサワキ,MITOCHO KAMISAWAKI,大郡,34.813642,137.338745
御津町上佐脇,ミトチョウカミサワキ,MITOCHO KAMISAWAKI,屋敷,34.817115,137.334432
御津町上佐脇,ミトチョウカミサワキ,MITOCHO KAMISAWAKI,東区,34.816593,137.339537
御津町上佐脇,ミトチョウカミサワキ,MITOCHO KAMISAWAKI,河原田,34.817706,137.333694
御津町上佐脇,ミトチョウカミサワキ,MITOCHO KAMISAWAKI,深田,34.819957,137.334157
御津町上佐脇,ミトチョウカミサワキ,MITOCHO KAMISAWAKI,犬田,34.818357,137.334842
御津町上佐脇,ミトチョウカミサワキ,MITOCHO KAMISAWAKI,花ノ木,34.816026,137.338633
御津町上佐脇,ミトチョウカミサワキ,MITOCHO KAMISAWAKI,西ノ貝津,34.813985,137.329917
御津町上佐脇,ミトチョウカミサワキ,MITOCHO KAMISAWAKI,西区,34.819054,137.333443
御津町上佐脇,ミトチョウカミサワキ,MITOCHO KAMISAWAKI,観音堂,34.814194,137.33628
御津町上佐脇,ミトチョウカミサワキ,MITOCHO KAMISAWAKI,雨田,34.815026,137.33343
御津町佐脇浜,ミトチョウサワキハマ,MITOCHO SAWAKIHAMA,,34.79009,137.314032
御津町佐脇浜,ミトチョウサワキハマ,MITOCHO SAWAKIHAMA,三号地,34.786627,137.311626
御津町佐脇浜,ミトチョウサワキハマ,MITOCHO SAWAKIHAMA,二号地,34.790063,137.306794
御津町下佐脇,ミトチョウシモサワキ,MITOCHO SHIMOSAWAKI,,34.803156,137.326704
御津町下佐脇,ミトチョウシモサワキ,MITOCHO SHIMOSAWAKI,仲荒,34.796904,137.321741
御津町下佐脇,ミトチョウシモサワキ,MITOCHO SHIMOSAWAKI,佐脇原,34.804647,137.335777
御津町下佐脇,ミトチョウシモサワキ,MITOCHO SHIMOSAWAKI,出口,34.803715,137.329716
御津町下佐脇,ミトチョウシモサワキ,MITOCHO SHIMOSAWAKI,北浦,34.810687,137.326985
御津町下佐脇,ミトチョウシモサワキ,MITOCHO SHIMOSAWAKI,天神,34.803222,137.323131
御津町下佐脇,ミトチョウシモサワキ,MITOCHO SHIMOSAWAKI,宮前,34.808741,137.328685
御津町下佐脇,ミトチョウシモサワキ,MITOCHO SHIMOSAWAKI,宮本,34.80818,137.326989
御津町下佐脇,ミトチョウシモサワキ,MITOCHO SHIMOSAWAKI,市場,34.804194,137.331995
御津町下佐脇,ミトチョウシモサワキ,MITOCHO SHIMOSAWAKI,平次,34.802839,137.328167
御津町下佐脇,ミトチョウシモサワキ,MITOCHO SHIMOSAWAKI,広野,34.80556,137.334677
御津町下佐脇,ミトチョウシモサワキ,MITOCHO SHIMOSAWAKI,引通,34.801357,137.322378
御津町下佐脇,ミトチョウシモサワキ,MITOCHO SHIMOSAWAKI,御所,34.805273,137.324272
御津町下佐脇,ミトチョウシモサワキ,MITOCHO SHIMOSAWAKI,新屋,34.804276,137.327704
御津町下佐脇,ミトチョウシモサワキ,MITOCHO SHIMOSAWAKI,新梅田,34.796469,137.320547
御津町下佐脇,ミトチョウシモサワキ,MITOCHO SHIMOSAWAKI,是願,34.806513,137.331142
御津町下佐脇,ミトチョウシモサワキ,MITOCHO SHIMOSAWAKI,村上,34.806933,137.325332
御津町下佐脇,ミトチョウシモサワキ,MITOCHO SHIMOSAWAKI,梅田,34.79834,137.3203
御津町下佐脇,ミトチョウシモサワキ,MITOCHO SHIMOSAWAKI,洗出,34.794007,137.323192
御津町下佐脇,ミトチョウシモサワキ,MITOCHO SHIMOSAWAKI,玉袋,34.809982,137.322774
御津町下佐脇,ミトチョウシモサワキ,MITOCHO SHIMOSAWAKI,籠畑,34.807148,137.329448
御津町下佐脇,ミトチョウシモサワキ,MITOCHO SHIMOSAWAKI,縄手,34.803639,137.325892
御津町下佐脇,ミトチョウシモサワキ,MITOCHO SHIMOSAWAKI,花ノ木,34.805948,137.329148
御津町下佐脇,ミトチョウシモサワキ,MITOCHO SHIMOSAWAKI,郷中,34.805806,137.327414
御津町下佐脇,ミトチョウシモサワキ,MITOCHO SHIMOSAWAKI,都,34.801754,137.321816
御津町下佐脇,ミトチョウシモサワキ,MITOCHO SHIMOSAWAKI,野先,34.801703,137.332724
御津町下佐脇,ミトチョウシモサワキ,MITOCHO SHIMOSAWAKI,野口,34.801322,137.330494
御津町下佐脇,ミトチョウシモサワキ,MITOCHO SHIMOSAWAKI,鎌田,34.808125,137.323513
御津町新田,ミトチョウシンデン,MITOCHO SHINDEN,,34.795501,137.319229
御津町新田,ミトチョウシンデン,MITOCHO SHINDEN,新砂山,34.797151,137.31794
御津町豊沢,ミトチョウトヨサワ,MITOCHO TOYOSAWA,,34.830397,137.305629
御津町豊沢,ミトチョウトヨサワ,MITOCHO TOYOSAWA,上野山,34.83085,137.309448
御津町豊沢,ミトチョウトヨサワ,MITOCHO TOYOSAWA,久蔵,34.82536,137.307163
御津町豊沢,ミトチョウトヨサワ,MITOCHO TOYOSAWA,入ノ口,34.8302,137.306624
御津町豊沢,ミトチョウトヨサワ,MITOCHO TOYOSAWA,大坪,34.828713,137.307674
御津町豊沢,ミトチョウトヨサワ,MITOCHO TOYOSAWA,大沢,34.827957,137.302786
御津町豊沢,ミトチョウトヨサワ,MITOCHO TOYOSAWA,小山,34.833731,137.303079
御津町豊沢,ミトチョウトヨサワ,MITOCHO TOYOSAWA,川原,34.828984,137.309441
御津町豊沢,ミトチョウトヨサワ,MITOCHO TOYOSAWA,引釣,34.826492,137.305261
御津町豊沢,ミトチョウトヨサワ,MITOCHO TOYOSAWA,後田,34.830004,137.309187
御津町豊沢,ミトチョウトヨサワ,MITOCHO TOYOSAWA,払田,34.822971,137.308639
御津町豊沢,ミトチョウトヨサワ,MITOCHO TOYOSAWA,杉下,34.833521,137.301953
御津町豊沢,ミトチョウトヨサワ,MITOCHO TOYOSAWA,松ノ下,34.832011,137.314334
御津町豊沢,ミトチョウトヨサワ,MITOCHO TOYOSAWA,石堂野,34.830231,137.311882
御津町豊沢,ミトチョウトヨサワ,MITOCHO TOYOSAWA,蔵下,34.827345,137.308135
御津町豊沢,ミトチョウトヨサワ,MITOCHO TOYOSAWA,薬堂,34.829319,137.305108
御津町泙野,ミトチョウナギノ,MITOCHO NAGINO,,34.813146,137.308974
御津町泙野,ミトチョウナギノ,MITOCHO NAGINO,久呂下,34.814504,137.311424
御津町泙野,ミトチョウナギノ,MITOCHO NAGINO,仲ノ坪,34.811746,137.309266
御津町泙野,ミトチョウナギノ,MITOCHO NAGINO,仲田,34.813091,137.310736
御津町泙野,ミトチョウナギノ,MITOCHO NAGINO,六反田,34.812131,137.308078
御津町泙野,ミトチョウナギノ,MITOCHO NAGINO,六角,34.813945,137.309504
御津町泙野,ミトチョウナギノ,MITOCHO NAGINO,堀合,34.811223,137.309709
御津町泙野,ミトチョウナギノ,MITOCHO NAGINO,宮永,34.815462,137.314071
御津町泙野,ミトチョウナギノ,MITOCHO NAGINO,山下,34.815936,137.312427
御津町泙野,ミトチョウナギノ,MITOCHO NAGINO,新屋敷,34.815967,137.308937
御津町泙野,ミトチョウナギノ,MITOCHO NAGINO,村崎,34.810186,137.307894
御津町泙野,ミトチョウナギノ,MITOCHO NAGINO,楠木,34.810271,137.307067
御津町泙野,ミトチョウナギノ,MITOCHO NAGINO,浜新田,34.808855,137.305453
御津町泙野,ミトチョウナギノ,MITOCHO NAGINO,餅田,34.812064,137.306284
御津町泙野,ミトチョウナギノ,MITOCHO NAGINO,高畑,34.81508,137.312177
御津町西方,ミトチョウニシガタ,MITOCHO NISHIGATA,,34.81177,137.315834
御津町西方,ミトチョウニシガタ,MITOCHO NISHIGATA,下浜道,34.807734,137.31178
御津町西方,ミトチョウニシガタ,MITOCHO NISHIGATA,中屋敷,34.810865,137.314665
御津町西方,ミトチョウニシガタ,MITOCHO NISHIGATA,中道,34.813437,137.316824
御津町西方,ミトチョウニシガタ,MITOCHO NISHIGATA,九策,34.810207,137.311439
御津町西方,ミトチョウニシガタ,MITOCHO NISHIGATA,井領田,34.809489,137.312865
御津町西方,ミトチョウニシガタ,MITOCHO NISHIGATA,入浜,34.808479,137.306505
御津町西方,ミトチョウニシガタ,MITOCHO NISHIGATA,宮長,34.813729,137.314153
御津町西方,ミトチョウニシガタ,MITOCHO NISHIGATA,小貝津,34.814144,137.31489
御津町西方,ミトチョウニシガタ,MITOCHO NISHIGATA,常ノ口,34.809125,137.310826
御津町西方,ミトチョウニシガタ,MITOCHO NISHIGATA,広田,34.809209,137.309524
御津町西方,ミトチョウニシガタ,MITOCHO NISHIGATA,揚浜,34.806901,137.308904
御津町西方,ミトチョウニシガタ,MITOCHO NISHIGATA,日暮,34.815885,137.314745
御津町西方,ミトチョウニシガタ,MITOCHO NISHIGATA,松本,34.812234,137.316182
御津町西方,ミトチョウニシガタ,MITOCHO NISHIGATA,梨野,34.812742,137.319285
御津町西方,ミトチョウニシガタ,MITOCHO NISHIGATA,樋田,34.816256,137.316127
御津町西方,ミトチョウニシガタ,MITOCHO NISHIGATA,浜田,34.808002,137.30983
御津町西方,ミトチョウニシガタ,MITOCHO NISHIGATA,源農,34.811073,137.318491
御津町西方,ミトチョウニシガタ,MITOCHO NISHIGATA,狐塚,34.813659,137.31738
御津町西方,ミトチョウニシガタ,MITOCHO NISHIGATA,長田,34.811603,137.312566
御津町広石,ミトチョウヒロイシ,MITOCHO HIROISHI,,34.824125,137.315551
御津町広石,ミトチョウヒロイシ,MITOCHO HIROISHI,五反田,34.820339,137.318126
御津町広石,ミトチョウヒロイシ,MITOCHO HIROISHI,千路,34.826852,137.322038
御津町広石,ミトチョウヒロイシ,MITOCHO HIROISHI,小前,34.827509,137.311569
御津町広石,ミトチョウヒロイシ,MITOCHO HIROISHI,小城前,34.825093,137.316744
御津町広石,ミトチョウヒロイシ,MITOCHO HIROISHI,市場,34.825639,137.321895
御津町広石,ミトチョウヒロイシ,MITOCHO HIROISHI,広国,34.824388,137.313236
御津町広石,ミトチョウヒロイシ,MITOCHO HIROISHI,後畠,34.825269,137.311133
御津町広石,ミトチョウヒロイシ,MITOCHO HIROISHI,御津山,34.818307,137.310331
御津町広石,ミトチョウヒロイシ,MITOCHO HIROISHI,新宮山,34.829097,137.320459
御津町広石,ミトチョウヒロイシ,MITOCHO HIROISHI,日暮,34.819062,137.313973
御津町広石,ミトチョウヒロイシ,MITOCHO HIROISHI,枋ケ坪,34.819653,137.315911
御津町広石,ミトチョウヒロイシ,MITOCHO HIROISHI,横町,34.82196,137.318213
御津町広石,ミトチョウヒロイシ,MITOCHO HIROISHI,永井田,34.826518,137.318828
御津町広石,ミトチョウヒロイシ,MITOCHO HIROISHI,石堂野,34.829532,137.313696
御津町広石,ミトチョウヒロイシ,MITOCHO HIROISHI,祓田,34.822297,137.311873
御津町広石,ミトチョウヒロイシ,MITOCHO HIROISHI,神子田,34.825214,137.314109
御津町広石,ミトチョウヒロイシ,MITOCHO HIROISHI,祢宜田,34.82402,137.320805
御津町広石,ミトチョウヒロイシ,MITOCHO HIROISHI,竹本,34.825719,137.317836
御津町広石,ミトチョウヒロイシ,MITOCHO HIROISHI,船山,34.826457,137.320489
御津町広石,ミトチョウヒロイシ,MITOCHO HIROISHI,船津,34.822826,137.314708
御津町広石,ミトチョウヒロイシ,MITOCHO HIROISHI,蛇塚,34.821651,137.307036
御津町広石,ミトチョウヒロイシ,MITOCHO HIROISHI,越川,34.827027,137.315785
御津町広石,ミトチョウヒロイシ,MITOCHO HIROISHI,金堂,34.824751,137.31762
御津町御幸浜,ミトチョウミユキハマ,MITOCHO MIYUKIHAMA,,34.802984,137.30473
御津町御幸浜,ミトチョウミユキハマ,MITOCHO MIYUKIHAMA,一号地,34.807424,137.303205
緑町,ミドリマチ,MIDORIMACHI,,34.826573,137.389616
南大通二丁目,ミナミオオドオリ 2,MINAMIODORI 2,,34.811365,137.37732
南大通三丁目,ミナミオオドオリ 3,MINAMIODORI 3,,34.813354,137.376243
南大通四丁目,ミナミオオドオリ 4,MINAMIODORI 4,,34.815858,137.37483
南大通五丁目,ミナミオオドオリ 5,MINAMIODORI 5,,34.818783,137.37319
南大通六丁目,ミナミオオドオリ 6,MINAMIODORI 6,,34.821766,137.371788
南千両一丁目,ミナミチギリ 1,MINAMICHIGIRI 1,,34.849326,137.374665
南千両二丁目,ミナミチギリ 2,MINAMICHIGIRI 2,,34.849576,137.372956
三谷原町,ミヤハラチョウ,MIYAHARACHO,,34.820545,137.415061
三谷原町,ミヤハラチョウ,MIYAHARACHO,下西浦,34.817779,137.40713
三谷原町,ミヤハラチョウ,MIYAHARACHO,中畑,34.820571,137.415397
三谷原町,ミヤハラチョウ,MIYAHARACHO,井笹,34.817831,137.412942
三谷原町,ミヤハラチョウ,MIYAHARACHO,北浦,34.81917,137.409048
三谷原町,ミヤハラチョウ,MIYAHARACHO,宮ノ上,34.818986,137.412242
三谷原町,ミヤハラチョウ,MIYAHARACHO,宮東,34.824448,137.415925
三谷原町,ミヤハラチョウ,MIYAHARACHO,新屋西,34.823952,137.415039
三谷原町,ミヤハラチョウ,MIYAHARACHO,村前,34.819055,137.415972
三谷原町,ミヤハラチョウ,MIYAHARACHO,池之上,34.821619,137.41798
三谷原町,ミヤハラチョウ,MIYAHARACHO,石坪,34.823362,137.414805
三谷原町,ミヤハラチョウ,MIYAHARACHO,郷中,34.817772,137.409158
三谷原町,ミヤハラチョウ,MIYAHARACHO,雨谷東,34.821618,137.415089
美幸町一丁目,ミユキチョウ 1,MIYUKICHO 1,,34.834273,137.391469
美幸町二丁目,ミユキチョウ 2,MIYUKICHO 2,,34.834043,137.38867
美和通一丁目,ミワドオリ 1,MIWADORI 1,,34.81628,137.385981
美和通二丁目,ミワドオリ 2,MIWADORI 2,,34.814648,137.383159
美和通三丁目,ミワドオリ 3,MIWADORI 3,,34.812237,137.377818
向河原町,ムコウガワラチョウ,MUKOGAWARACHO,,34.835648,137.422865
向河原町,ムコウガワラチョウ,MUKOGAWARACHO,大柳,34.837023,137.422467
向河原町,ムコウガワラチョウ,MUKOGAWARACHO,田利,34.834806,137.422739
森一丁目,モリ 1,MORI 1,,34.82836,137.327587
森二丁目,モリ 2,MORI 2,,34.826629,137.328635
森三丁目,モリ 3,MORI 3,,34.824143,137.329992
森四丁目,モリ 4,MORI 4,,34.825543,137.333821
森五丁目,モリ 5,MORI 5,,34.82231,137.330321
森六丁目,モリ 6,MORI 6,,34.821021,137.331341
門前町,モンゼンチョウ,MONZENCHO,,34.824229,137.395232
谷川町,ヤガワチョウ,YAGAWACHO,,34.829699,137.410959
谷川町,ヤガワチョウ,YAGAWACHO,中道,34.830207,137.409919
谷川町,ヤガワチョウ,YAGAWACHO,天王,34.831492,137.410478
谷川町,ヤガワチョウ,YAGAWACHO,洗出,34.831334,137.412555
谷川町,ヤガワチョウ,YAGAWACHO,洞,34.828099,137.408894
山道町一丁目,ヤマミチチョウ 1,YAMAMICHICHO 1,,34.818895,137.381401
山道町二丁目,ヤマミチチョウ 2,YAMAMICHICHO 2,,34.817473,137.37967
弥生町一丁目,ヤヨイチョウ 1,YAYOICHO 1,,34.810805,137.376002
弥生町二丁目,ヤヨイチョウ 2,YAYOICHO 2,,34.809715,137.373854
八幡町,ヤワタチョウ,YAWATACHO,,34.836702,137.341627
八幡町,ヤワタチョウ,YAWATACHO,上ノ蔵,34.837605,137.337027
八幡町,ヤワタチョウ,YAWATACHO,上六光寺,34.845829,137.331053
八幡町,ヤワタチョウ,YAWATACHO,上宿,34.838821,137.332782
八幡町,ヤワタチョウ,YAWATACHO,下六光寺,34.842809,137.334064
八幡町,ヤワタチョウ,YAWATACHO,下天王,34.831528,137.346354
八幡町,ヤワタチョウ,YAWATACHO,亀ケ坪,34.834723,137.343103
八幡町,ヤワタチョウ,YAWATACHO,佃,34.833834,137.339847
八幡町,ヤワタチョウ,YAWATACHO,大宝山,34.843257,137.326747
八幡町,ヤワタチョウ,YAWATACHO,大池,34.840942,137.333497
八幡町,ヤワタチョウ,YAWATACHO,天王,34.835104,137.34887
八幡町,ヤワタチョウ,YAWATACHO,宮下,34.839752,137.337568
八幡町,ヤワタチョウ,YAWATACHO,宮前,34.836525,137.33938
八幡町,ヤワタチョウ,YAWATACHO,寺前,34.843318,137.329094
八幡町,ヤワタチョウ,YAWATACHO,小柳,34.837802,137.347763
八幡町,ヤワタチョウ,YAWATACHO,弥五郎,34.831152,137.346968
八幡町,ヤワタチョウ,YAWATACHO,忍地,34.840063,137.344611
八幡町,ヤワタチョウ,YAWATACHO,新堀,34.841574,137.337783
八幡町,ヤワタチョウ,YAWATACHO,本郷,34.837955,137.341053
八幡町,ヤワタチョウ,YAWATACHO,東赤土,34.84094,137.341366
八幡町,ヤワタチョウ,YAWATACHO,横道,34.833407,137.348058
八幡町,ヤワタチョウ,YAWATACHO,沖田,34.82772,137.347917
八幡町,ヤワタチョウ,YAWATACHO,沢渡,34.835585,137.346405
八幡町,ヤワタチョウ,YAWATACHO,竹下,34.837601,137.343937
八幡町,ヤワタチョウ,YAWATACHO,西六光寺,34.842596,137.331977
八幡町,ヤワタチョウ,YAWATACHO,西赤土,34.837352,137.335121
八幡町,ヤワタチョウ,YAWATACHO,足洗,34.833333,137.343666
八幡町,ヤワタチョウ,YAWATACHO,野路,34.82837,137.348199
八幡町,ヤワタチョウ,YAWATACHO,鐘鋳場,34.8303,137.351473
八幡町,ヤワタチョウ,YAWATACHO,黒仏,34.840993,137.330347
豊が丘町,ユタカガオカチョウ,YUTAKAGAOKACHO,,34.83666,137.40859
四ツ谷町一丁目,ヨツヤチョウ 1,YOTSUYACHO 1,,34.819168,137.371685
四ツ谷町二丁目,ヨツヤチョウ 2,YOTSUYACHO 2,,34.818385,137.370545
四ツ谷町三丁目,ヨツヤチョウ 3,YOTSUYACHO 3,,34.817729,137.368586
六角町,ロッカクチョウ,ROKKAKUCHO,,34.850042,137.379173
六角町,ロッカクチョウ,ROKKAKUCHO,前畑,34.84636,137.380062
六角町,ロッカクチョウ,ROKKAKUCHO,北林,34.850243,137.37935
六角町,ロッカクチョウ,ROKKAKUCHO,橋ノ本,34.852506,137.378532
六角町,ロッカクチョウ,ROKKAKUCHO,郷中,34.848171,137.379094
若鳩町,ワカバトチョウ,WAKABATOCHO,,34.827116,137.384385
若宮町,ワカミヤチョウ,WAKAMIYACHO,,34.822789,137.388231
