name,name_kana,name_romaji,nickname,latitude,longitude
下鳥羽下向島町,,,,34.934842,135.738999
下鳥羽中向島町,,,,34.940162,135.739189
下鳥羽南町前町,,,,34.935054,135.740496
京町八丁目横町,,,,34.942111,135.765808
向島大河原,,,,34.917632,135.755161
向島新大河原,,,,34.913602,135.751828
向島新田,,,,34.906961,135.755515
向島柳島,,,,34.914262,135.741788
向島黒坊,,,,34.910396,135.753648
桃山町丸山,,,,34.936826,135.783531
桃山町二ノ丸,,,,34.938029,135.778557
桃山町治部少丸,,,,34.936768,135.775846
桃山町百軒長屋,,,,34.933885,135.782935
横大路下島,,,,34.921008,135.727366
横大路南島,,,,34.918802,135.725709
横大路竜ケ池,,,,34.920572,135.730329
深草スゝハキ町,,,,34.96534,135.769538
深草大亀谷古城山,,,,34.939611,135.783837
深草扇ケ原町,,,,34.961097,135.790539
深草白砂町,,,,34.94892,135.785251
深草秡川町,,,,34.96744,135.769108
深草稲荷山官有地,,,,34.970555,135.776581
深草藪之内町,,,,34.966389,135.772446
納所外島,,,,34.915708,135.723544
醍醐辰己町,,,,34.941905,135.813483
小豆屋町,アズキヤチョウ,AZUKIYACHO,,34.941165,135.76078
阿波橋町,アワバシチョウ,AWABASHICHO,,34.931792,135.755543
石田内里町,イシダウチサトチョウ,ISHIDA UCHISATOCHO,,34.939508,135.807156
石田大受町,イシダオオウケチョウ,ISHIDA OUKECHO,,34.942457,135.806617
石田大山町,イシダオオヤマチョウ,ISHIDA OYAMACHO,,34.938375,135.808763
石田川向,イシダカワムカイ,ISHIDA KAWAMUKAI,,34.94171,135.799533
石田桜木,イシダサクラギ,ISHIDA SAKURAGI,,34.935566,135.800306
石田西ノ坪,イシダニシノツボ,ISHIDA NISHINOTSUBO,,34.937858,135.79975
石田森西,イシダモリニシ,ISHIDA MORINISHI,,34.940197,135.80008
石田森東町,イシダモリヒガシチョウ,ISHIDA MORIHIGASHICHO,,34.940197,135.803976
石田森南町,イシダモリミナミチョウ,ISHIDA MORIMINAMICHO,,34.937719,135.803787
石屋町,イシヤチョウ,ISHIYACHO,,34.939694,135.762717
稲荷山官有地,イナリヤマカンユウチ,INARIYAMAKANYUCHI,,34.969171,135.783712
今町,イママチ,IMAMACHI,,34.935036,135.762151
魚屋町,ウオヤチョウ,UOYACHO,,34.931692,135.763977
越前町,エチゼンチョウ,ECHIZENCHO,,34.943944,135.760207
榎町,エノキチョウ,ENOKICHO,,34.943587,135.758785
恵美酒町,エビスチョウ,EBISUCHO,,34.932964,135.755212
海老屋町,エビヤチョウ,EBIYACHO,,34.94025,135.758065
大阪町,オオサカマチ,OSAKAMACHI,,34.931833,135.762258
大津町,オオツマチ,OTSUMACHI,,34.936848,135.756071
大宮町,オオミヤチョウ,OMIYACHO,,34.939216,135.757793
御駕籠町,オカゴチョウ,OKAGOCHO,,34.937091,135.759745
小栗栖石川町,オグリスイシカワチョウ,OGURISU ISHIKAWACHO,,34.947264,135.793744
小栗栖岩ケ淵町,オグリスイワガフチチョウ,OGURISU IWAGAFUCHICHO,,34.95153,135.807739
小栗栖牛ケ淵町,オグリスウシガフチチョウ,OGURISU USHIGAFUCHICHO,,34.949059,135.806242
小栗栖北後藤町,オグリスキタゴトウチョウ,OGURISU KITAGOTOCHO,,34.947164,135.805733
小栗栖北谷町,オグリスキタダニチョウ,OGURISU KITADANICHO,,34.952562,135.803741
小栗栖小阪町,オグリスコサカチョウ,OGURISU KOSAKACHO,,34.9464,135.802115
小栗栖中山田町,オグリスナカヤマダチョウ,OGURISU NAKAYAMADACHO,,34.943013,135.793264
小栗栖西谷町,オグリスニシダニチョウ,OGURISU NISHIDANICHO,,34.950969,135.801973
小栗栖丸山,オグリスマルヤマ,OGURISU MARUYAMA,,34.951929,135.806657
小栗栖南後藤町,オグリスミナミゴトウチョウ,OGURISU MINAMIGOTOCHO,,34.944812,135.804618
小栗栖宮山,オグリスミヤヤマ,OGURISU MIYAYAMA,,34.946216,135.799932
小栗栖森ケ淵町,オグリスモリガフチチョウ,OGURISU MORIGAFUCHICHO,,34.947635,135.807558
小栗栖森本町,オグリスモリモトチョウ,OGURISU MORIMOTOCHO,,34.943881,135.799846
小栗栖山口町,オグリスヤマグチチョウ,OGURISU YAMAGUCHICHO,,34.949407,135.798312
帯屋町,オビヤチョウ,OBIYACHO,,34.934514,135.755007
表町,オモテマチ,OMOTEMACHI,,34.929538,135.75865
加賀屋町,カガヤチョウ,KAGAYACHO,,34.945227,135.758058
柿木浜町,カキノキハマチョウ,KAKINOKIHAMACHO,,34.927952,135.76301
景勝町,カゲカツチョウ,KAGEKATSUCHO,,34.944147,135.755872
過書町,カショマチ,KASHOMACHI,,34.932991,135.755997
鍛冶屋町,カジヤマチ,KAJIYAMACHI,,34.940316,135.759257
片桐町,カタギリチョウ,KATAGIRICHO,,34.932224,135.766987
片原町,カタハラチョウ,KATAHARACHO,,34.933958,135.757524
上油掛町,カミアブラカケチョウ,KAMIABURAKAKECHO,,34.930783,135.761869
上板橋町,カミイタバシチョウ,KAMIITABASHICHO,,34.942383,135.761904
紙子屋町,カミコヤチョウ,KAMIKOYACHO,,34.94037,135.761267
上神泉苑町,カミシンセンエンチョウ,KAMISHINSENENCHO,,34.944437,135.758366
上中町,カミナカチョウ,KAMINAKACHO,,34.929181,135.757826
雁金町,カリガネチョウ,KARIGANECHO,,34.945879,135.758471
川東町,カワヒガシチョウ,KAWAHIGASHICHO,,34.937838,135.754456
革屋町,カワヤチョウ,KAWAYACHO,,34.934482,135.755722
観音寺町,カンノンジチョウ,KANNONJICHO,,34.933332,135.765696
菊屋町,キクヤチョウ,KIKUYACHO,,34.942392,135.757977
北尼崎町,キタアマガサキチョウ,KITAAMAGASAKICHO,,34.93946,135.758567
北寝小屋町,キタネコヤチョウ,KITANEKOYACHO,,34.939557,135.749788
北端町,キタハタチョウ,KITAHATACHO,,34.944856,135.752933
北浜町,キタハマチョウ,KITAHAMACHO,,34.929776,135.757066
京橋町,キョウバシチョウ,KYOBASHICHO,,34.930643,135.758689
京町一丁目,キョウマチ 1,KYOMACHI 1,,34.928568,135.764762
京町十丁目,キョウマチ 10,KYOMACHI 10,,34.944247,135.765365
京町二丁目,キョウマチ 2,KYOMACHI 2,,34.930763,135.764734
京町三丁目,キョウマチ 3,KYOMACHI 3,,34.932358,135.764962
京町四丁目,キョウマチ 4,KYOMACHI 4,,34.93362,135.764797
京町五丁目,キョウマチ 5,KYOMACHI 5,,34.935807,135.764661
京町六丁目,キョウマチ 6,KYOMACHI 6,,34.936955,135.764966
京町九丁目,キョウマチ 9,KYOMACHI 9,,34.942701,135.765099
京町北七丁目,キョウマチキタ 7,KYOMACHIKITA 7,,34.939195,135.764897
京町北八丁目,キョウマチキタ 8,KYOMACHIKITA 8,,34.941588,135.765059
京町大黒町,キョウマチダイコクチョウ,KYOMACHIDAIKOKUCHO,,34.934746,135.764778
京町南七丁目,キョウマチミナミ 7,KYOMACHIMINAMI 7,,34.938146,135.764869
京町南八丁目,キョウマチミナミ 8,KYOMACHIMINAMI 8,,34.940378,135.764919
銀座町一丁目,ギンザチョウ 1,GINZACHO 1,,34.933601,135.763925
銀座町二丁目,ギンザチョウ 2,GINZACHO 2,,34.934699,135.764001
銀座町三丁目,ギンザチョウ 3,GINZACHO 3,,34.935835,135.764031
銀座町四丁目,ギンザチョウ 4,GINZACHO 4,,34.936967,135.764068
久米町,クメチョウ,KUMECHO,,34.939055,135.757005
車町,クルママチ,KURUMAMACHI,,34.930808,135.759461
黒茶屋町,クロチャヤチョウ,KUROCHAYACHO,,34.943842,135.759465
久我東町,コガアズマチョウ,KOGA AZUMACHO,,34.936328,135.730418
久我石原町,コガイシハラチョウ,KOGA ISHIHARACHO,,34.948394,135.728628
久我御旅町,コガオタビチョウ,KOGA OTABICHO,,34.942812,135.731093
久我西出町,コガニシデチョウ,KOGA NISHIDECHO,,34.938537,135.721352
久我本町,コガホンマチ,KOGA HOMMACHI,,34.945491,135.729677
久我森の宮町,コガモリノミヤチョウ,KOGA MORINOMIYACHO,,34.937412,135.727766
紺屋町,コンヤマチ,KONYAMACHI,,34.935919,135.760007
御香宮門前町,ゴコウグウモンゼンチョウ,GOKOGUMONZENCHO,,34.933821,135.767405
指物町,サシモノチョウ,SASHIMONOCHO,,34.938557,135.76253
讃岐町,サヌキチョウ,SANUKICHO,,34.931601,135.765421
塩屋町,シオヤマチ,SHIOYAMACHI,,34.930779,135.760395
島津町,シマヅチョウ,SHIMAZUCHO,,34.936157,135.752625
清水町,シミズチョウ,SHIMIZUCHO,,34.941141,135.760065
下油掛町,シモアブラカケチョウ,SHIMOABURAKAKECHO,,34.931523,135.759063
下板橋町,シモイタバシチョウ,SHIMOITABASHICHO,,34.938384,135.760802
下神泉苑町,シモシンセンエンチョウ,SHIMOSHINSENENCHO,,34.943397,135.758065
下鳥羽長田町,シモトバオサダチョウ,SHIMOTOBA OSADACHO,,34.939641,135.743658
下鳥羽上三栖町,シモトバカミミスチョウ,SHIMOTOBA KAMIMISUCHO,,34.932512,135.746936
下鳥羽上向島町,シモトバカミムカイジマチョウ,SHIMOTOBA KAMIMUKAIJIMACHO,,34.94168,135.740732
下鳥羽北円面田町,シモトバキタエンメンデンチョウ,SHIMOTOBA KITAEMMENDENCHO,,34.934077,135.742664
下鳥羽北三町,シモトバキタサンチョウ,SHIMOTOBA KITASANCHO,,34.937373,135.741962
下鳥羽北ノ口町,シモトバキタノクチチョウ,SHIMOTOBA KITANOKUCHICHO,,34.941456,135.747361
下鳥羽小柳町,シモトバコヤナギチョウ,SHIMOTOBA KOYANAGICHO,,34.93422,135.748171
下鳥羽城ノ越町,シモトバシロノコシチョウ,SHIMOTOBA SHIRONOKOSHICHO,,34.942328,135.744359
下鳥羽浄春ケ前町,シモトバジョウシュンガマエチョウ,SHIMOTOBA JOSHUNGAMAECHO,,34.934208,135.750367
下鳥羽芹川町,シモトバセリカワチョウ,SHIMOTOBA SERIKAWACHO,,34.946015,135.757158
下鳥羽但馬町,シモトバタジマチョウ,SHIMOTOBA TAJIMACHO,,34.931884,135.749516
下鳥羽中円面田町,シモトバナカエンメンデンチョウ,SHIMOTOBA NAKAEMMENDENCHO,,34.932848,135.742098
下鳥羽中三町,シモトバナカサンチョウ,SHIMOTOBA NAKASANCHO,,34.935132,135.741502
下鳥羽西芹川町,シモトバニシセリカワチョウ,SHIMOTOBA NISHISERIKAWACHO,,34.942755,135.747216
下鳥羽西柳長町,シモトバニシヤナギオサチョウ,SHIMOTOBA NISHIYANAGIOSACHO,,34.937219,135.742988
下鳥羽東芹川町,シモトバヒガシセリカワチョウ,SHIMOTOBA HIGASHISERIKAWACHO,,34.941946,135.750331
下鳥羽東柳長町,シモトバヒガシヤナギオサチョウ,SHIMOTOBA HIGASHIYANAGIOSACHO,,34.937184,135.744342
下鳥羽平塚町,シモトバヒラツカチョウ,SHIMOTOBA HIRATSUKACHO,,34.937041,135.746147
下鳥羽広長町,シモトバヒロオサチョウ,SHIMOTOBA HIROSACHO,,34.932384,135.744568
下鳥羽前田町,シモトバマエダチョウ,SHIMOTOBA MAEDACHO,,34.941851,135.742897
下鳥羽南円面田町,シモトバミナミエンメンデンチョウ,SHIMOTOBA MINAMIEMMENDENCHO,,34.931575,135.740459
下鳥羽南三町,シモトバミナミサンチョウ,SHIMOTOBA MINAMISANCHO,,34.932834,135.740132
下鳥羽南柳長町,シモトバミナミヤナギオサチョウ,SHIMOTOBA MINAMIYANAGIOSACHO,,34.934779,135.743613
下鳥羽南六反長町,シモトバミナミロクタンナガチョウ,SHIMOTOBA MINAMIROKUTANNAGACHO,,34.931938,135.751557
下鳥羽葭田町,シモトバヨシデンチョウ,SHIMOTOBA YOSHIDENCHO,,34.937157,135.748154
下鳥羽澱女町,シモトバヨドメチョウ,SHIMOTOBA YODOMECHO,,34.934818,135.745967
下鳥羽六反長町,シモトバロクタンナガチョウ,SHIMOTOBA ROKUTANNAGACHO,,34.933513,135.752608
下鳥羽渡瀬町,シモトバワタリセチョウ,SHIMOTOBA WATARISECHO,,34.939671,135.746586
下中町,シモナカチョウ,SHIMONAKACHO,,34.929185,135.756511
撞木町,シュモクマチ,SHUMOKUMACHI,,34.945793,135.764857
白銀町,シロガネチョウ,SHIROGANECHO,,34.941286,135.758622
新中町,シンナカチョウ,SHINNAKACHO,,34.928243,135.757352
新町一丁目,シンマチ 1,SHIMMACHI 1,,34.928964,135.763267
新町十丁目,シンマチ 10,SHIMMACHI 10,,34.939246,135.763387
新町十一丁目,シンマチ 11,SHIMMACHI 11,,34.940658,135.763122
新町十二丁目,シンマチ 12,SHIMMACHI 12,,34.941563,135.763157
新町十三丁目,シンマチ 13,SHIMMACHI 13,,34.942871,135.763536
新町十四丁目,シンマチ 14,SHIMMACHI 14,,34.944103,135.763828
新町二丁目,シンマチ 2,SHIMMACHI 2,,34.930251,135.763251
新町三丁目,シンマチ 3,SHIMMACHI 3,,34.931179,135.763134
新町四丁目,シンマチ 4,SHIMMACHI 4,,34.932321,135.763203
新町五丁目,シンマチ 5,SHIMMACHI 5,,34.933572,135.763224
新町六丁目,シンマチ 6,SHIMMACHI 6,,34.934627,135.76309
新町七丁目,シンマチ 7,SHIMMACHI 7,,34.935829,135.763096
新町八丁目,シンマチ 8,SHIMMACHI 8,,34.936955,135.7633
新町九丁目,シンマチ 9,SHIMMACHI 9,,34.938133,135.763288
治部町,ジブチョウ,JIBUCHO,,34.938896,135.752724
聚楽町,ジュラクマチ,JURAKUMACHI,,34.937704,135.756746
聚楽町一丁目,ジュラクマチ 1,JURAKUMACHI 1,,34.937794,135.756144
聚楽町二丁目,ジュラクマチ 2,JURAKUMACHI 2,,34.939153,135.756412
城通町,ジョウドオリチョウ,JODORICHO,,34.937671,135.757377
周防町,スオウチョウ,SUOCHO,,34.931919,135.757922
杉本町,スギモトチョウ,SUGIMOTOCHO,,34.931022,135.754655
墨染町,スミゾメチョウ,SUMIZOMECHO,,34.947835,135.767989
住吉町,スミヨシチョウ,SUMIYOSHICHO,,34.943923,135.762159
瀬戸物町,セトモノチョウ,SETOMONOCHO,,34.934098,135.761936
鷹匠町,タカジョウチョウ,TAKAJOCHO,,34.936387,135.76093
竹田青池町,タケダアオイケチョウ,TAKEDA AOIKECHO,,34.956513,135.749368
竹田内畑町,タケダウチハタチョウ,TAKEDA UCHIHATACHO,,34.952849,135.757486
竹田桶ノ井町,タケダオケノイチョウ,TAKEDA OKENOICHO,,34.955924,135.757184
竹田狩賀町,タケダカルガチョウ,TAKEDA KARUGACHO,,34.946785,135.756204
竹田北三ツ杭町,タケダキタミツグイチョウ,TAKEDA KITAMITSUGUICHO,,34.959422,135.758784
竹田久保町,タケダクボチョウ,TAKEDA KUBOCHO,,34.962979,135.76099
竹田浄菩提院町,タケダジョウボダイインチョウ,TAKEDA JOBODAIINCHO,,34.951747,135.754165
竹田田中殿町,タケダタナカデンチョウ,TAKEDA TANAKADENCHO,,34.954013,135.747949
竹田田中宮町,タケダタナカミヤチョウ,TAKEDA TANAKAMIYACHO,,34.94925,135.753735
竹田醍醐田町,タケダダイゴデンチョウ,TAKEDA DAIGODENCHO,,34.949731,135.756746
竹田段川原町,タケダダンガワラチョウ,TAKEDA DANGAWARACHO,,34.959133,135.757155
竹田鳥羽殿町,タケダトバドノチョウ,TAKEDA TOBADONOCHO,,34.947355,135.750771
竹田中内畑町,タケダナカウチハタチョウ,TAKEDA NAKAUCHIHATACHO,,34.95342,135.754195
竹田中川原町,タケダナカガワラチョウ,TAKEDA NAKAGAWARACHO,,34.958921,135.760382
竹田中島町,タケダナカジマチョウ,TAKEDA NAKAJIMACHO,,34.961878,135.757485
竹田七瀬川町,タケダナナセガワチョウ,TAKEDA NANASEGAWACHO,,34.953248,135.759696
竹田西内畑町,タケダニシウチハタチョウ,TAKEDA NISHIUCHIHATACHO,,34.954132,135.751028
竹田西桶ノ井町,タケダニシオケノイチョウ,TAKEDA NISHIOKENOICHO,,34.955227,135.755185
竹田西小屋ノ内町,タケダニシコヤノウチチョウ,TAKEDA NISHIKOYANOCHICHO,,34.952418,135.746877
竹田西段川原町,タケダニシダンガワラチョウ,TAKEDA NISHIDANGAWARACHO,,34.958806,135.754488
竹田東小屋ノ内町,タケダヒガシコヤノウチチョウ,TAKEDA HIGASHIKOYANOCHICHO,,34.951839,135.749823
竹田泓ノ川町,タケダフケノガワチョウ,TAKEDA FUKENOGAWACHO,,34.94504,135.748392
竹田松林町,タケダマツバヤシチョウ,TAKEDA MATSUBAYASHICHO,,34.944889,135.750847
竹田真幡木町,タケダマハタギチョウ,TAKEDA MAHATAGICHO,,34.95536,135.753263
竹田三ツ杭町,タケダミツグイチョウ,TAKEDA MITSUGUICHO,,34.955998,135.758578
竹田向代町,タケダムカイシロチョウ,TAKEDA MUKAISHIROCHO,,34.964442,135.754978
竹田向代町川町,タケダムカイシロチョウカワマチ,TAKEDA MUKAISHIROCHOKAWAMACHI,,34.964051,135.752718
竹田流池町,タケダリュウチチョウ,TAKEDA RYUCHICHO,,34.961586,135.75417
竹田藁屋町,タケダワラヤチョウ,TAKEDA WARAYACHO,,34.947175,135.753619
竹中町,タケナカチョウ,TAKENAKACHO,,34.936555,135.762338
樽屋町,タルヤチョウ,TARUYACHO,,34.9413,135.757931
丹後町,タンゴチョウ,TANGOCHO,,34.929606,135.762618
丹波橋町,タンババシチョウ,TAMBABASHICHO,,34.940283,135.759822
醍醐合場町,ダイゴアイバチョウ,DAIGO AIBACHO,,34.942763,135.811869
醍醐赤間南裏町,ダイゴアカマミナミウラチョウ,DAIGO AKAMAMINAMIURACHO,,34.952956,135.821509
醍醐池田町,ダイゴイケダチョウ,DAIGO IKEDACHO,,34.946586,135.80918
醍醐和泉町,ダイゴイズミチョウ,DAIGO IZUMICHO,,34.948311,135.815709
醍醐一言寺裏町,ダイゴイチゴンジウラチョウ,DAIGO ICHIGONJIURACHO,,34.943512,135.817803
醍醐一ノ切町,ダイゴイチノキリチョウ,DAIGO ICHINOKIRICHO,,34.953699,135.867522
醍醐上ノ山町,ダイゴウエノヤマチョウ,DAIGO UENOYAMACHO,,34.956622,135.81439
醍醐内ケ井戸,ダイゴウチガイド,DAIGO UCHIGAIDO,,34.963678,135.824191
醍醐江奈志町,ダイゴエナシチョウ,DAIGO ENASHICHO,,34.944585,135.80908
醍醐大構町,ダイゴオオカマエチョウ,DAIGO OKAMAECHO,,34.948236,135.809541
醍醐大高町,ダイゴオオタカチョウ,DAIGO OTAKACHO,,34.95876,135.82239
醍醐大畑町,ダイゴオオハタチョウ,DAIGO OHATACHO,,34.961615,135.823772
醍醐落保町,ダイゴオチボチョウ,DAIGO OCHIBOCHO,,34.948328,135.818411
醍醐折戸町,ダイゴオリドチョウ,DAIGO ORIDOCHO,,34.951366,135.809196
醍醐柿原町,ダイゴカキハラチョウ,DAIGO KAKIHARACHO,,34.96117,135.822224
醍醐鍵尾町,ダイゴカギオチョウ,DAIGO KAGIOCHO,,34.945534,135.809045
醍醐柏森町,ダイゴカシワモリチョウ,DAIGO KASHIWAMORICHO,,34.942812,135.816705
醍醐片山町,ダイゴカタヤマチョウ,DAIGO KATAYAMACHO,,34.956777,135.82218
醍醐構口町,ダイゴカマエグチチョウ,DAIGO KAMAEGUCHICHO,,34.944205,135.813805
醍醐上端山町,ダイゴカミハヤマチョウ,DAIGO KAMIHAYAMACHO,,34.946299,135.823178
醍醐上山口町,ダイゴカミヤマグチチョウ,DAIGO KAMIYAMAGUCHICHO,,34.941136,135.817385
醍醐上山田,ダイゴカミヤマダ,DAIGO KAMIYAMADA,,34.964204,135.826429
醍醐烏橋町,ダイゴカラスバシチョウ,DAIGO KARASUBASHICHO,,34.956496,135.819872
醍醐川久保町,ダイゴカワクボチョウ,DAIGO KAWAKUBOCHO,,34.954575,135.811898
醍醐伽藍町,ダイゴガランチョウ,DAIGO GARANCHO,,34.950975,135.823014
醍醐岸ノ上町,ダイゴキシノウエチョウ,DAIGO KISHINOECHO,,34.943191,135.815048
醍醐北伽藍町,ダイゴキタガランチョウ,DAIGO KITAGARANCHO,,34.95223,135.824686
醍醐北西裏町,ダイゴキタニシウラチョウ,DAIGO KITANISHIURACHO,,34.951959,135.812964
醍醐北端山,ダイゴキタハヤマ,DAIGO KITAHAYAMA,,34.958934,135.83251
醍醐京道町,ダイゴキョウミチチョウ,DAIGO KYOMICHICHO,,34.95896,135.818117
醍醐切レ戸町,ダイゴキレドチョウ,DAIGO KIREDOCHO,,34.956706,135.817413
醍醐御所ノ内,ダイゴゴショノウチ,DAIGO GOSHONOCHI,,34.96368,135.822154
醍醐御霊ケ下町,ダイゴゴリョウガシタチョウ,DAIGO GORYOGASHITACHO,,34.948327,135.812507
醍醐御陵西裏町,ダイゴゴリョウニシウラチョウ,DAIGO GORYONISHIURACHO,,34.955016,135.819921
醍醐御陵東裏町,ダイゴゴリョウヒガシウラチョウ,DAIGO GORYOHIGASHIURACHO,,34.954981,135.821807
醍醐三ノ切,ダイゴサンノキリ,DAIGO SANNOKIRI,,34.948908,135.874876
醍醐下端山町,ダイゴシモハヤマチョウ,DAIGO SHIMOHAYAMACHO,,34.94693,135.818859
醍醐下山口町,ダイゴシモヤマグチチョウ,DAIGO SHIMOYAMAGUCHICHO,,34.942159,135.814501
醍醐勝口町,ダイゴショウクチチョウ,DAIGO SHOKUCHICHO,,34.944961,135.818639
醍醐新開,ダイゴシンカイ,DAIGO SHINKAI,,34.943604,135.809096
醍醐新町裏町,ダイゴシンマチウラマチ,DAIGO SHIMMACHIURAMACHI,,34.955637,135.817073
醍醐外山街道町,ダイゴソトヤマカイドウチョウ,DAIGO SOTOYAMAKAIDOCHO,,34.939343,135.813869
醍醐高畑町,ダイゴタカハタチョウ,DAIGO TAKAHATACHO,,34.95078,135.811137
醍醐多近田町,ダイゴタコンダチョウ,DAIGO TAKONDACHO,,34.944605,135.811966
醍醐醍醐山,ダイゴダイゴヤマ,DAIGO DAIGOYAMA,,34.940548,135.841312
醍醐陀羅谷,ダイゴダラタニ,DAIGO DARATANI,,34.958209,135.851809
醍醐僧尊坊町,ダイゴドドンボウチョウ,DAIGO DODOMBOCHO,,34.946664,135.81204
醍醐中山町,ダイゴナカヤマチョウ,DAIGO NAKAYAMACHO,,34.953397,135.815594
醍醐西大路町,ダイゴニシオオジチョウ,DAIGO NISHIOJICHO,,34.9508,135.815541
醍醐二ノ切町,ダイゴニノキリチョウ,DAIGO NINOKIRICHO,,34.950558,135.874057
醍醐狭間,ダイゴハザマ,DAIGO HAZAMA,,34.963833,135.820699
醍醐東合場町,ダイゴヒガシアイバチョウ,DAIGO HIGASHIAIBACHO,,34.941105,135.811928
醍醐東大路町,ダイゴヒガシオオジチョウ,DAIGO HIGASHIOJICHO,,34.951528,135.819095
醍醐平松町,ダイゴヒラマツチョウ,DAIGO HIRAMATSUCHO,,34.954059,135.813597
醍醐古道町,ダイゴフルミチチョウ,DAIGO FURUMICHICHO,,34.958769,135.820008
醍醐槇ノ内町,ダイゴマキノウチチョウ,DAIGO MAKINOCHICHO,,34.945625,135.816609
醍醐廻り戸町,ダイゴマワリドチョウ,DAIGO MAWARIDOCHO,,34.960948,135.820539
醍醐御園尾町,ダイゴミソノオチョウ,DAIGO MISONOCHO,,34.946207,135.81382
醍醐南里町,ダイゴミナミサトチョウ,DAIGO MINAMISATOCHO,,34.946187,135.815409
醍醐南西裏町,ダイゴミナミニシウラチョウ,DAIGO MINAMINISHIURACHO,,34.945706,135.812073
醍醐南端山町,ダイゴミナミハヤマチョウ,DAIGO MINAMIHAYAMACHO,,34.940546,135.827646
醍醐山ケ鼻,ダイゴヤマガハナ,DAIGO YAMAGAHANA,,34.962387,135.822651
醍醐連蔵,ダイゴレンゾウ,DAIGO RENZO,,34.962024,135.820357
弾正町,ダンジョウチョウ,DANJOCHO,,34.927679,135.765353
津知橋町,ツチバシチョウ,TSUCHIBASHICHO,,34.944655,135.761123
問屋町,トイヤマチ,TOIYAMACHI,,34.93586,135.755936
等安町,トウアンチョウ,TOANCHO,,34.942344,135.759339
桃陵町,トウリョウチョウ,TORYOCHO,,34.928815,135.766533
常盤町,トキワチョウ,TOKIWACHO,,34.930662,135.767949
鳥羽町,トバマチ,TOBAMACHI,,34.94529,135.757399
道阿弥町,ドウアミチョウ,DOAMICHO,,34.932368,135.765952
土橋町,ドバシチョウ,DOBASHICHO,,34.936712,135.757823
中油掛町,ナカアブラカケチョウ,NAKAABURAKAKECHO,,34.931384,135.760397
中島秋ノ山町,ナカジマアキノヤマチョウ,NAKAJIMA AKINOYAMACHO,,34.951781,135.744341
中島河原田町,ナカジマカワラデンチョウ,NAKAJIMA KAWARADENCHO,,34.947297,135.74183
中島北ノ口町,ナカジマキタノクチチョウ,NAKAJIMA KITANOKUCHICHO,,34.949527,135.750915
中島御所ノ内町,ナカジマゴショノウチチョウ,NAKAJIMA GOSHONOCHICHO,,34.949647,135.744112
中島外山町,ナカジマソトヤマチョウ,NAKAJIMA SOTOYAMACHO,,34.945295,135.746416
中島鳥羽離宮町,ナカジマトバリキュウチョウ,NAKAJIMA TOBARIKYUCHO,,34.950218,135.747029
中島中道町,ナカジマナカミチチョウ,NAKAJIMA NAKAMICHICHO,,34.94752,135.746492
中島樋ノ上町,ナカジマヒノカミチョウ,NAKAJIMA HINOKAMICHO,,34.945211,135.744311
中島堀端町,ナカジマホリバタチョウ,NAKAJIMA HORIBATACHO,,34.947439,135.748581
中島前山町,ナカジママエヤマチョウ,NAKAJIMA MAEYAMACHO,,34.947589,135.744235
中島宮ノ前町,ナカジマミヤノマエチョウ,NAKAJIMA MIYANOMAECHO,,34.94924,135.748213
中島流作町,ナカジマリュウサクチョウ,NAKAJIMA RYUSAKUCHO,,34.952079,135.742747
中之町,ナカノチョウ,NAKANOCHO,,34.94306,135.762026
鍋島町,ナベシマチョウ,NABESHIMACHO,,34.932113,135.768112
納屋町,ナヤマチ,NAYAMACHI,,34.932273,135.759585
奈良屋町,ナラヤチョウ,NARAYACHO,,34.945318,135.76177
成町,ナルマチ,NARUMACHI,,34.939213,135.755763
南部町,ナンブマチ,NAMBUMACHI,,34.934108,135.7609
西尼崎町,ニシアマガサキチョウ,NISHIAMAGASAKICHO,,34.935727,135.755214
西大手町,ニシオオテチョウ,NISHIOTECHO,,34.933053,135.758411
西鍵屋町,ニシカギヤチョウ,NISHIKAGIYACHO,,34.943887,135.760757
西堺町,ニシサカイマチ,NISHISAKAIMACHI,,34.936895,135.755293
西朱雀町,ニシシュジャクチョウ,NISHISHUJAKUCHO,,34.942053,135.758667
西大黒町,ニシダイコクチョウ,NISHIDAIKOKUCHO,,34.940734,135.757351
西大文字町,ニシダイモンジチョウ,NISHIDAIMONJICHO,,34.93489,135.754331
西浜町,ニシハマチョウ,NISHIHAMACHO,,34.928097,135.756332
西奉行町,ニシブギョウチョウ,NISHIBUGYOCHO,,34.930686,135.766355
西桝屋町,ニシマスヤチョウ,NISHIMASUYACHO,,34.947566,135.766329
西町,ニシマチ,NISHIMACHI,,34.935241,135.758261
西柳町,ニシヤナギチョウ,NISHIYANAGICHO,,34.929046,135.759504
納所和泉屋,ノウソイズミヤ,NOSO IZUMIYA,,34.911985,135.724249
納所大野,ノウソオオノ,NOSO ONO,,34.9125,135.728039
納所岸ノ下,ノウソキシノシタ,NOSO KISHINOSHITA,,34.9145,135.724977
納所北城堀,ノウソキタシロボリ,NOSO KITASHIROBORI,,34.911366,135.720525
納所下野,ノウソシモノ,NOSO SHIMONO,,34.909671,135.728619
納所町,ノウソチョウ,NOSOCHO,,34.909949,135.717789
納所中河原,ノウソナカガワラ,NOSO NAKAGAWARA,,34.913507,135.724045
納所星柳,ノウソホシヤナギ,NOSO HOSHIYANAGI,,34.910952,135.722831
納所南城堀,ノウソミナミシロボリ,NOSO MINAMISHIROBORI,,34.909144,135.720372
納所妙徳寺,ノウソミョウトクジ,NOSO MYOTOKUJI,,34.909425,135.718883
納所薬師堂,ノウソヤクシドウ,NOSO YAKUSHIDO,,34.909143,135.721847
羽束師鴨川町,ハヅカシカモガワチョウ,HAZUKASHI KAMOGAWACHO,,34.933929,135.73411
羽束師志水町,ハヅカシシミズチョウ,HAZUKASHI SHIMIZUCHO,,34.930369,135.726219
羽束師菱川町,ハヅカシヒシカワチョウ,HAZUKASHI HISHIKAWACHO,,34.932496,135.719617
羽束師古川町,ハヅカシフルカワチョウ,HAZUKASHI FURUKAWACHO,,34.925011,135.722886
東大手町,ヒガシオオテチョウ,HIGASHIOTECHO,,34.933006,135.761852
東組町,ヒガシクミチョウ,HIGASHIKUMICHO,,34.93525,135.760887
東堺町,ヒガシサカイマチ,HIGASHISAKAIMACHI,,34.937663,135.758453
東朱雀町,ヒガシシュジャクチョウ,HIGASHISHUJAKUCHO,,34.941261,135.759322
東大黒町,ヒガシダイコクチョウ,HIGASHIDAIKOKUCHO,,34.940287,135.757695
東大文字町,ヒガシダイモンジチョウ,HIGASHIDAIMONJICHO,,34.940276,135.758638
東浜南町,ヒガシハマミナミチョウ,HIGASHIHAMAMINAMICHO,,34.92816,135.758489
東菱屋町,ヒガシヒシヤチョウ,HIGASHIHISHIYACHO,,34.935422,135.756903
東奉行町,ヒガシブギョウチョウ,HIGASHIBUGYOCHO,,34.930596,135.767306
東町,ヒガシマチ,HIGASHIMACHI,,34.9353,135.75965
東柳町,ヒガシヤナギチョウ,HIGASHIYANAGICHO,,34.929002,135.760542
肥後町,ヒゴマチ,HIGOMACHI,,34.936081,135.758025
菱屋町,ヒシヤチョウ,HISHIYACHO,,34.945006,135.75946
日野岡西町,ヒノオカニシチョウ,HINO OKANISHICHO,,34.933089,135.81417
日野奥出,ヒノオクデ,HINO OKUDE,,34.929699,135.816461
日野北川頬,ヒノキタカワヅラ,HINO KITAKAWAZURA,,34.935791,135.820379
日野北山,ヒノキタヤマ,HINO KITAYAMA,,34.935793,135.827055
日野慈悲町,ヒノジヒチョウ,HINO JIHICHO,,34.935107,135.8178
日野田頬町,ヒノタヅラチョウ,HINO TAZURACHO,,34.93291,135.81325
日野田中町,ヒノタナカチョウ,HINO TANAKACHO,,34.938629,135.812352
日野谷田町,ヒノタニダチョウ,HINO TANIDACHO,,34.930544,135.819933
日野谷寺町,ヒノタニデラチョウ,HINO TANIDERACHO,,34.939123,135.816821
日野西川頬,ヒノニシカワヅラ,HINO NISHIKAWAZURA,,34.937862,135.81104
日野西大道町,ヒノニシダイドウチョウ,HINO NISHIDAIDOCHO,,34.93369,135.815294
日野西風呂町,ヒノニシフロチョウ,HINO NISHIFUROCHO,,34.935502,135.8135
日野野色町,ヒノノイロチョウ,HINO NOIROCHO,,34.929812,135.814866
日野畑出町,ヒノハタデチョウ,HINO HATADECHO,,34.934042,135.817513
日野林,ヒノハヤシ,HINO HAYASHI,,34.937295,135.817115
日野馬場出町,ヒノバンバテチョウ,HINO BAMBATECHO,,34.937119,135.813814
日野不動講町,ヒノフドウコウチョウ,HINO FUDOKOCHO,,34.936624,135.815719
日野船尾,ヒノフナオ,HINO FUNAO,,34.933946,135.822487
日野南山,ヒノミナミヤマ,HINO MINAMIYAMA,,34.930609,135.826932
平戸町,ヒラドチョウ,HIRADOCHO,,34.926441,135.766269
平野町,ヒラノチョウ,HIRANOCHO,,34.932401,135.760651
深草相深町,フカクサアイフカチョウ,FUKAKUSA AIFUKACHO,,34.972465,135.76902
深草鐙ケ谷町,フカクサアブミガタニチョウ,FUKAKUSA ABUMIGATANICHO,,34.948447,135.789363
深草池ノ内町,フカクサイケノウチチョウ,FUKAKUSA IKENOCHICHO,,34.954582,135.764944
深草石橋町,フカクサイシバシチョウ,FUKAKUSA ISHIBASHICHO,,34.948201,135.771469
深草飯食町,フカクサイジキチョウ,FUKAKUSA IJIKICHO,,34.955636,135.768839
深草飯食山町,フカクサイジキヤマチョウ,FUKAKUSA IJIKIYAMACHO,,34.959638,135.787531
深草一ノ坪町,フカクサイチノツボチョウ,FUKAKUSA ICHINOTSUBOCHO,,34.968404,135.769013
深草稲荷榎木橋町,フカクサイナリエノキバシチョウ,FUKAKUSA INARIENOKIBASHICHO,,34.969461,135.770933
深草稲荷御前町,フカクサイナリオンマエチョウ,FUKAKUSA INARIOMMAECHO,,34.966944,135.770944
深草稲荷鳥居前町,フカクサイナリトリイマエチョウ,FUKAKUSA INARITORIIMAECHO,,34.966501,135.769554
深草稲荷中之町,フカクサイナリナカノチョウ,FUKAKUSA INARINAKANOCHO,,34.96846,135.770928
深草今在家町,フカクサイマザイケチョウ,FUKAKUSA IMAZAIKECHO,,34.965404,135.766886
深草馬谷町,フカクサウマタニチョウ,FUKAKUSA UMATANICHO,,34.956122,135.786885
深草越後屋敷町,フカクサエチゴヤシキチョウ,FUKAKUSA ECHIGOYASHIKICHO,,34.950337,135.764437
深草大亀谷安信町,フカクサオオカメダニアンシンチョウ,FUKAKUSAOKAMEDANI ANSHINCHO,,34.94001,135.784627
深草大亀谷岩山町,フカクサオオカメダニイワヤマチョウ,FUKAKUSAOKAMEDANI IWAYAMACHO,,34.941329,135.787953
深草大亀谷大谷町,フカクサオオカメダニオオタニチョウ,FUKAKUSAOKAMEDANI OTANICHO,,34.949073,135.780767
深草大亀谷大山町,フカクサオオカメダニオオヤマチョウ,FUKAKUSAOKAMEDANI OYAMACHO,,34.946859,135.778345
深草大亀谷金森出雲町,フカクサオオカメダニカナモリイズモチョウ,FUKAKUSAOKAMEDANI KANAMORIIZUMOCHO,,34.944555,135.770973
深草大亀谷五郎太町,フカクサオオカメダニゴロウタチョウ,FUKAKUSAOKAMEDANI GOROTACHO,,34.941997,135.776879
深草大亀谷敦賀町,フカクサオオカメダニツルガチョウ,FUKAKUSAOKAMEDANI TSURUGACHO,,34.943511,135.783927
深草大亀谷内膳町,フカクサオオカメダニナイゼンチョウ,FUKAKUSAOKAMEDANI NAIZENCHO,,34.945757,135.772724
深草大亀谷西久宝寺町,フカクサオオカメダニニシキュウホウジチョウ,FUKAKUSAOKAMEDANI NISHIKYUHOJICHO,,34.953478,135.776865
深草大亀谷西寺町,フカクサオオカメダニニシデラチョウ,FUKAKUSAOKAMEDANI NISHIDERACHO,,34.95026,135.775459
深草大亀谷東安信町,フカクサオオカメダニヒガシアンシンチョウ,FUKAKUSAOKAMEDANI HIGASHIANSHINCHO,,34.940693,135.785529
深草大亀谷東久宝寺町,フカクサオオカメダニヒガシキュウホウジチョウ,FUKAKUSAOKAMEDANI HIGASHIKYUHOJICHO,,34.952656,135.779129
深草大亀谷東寺町,フカクサオオカメダニヒガシデラチョウ,FUKAKUSAOKAMEDANI HIGASHIDERACHO,,34.949371,135.777953
深草大亀谷東古御香町,フカクサオオカメダニヒガシフルゴコウチョウ,FUKAKUSAOKAMEDANI HIGASHIFURUGOKOCH,,34.944277,135.787114
深草大亀谷古御香町,フカクサオオカメダニフルゴコウチョウ,FUKAKUSAOKAMEDANI FURUGOKOCHO,,34.944605,135.784939
深草大亀谷万帖敷町,フカクサオオカメダニマンジョウジキチョウ,FUKAKUSAOKAMEDANI MANJOJIKICHO,,34.944204,135.779325
深草大亀谷八島町,フカクサオオカメダニヤシマチョウ,FUKAKUSAOKAMEDANI YASHIMACHO,,34.947692,135.773672
深草大亀谷六躰町,フカクサオオカメダニロクタイチョウ,FUKAKUSAOKAMEDANI ROKUTAICHO,,34.944985,135.774328
深草大島屋敷町,フカクサオオシマヤシキチョウ,FUKAKUSA OSHIMAYASHIKICHO,,34.94924,135.766254
深草ヲカヤ町,フカクサオカヤチョウ,FUKAKUSA OKAYACHO,,34.964286,135.763747
深草開土口町,フカクサカイドグチチョウ,FUKAKUSA KAIDOGUCHICHO,,34.969225,135.775608
深草開土町,フカクサカイドチョウ,FUKAKUSA KAIDOCHO,,34.96942,135.772557
深草加賀屋敷町,フカクサカガヤシキチョウ,FUKAKUSA KAGAYASHIKICHO,,34.948821,135.757495
深草兜山町,フカクサカブトヤマチョウ,FUKAKUSA KABUTOYAMACHO,,34.945808,135.78909
深草上横縄町,フカクサカミヨコナワチョウ,FUKAKUSA KAMIYOKONAWACHO,,34.97051,135.769242
深草枯木町,フカクサカレキチョウ,FUKAKUSA KAREKICHO,,34.954759,135.773604
深草川久保町,フカクサカワクボチョウ,FUKAKUSA KAWAKUBOCHO,,34.965715,135.763884
深草瓦町,フカクサカワラマチ,FUKAKUSA KAWARAMACHI,,34.957688,135.778534
深草勧進橋町,フカクサカンジンバシチョウ,FUKAKUSA KANJIMBASHICHO,,34.968861,135.761749
深草願成町,フカクサガンショウチョウ,FUKAKUSA GANSHOCHO,,34.971211,135.774139
深草北鍵屋町,フカクサキタカギヤチョウ,FUKAKUSA KITAKAGIYACHO,,34.949583,135.767333
深草北新町,フカクサキタシンマチ,FUKAKUSA KITASHIMMACHI,,34.948696,135.769743
深草北蓮池町,フカクサキタハスイケチョウ,FUKAKUSA KITAHASUIKECHO,,34.951701,135.767938
深草キトロ町,フカクサキトロチョウ,FUKAKUSA KITOROCHO,,34.958418,135.769457
深草霧ケ谷町,フカクサキリガタニチョウ,FUKAKUSA KIRIGATANICHO,,34.952189,135.788898
深草鞍ケ谷,フカクサクラガタニ,FUKAKUSA KURAGATANI,,34.95559,135.78296
深草車阪町,フカクサクルマザカチョウ,FUKAKUSA KURUMAZAKACHO,,34.975381,135.77704
深草ケナサ町,フカクサケナサチョウ,FUKAKUSA KENASACHO,,34.963808,135.769552
深草小久保町,フカクサコクボチョウ,FUKAKUSA KOKUBOCHO,,34.95231,135.762062
深草紺屋町,フカクサコンヤチョウ,FUKAKUSA KONYACHO,,34.945311,135.763017
深草極楽寺町,フカクサゴクラクジチョウ,FUKAKUSA GOKURAKUJICHO,,34.962187,135.77298
深草極楽寺山町,フカクサゴクラクジヤマチョウ,FUKAKUSA GOKURAKUJIYAMACHO,,34.964593,135.789109
深草極楽町,フカクサゴクラクチョウ,FUKAKUSA GOKURAKUCHO,,34.955699,135.770176
深草五反田町,フカクサゴタンダチョウ,FUKAKUSA GOTANDACHO,,34.956644,135.764847
深草笹山町,フカクサササヤマチョウ,FUKAKUSA SASAYAMACHO,,34.966679,135.777637
深草佐野屋敷町,フカクササノヤシキチョウ,FUKAKUSA SANOYASHIKICHO,,34.947283,135.765309
深草柴田屋敷町,フカクサシバタヤシキチョウ,FUKAKUSA SHIBATAYASHIKICHO,,34.947368,135.761913
深草下川原町,フカクサシモガワラチョウ,FUKAKUSA SHIMOGAWARACHO,,34.96759,135.763085
深草下高松町,フカクサシモタカマツチョウ,FUKAKUSA SHIMOTAKAMATSUCHO,,34.972877,135.769339
深草下横縄町,フカクサシモヨコナワチョウ,FUKAKUSA SHIMOYOKONAWACHO,,34.969499,135.769468
深草正覚町,フカクサショウカクチョウ,FUKAKUSA SHOKAKUCHO,,34.972538,135.772282
深草真宗院山町,フカクサシンジュウインヤマチョウ,FUKAKUSA SHINJUINYAMACHO,,34.960237,135.778418
深草神明講谷町,フカクサシンメイコウダニチョウ,FUKAKUSA SHIMMEIKODANICHO,,34.957818,135.789617
深草新門丈町,フカクサシンモンジョウチョウ,FUKAKUSA SHIMMONJOCHO,,34.950162,135.761006
深草十九軒町,フカクサジュウキュウケンチョウ,FUKAKUSA JUKYUKENCHO,,34.951479,135.769692
深草直違橋十丁目,フカクサスジカイバシ 10,FUKAKUSASUJIKAIBASHI 10,,34.964296,135.771083
深草直違橋十一丁目,フカクサスジカイバシ 11,FUKAKUSASUJIKAIBASHI 11,,34.965484,135.770929
深草直違橋二丁目,フカクサスジカイバシ 2,FUKAKUSASUJIKAIBASHI 2,,34.954825,135.770825
深草直違橋三丁目,フカクサスジカイバシ 3,FUKAKUSASUJIKAIBASHI 3,,34.956197,135.771233
深草直違橋四丁目,フカクサスジカイバシ 4,FUKAKUSASUJIKAIBASHI 4,,34.957452,135.771354
深草直違橋五丁目,フカクサスジカイバシ 5,FUKAKUSASUJIKAIBASHI 5,,34.958511,135.771186
深草直違橋六丁目,フカクサスジカイバシ 6,FUKAKUSASUJIKAIBASHI 6,,34.959732,135.771178
深草直違橋七丁目,フカクサスジカイバシ 7,FUKAKUSASUJIKAIBASHI 7,,34.960804,135.771185
深草直違橋八丁目,フカクサスジカイバシ 8,FUKAKUSASUJIKAIBASHI 8,,34.961905,135.771148
深草直違橋九丁目,フカクサスジカイバシ 9,FUKAKUSASUJIKAIBASHI 9,,34.963148,135.771099
深草直違橋片町,フカクサスジカイバシカタマチ,FUKAKUSASUJIKAIBASHI KATAMACHI,,34.951527,135.770933
深草直違橋北一丁目,フカクサスジカイバシキタ 1,FUKAKUSASUJIKAIBASHIKITA 1,,34.95372,135.770798
深草直違橋南一丁目,フカクサスジカイバシミナミ 1,FUKAKUSASUJIKAIBASHIMINAMI 1,,34.952951,135.770259
深草鈴塚町,フカクサスズツカチョウ,FUKAKUSA SUZUTSUKACHO,,34.969642,135.766465
深草砂子谷町,フカクサスナコダニチョウ,FUKAKUSA SUNAKODANICHO,,34.951417,135.785008
深草墨染町,フカクサスミゾメチョウ,FUKAKUSA SUMIZOMECHO,,34.946455,135.768058
深草石峰寺山町,フカクサセキホウジヤマチョウ,FUKAKUSA SEKIHOJIYAMACHO,,34.964863,135.77653
深草関屋敷町,フカクサセキヤシキチョウ,FUKAKUSA SEKIYASHIKICHO,,34.951466,135.766967
深草仙石屋敷町,フカクサセンゴクヤシキチョウ,FUKAKUSA SENGOKUYASHIKICHO,,34.952649,135.765238
深草善導寺町,フカクサゼンドウジチョウ,FUKAKUSA ZENDOJICHO,,34.946154,135.759594
深草僧坊町,フカクサソウボウチョウ,FUKAKUSA SOBOCHO,,34.958286,135.776058
深草僧坊山町,フカクサソウボウヤマチョウ,FUKAKUSA SOBOYAMACHO,,34.962474,135.782807
深草谷口町,フカクサタニグチチョウ,FUKAKUSA TANIGUCHICHO,,34.951884,135.781917
深草田谷町,フカクサタヤチョウ,FUKAKUSA TAYACHO,,34.958706,135.773151
深草大門町,フカクサダイモンチョウ,FUKAKUSA DAIMONCHO,,34.965056,135.772755
深草町通町,フカクサチョウドオリチョウ,FUKAKUSA CHODORICHO,,34.960602,135.769495
深草塚本町,フカクサツカモトチョウ,FUKAKUSA TSUKAMOTOCHO,,34.963897,135.766662
深草寺内町,フカクサテラウチチョウ,FUKAKUSA TERAUCHICHO,,34.953735,135.76878
深草出羽屋敷町,フカクサデワヤシキチョウ,FUKAKUSA DEWAYASHIKICHO,,34.94707,135.763859
深草東軸町,フカクサトウジクチョウ,FUKAKUSA TOJIKUCHO,,34.952026,135.786781
深草砥粉山町,フカクサトノコヤマチョウ,FUKAKUSA TONOKOYAMACHO,,34.961405,135.78538
深草鳥居崎町,フカクサトリイザキチョウ,FUKAKUSA TORIIZAKICHO,,34.950337,135.771401
深草中川原町,フカクサナカガワラチョウ,FUKAKUSA NAKAGAWARACHO,,34.972093,135.766579
深草中ノ郷山町,フカクサナカノゴウヤマチョウ,FUKAKUSA NAKANOGOYAMACHO,,34.958899,135.783156
深草中ノ島町,フカクサナカノシマチョウ,FUKAKUSA NAKANOSHIMACHO,,34.946247,135.770605
深草七瀬川町,フカクサナナセガワチョウ,FUKAKUSA NANASEGAWACHO,,34.952917,135.76778
深草南明町,フカクサナンメイチョウ,FUKAKUSA NAMMEICHO,,34.972963,135.77569
深草西飯食町,フカクサニシイジキチョウ,FUKAKUSA NISHIIJIKICHO,,34.955171,135.767892
深草西浦町一丁目,フカクサニシウラチョウ 1,FUKAKUSA NISHIURACHO 1,,34.961678,135.762624
深草西浦町二丁目,フカクサニシウラチョウ 2,FUKAKUSA NISHIURACHO 2,,34.961663,135.764528
深草西浦町三丁目,フカクサニシウラチョウ 3,FUKAKUSA NISHIURACHO 3,,34.961334,135.766158
深草西浦町四丁目,フカクサニシウラチョウ 4,FUKAKUSA NISHIURACHO 4,,34.961352,135.767561
深草西浦町五丁目,フカクサニシウラチョウ 5,FUKAKUSA NISHIURACHO 5,,34.958266,135.76721
深草西浦町六丁目,フカクサニシウラチョウ 6,FUKAKUSA NISHIURACHO 6,,34.958243,135.765483
深草西浦町七丁目,フカクサニシウラチョウ 7,FUKAKUSA NISHIURACHO 7,,34.958871,135.764195
深草西浦町八丁目,フカクサニシウラチョウ 8,FUKAKUSA NISHIURACHO 8,,34.958433,135.762042
深草西川原町,フカクサニシガワラチョウ,FUKAKUSA NISHIGAWARACHO,,34.971552,135.764663
深草西伊達町,フカクサニシダテチョウ,FUKAKUSA NISHIDATECHO,,34.956332,135.773636
深草西出町,フカクサニシデチョウ,FUKAKUSA NISHIDECHO,,34.960424,135.772912
深草西出山町,フカクサニシデヤマチョウ,FUKAKUSA NISHIDEYAMACHO,,34.962699,135.777961
深草野田町,フカクサノダチョウ,FUKAKUSA NODACHO,,34.959643,135.769487
深草野手町,フカクサノデチョウ,FUKAKUSA NODECHO,,34.963635,135.772728
深草東瓦町,フカクサヒガシガワラマチ,FUKAKUSA HIGASHIGAWARAMACHI,,34.957915,135.780615
深草東伊達町,フカクサヒガシダテチョウ,FUKAKUSA HIGASHIDATECHO,,34.955485,135.778023
深草平田町,フカクサヒラタチョウ,FUKAKUSA HIRATACHO,,34.96763,135.76524
深草フケノ内町,フカクサフケノウチチョウ,FUKAKUSA FUKENOCHICHO,,34.968075,135.767235
深草泓ノ壺町,フカクサフケノツボチョウ,FUKAKUSA FUKENOTSUBOCHO,,34.948592,135.759764
深草藤田坪町,フカクサフジタノツボチョウ,FUKAKUSA FUJITANOTSUBOCHO,,34.972063,135.767376
深草藤森玄蕃町,フカクサフジノモリゲンバチョウ,FUKAKUSA FUJINOMORIGEMBACHO,,34.950281,135.769664
深草藤森町,フカクサフジノモリチョウ,FUKAKUSA FUJINOMORICHO,,34.950616,135.773299
深草フチ町,フカクサフチチョウ,FUKAKUSA FUCHICHO,,34.954593,135.761525
深草宝塔寺山町,フカクサホウトウジヤマチョウ,FUKAKUSA HOTOJIYAMACHO,,34.962795,135.775561
深草堀田町,フカクサホツタチョウ,FUKAKUSA HOTSUTACHO,,34.957284,135.76944
深草本寺山町,フカクサホンジヤマチョウ,FUKAKUSA HONJIYAMACHO,,34.975321,135.774993
深草坊町,フカクサボウチョウ,FUKAKUSA BOCHO,,34.960549,135.77552
深草坊山町,フカクサボウヤマチョウ,FUKAKUSA BOYAMACHO,,34.963574,135.781884
深草南蓮池町,フカクサミナミハスイケチョウ,FUKAKUSA MINAMIHASUIKECHO,,34.950779,135.767686
深草宮谷町,フカクサミヤタニチョウ,FUKAKUSA MIYATANICHO,,34.948885,135.782221
深草向ケ原町,フカクサムカイガハラチョウ,FUKAKUSA MUKAIGAHARACHO,,34.95278,135.791245
深草向川原町,フカクサムカイガワラチョウ,FUKAKUSA MUKAIGAWARACHO,,34.965795,135.759577
深草向畑町,フカクサムカイハタチョウ,FUKAKUSA MUKAIHATACHO,,34.95358,135.773814
深草森吉町,フカクサモリヨシチョウ,FUKAKUSA MORIYOSHICHO,,34.971423,135.769126
深草山村町,フカクサヤマムラチョウ,FUKAKUSA YAMAMURACHO,,34.948641,135.767034
深草芳永町,フカクサヨシナガチョウ,FUKAKUSA YOSHINAGACHO,,34.949209,135.768397
深草芳本町,フカクサヨシモトチョウ,FUKAKUSA YOSHIMOTOCHO,,34.948933,135.769
深草六反田町,フカクサロクタンダチョウ,FUKAKUSA ROKUTANDACHO,,34.970632,135.766428
深草綿森町,フカクサワタモリチョウ,FUKAKUSA WATAMORICHO,,34.962078,135.769483
風呂屋町,フロヤマチ,FUROYAMACHI,,34.934042,135.759972
奉行前町,ブギョウマエチョウ,BUGYOMAECHO,,34.930548,135.765436
舞台町,ブタイチョウ,BUTAICHO,,34.94114,135.755628
豊後橋町,ブンゴバシチョウ,BUNGOBASHICHO,,34.928042,135.768196
伯耆町,ホウキチョウ,HOKICHO,,34.932172,135.761164
堀詰町,ホリヅメチョウ,HORIZUMECHO,,34.941497,135.761786
桝形町,マスガタチョウ,MASUGATACHO,,34.93907,135.759411
桝屋町,マスヤチョウ,MASUYACHO,,34.942373,135.760115
松屋町,マツヤチョウ,MATSUYACHO,,34.937921,135.755371
三栖町一丁目,ミスチョウ 1,MISUCHO 1,,34.929778,135.75542
三栖町二丁目,ミスチョウ 2,MISUCHO 2,,34.928159,135.755486
三栖町三丁目,ミスチョウ 3,MISUCHO 3,,34.926417,135.755386
三栖町四丁目,ミスチョウ 4,MISUCHO 4,,34.92486,135.755453
三栖町五丁目,ミスチョウ 5,MISUCHO 5,,34.922487,135.755489
三栖半町,ミスハンチョウ,MISUHANCHO,,34.930502,135.755934
三栖向町,ミスムコウチョウ,MISUMUKOCHO,,34.92715,135.757527
御堂前町,ミドウマエチョウ,MIDOMAECHO,,34.932423,135.762305
南尼崎町,ミナミアマガサキチョウ,MINAMIAMAGASAKICHO,,34.938735,135.758377
南新地,ミナミシンチ,MINAMISHINCHI,,34.927427,135.759923
南寝小屋町,ミナミネコヤチョウ,MINAMINEKOYACHO,,34.937157,135.750422
南浜町,ミナミハマチョウ,MINAMIHAMACHO,,34.930319,135.760132
向島上五反田,ムカイジマカミゴタンダ,MUKAIJIMA KAMIGOTANDA,,34.910849,135.742092
向島上林町,ムカイジマカンバヤシチョウ,MUKAIJIMA KAMBAYASHICHO,,34.919718,135.761293
向島庚申町,ムカイジマコウシンチョウ,MUKAIJIMA KOSHINCHO,,34.924914,135.772973
向島清水町,ムカイジマシミズチョウ,MUKAIJIMA SHIMIZUCHO,,34.919325,135.785846
向島下五反田,ムカイジマシモゴタンダ,MUKAIJIMA SHIMOGOTANDA,,34.908038,135.738638
向島下之町,ムカイジマシモノチョウ,MUKAIJIMA SHIMONOCHO,,34.9239,135.768066
向島新上林,ムカイジマシンカンバヤシ,MUKAIJIMA SHINKAMBAYASHI,,34.915892,135.760468
向島吹田河原町,ムカイジマスイタガワラチョウ,MUKAIJIMA SUITAGAWARACHO,,34.92534,135.777132
向島善阿弥町,ムカイジマゼンアミチョウ,MUKAIJIMA ZENAMICHO,,34.925345,135.770577
向島鷹場町,ムカイジマタカバチョウ,MUKAIJIMA TAKABACHO,,34.920879,135.783406
向島立河原町,ムカイジマタテガワラチョウ,MUKAIJIMA TATEGAWARACHO,,34.925081,135.774848
向島大黒,ムカイジマダイコク,MUKAIJIMA DAIKOKU,,34.915948,135.748216
向島津田町,ムカイジマツダチョウ,MUKAIJIMA TSUDACHO,,34.921068,135.765522
向島東泉寺町,ムカイジマトウセンジチョウ,MUKAIJIMA TOSENJICHO,,34.924732,135.778988
向島中島町,ムカイジマナカジマチョウ,MUKAIJIMA NAKAJIMACHO,,34.921969,135.768523
向島中之町,ムカイジマナカノチョウ,MUKAIJIMA NAKANOCHO,,34.925076,135.768042
向島西定請,ムカイジマニシジョウウケ,MUKAIJIMA NISHIJOUKE,,34.911726,135.764433
向島西堤町,ムカイジマニシツツミチョウ,MUKAIJIMA NISHITSUTSUMICHO,,34.924553,135.766766
向島二ノ丸町,ムカイジマニノマルチョウ,MUKAIJIMA NINOMARUCHO,,34.918136,135.772752
向島二本柳,ムカイジマニホンヤナギ,MUKAIJIMA NIHONYANAGI,,34.91313,135.760178
向島橋詰町,ムカイジマハシヅメチョウ,MUKAIJIMA HASHIZUMECHO,,34.926298,135.769231
向島東定請,ムカイジマヒガシジョウウケ,MUKAIJIMA HIGASHIJOUKE,,34.916508,135.766145
向島藤ノ木町,ムカイジマフジノキチョウ,MUKAIJIMA FUJINOKICHO,,34.922641,135.781628
向島本丸町,ムカイジマホンマルチョウ,MUKAIJIMA HOMMARUCHO,,34.923295,135.770475
向島又兵衛,ムカイジママタベエ,MUKAIJIMA MATABEE,,34.905506,135.728845
向島丸町,ムカイジママルマチ,MUKAIJIMA MARUMACHI,,34.921099,135.77645
向島四ツ谷池,ムカイジマヨツヤイケ,MUKAIJIMA YOTSUYAIKE,,34.919179,135.775603
向島渡シ場町,ムカイジマワタシバチョウ,MUKAIJIMA WATASHIBACHO,,34.917793,135.787927
村上町,ムラカミチョウ,MURAKAMICHO,,34.931489,135.756648
毛利町,モウリチョウ,MORICHO,,34.94192,135.752871
本材木町,モトザイモクチョウ,MOTOZAIMOKUCHO,,34.929016,135.761763
桃山井伊掃部西町,モモヤマイイカモンニシマチ,MOMOYAMA IIKAMONNISHIMACHI,,34.940943,135.765822
桃山井伊掃部東町,モモヤマイイカモンヒガシマチ,MOMOYAMA IIKAMONHIGASHIMACHI,,34.940921,135.767271
桃山紅雪町,モモヤマコウセツチョウ,MOMOYAMA KOSETSUCHO,,34.938126,135.787401
桃山筑前台町,モモヤマチクゼンダイマチ,MOMOYAMA CHIKUZENDAIMACHI,,34.934153,135.77042
桃山町安芸山,モモヤマチョウアキヤマ,MOMOYAMACHO AKIYAMA,,34.938529,135.789884
桃山町伊賀,モモヤマチョウイガ,MOMOYAMACHO IGA,,34.931007,135.77807
桃山町和泉,モモヤマチョウイズミ,MOMOYAMACHO IZUMI,,34.932458,135.787248
桃山町板倉周防,モモヤマチョウイタクラスオウ,MOMOYAMACHO ITAKURASUO,,34.933097,135.777681
桃山町因幡,モモヤマチョウイナバ,MOMOYAMACHO INABA,,34.9323,135.791227
桃山町伊庭,モモヤマチョウイバ,MOMOYAMACHO IBA,,34.935096,135.786247
桃山町大蔵,モモヤマチョウオオクラ,MOMOYAMACHO OKURA,,34.940215,135.778754
桃山町大島,モモヤマチョウオオシマ,MOMOYAMACHO OSHIMA,,34.925826,135.790256
桃山町大津町,モモヤマチョウオオツマチ,MOMOYAMACHO OTSUMACHI,,34.934059,135.789085
桃山町金井戸島,モモヤマチョウカナイドジマ,MOMOYAMACHO KANAIDOJIMA,,34.925721,135.757551
桃山町金森出雲,モモヤマチョウカナモリイズモ,MOMOYAMACHO KANAMORIIZUMO,,34.934258,135.76627
桃山町古城山,モモヤマチョウコジョウザン,MOMOYAMACHO KOJOZAN,,34.937873,135.781118
桃山町島津,モモヤマチョウシマヅ,MOMOYAMACHO SHIMAZU,,34.938615,135.77269
桃山町下野,モモヤマチョウシモズケ,MOMOYAMACHO SHIMOZUKE,,34.93711,135.774107
桃山町真斉,モモヤマチョウシンサイ,MOMOYAMACHO SHINSAI,,34.945115,135.764061
桃山町新町,モモヤマチョウシンマチ,MOMOYAMACHO SHIMMACHI,,34.933802,135.786397
桃山町駿河,モモヤマチョウスルガ,MOMOYAMACHO SURUGA,,34.933529,135.780901
桃山町泰長老,モモヤマチョウタイチョウロウ,MOMOYAMACHO TAICHORO,,34.929887,135.77105
桃山町立売,モモヤマチョウタチウリ,MOMOYAMACHO TACHIURI,,34.931837,135.770179
桃山町丹下,モモヤマチョウタンゲ,MOMOYAMACHO TANGE,,34.944649,135.767898
桃山町丹後,モモヤマチョウタンゴ,MOMOYAMACHO TANGO,,34.931592,135.784557
桃山町弾正島,モモヤマチョウダンジョウジマ,MOMOYAMACHO DANJOJIMA,,34.926153,135.764327
桃山町遠山,モモヤマチョウトオヤマ,MOMOYAMACHO TOYAMA,,34.936125,135.789565
桃山町中島町,モモヤマチョウナカジマチョウ,MOMOYAMACHO NAKAJIMACHO,,34.932671,135.794068
桃山町永井久太郎,モモヤマチョウナガイキュウタロウ,MOMOYAMACHO NAGAIKYUTARO,,34.940278,135.773566
桃山町鍋島,モモヤマチョウナベシマ,MOMOYAMACHO NABESHIMA,,34.932781,135.770333
桃山町西尾,モモヤマチョウニシオ,MOMOYAMACHO NISHIO,,34.934994,135.793672
桃山町西町,モモヤマチョウニシマチ,MOMOYAMACHO NISHIMACHI,,34.934046,135.790128
桃山町根来,モモヤマチョウネゴロ,MOMOYAMACHO NEGORO,,34.931283,135.781784
桃山町東町,モモヤマチョウヒガシマチ,MOMOYAMACHO HIGASHIMACHI,,34.933761,135.791647
桃山町日向,モモヤマチョウヒュウガ,MOMOYAMACHO HYUGA,,34.939264,135.792805
桃山町本多上野,モモヤマチョウホンダコウズケ,MOMOYAMACHO HONDAKOZUKE,,34.930529,135.775195
桃山町正宗,モモヤマチョウマサムネ,MOMOYAMACHO MASAMUNE,,34.943218,135.773769
桃山町町並,モモヤマチョウマチナミ,MOMOYAMACHO MACHINAMI,,34.933814,135.793695
桃山町松平筑前,モモヤマチョウマツダイラチクゼン,MOMOYAMACHO MATSUDAIRACHIKUZEN,,34.93387,135.768627
桃山町松平武蔵,モモヤマチョウマツダイラムサシ,MOMOYAMACHO MATSUDAIRAMUSASHI,,34.932674,135.773271
桃山町三河,モモヤマチョウミカワ,MOMOYAMACHO MIKAWA,,34.93516,135.773397
桃山町見附町,モモヤマチョウミツケチョウ,MOMOYAMACHO MITSUKECHO,,34.933583,135.792882
桃山町美濃,モモヤマチョウミノ,MOMOYAMACHO MINO,,34.932333,135.782667
桃山町山ノ下,モモヤマチョウヤマノシタ,MOMOYAMACHO YAMANOSHITA,,34.9385,135.795448
桃山町養斉,モモヤマチョウヨウサイ,MOMOYAMACHO YOSAI,,34.92951,135.785708
桃山筒井伊賀西町,モモヤマツツイイガニシマチ,MOMOYAMA TSUTSUIIGANISHIMACHI,,34.938676,135.765594
桃山筒井伊賀東町,モモヤマツツイイガヒガシマチ,MOMOYAMA TSUTSUIIGAHIGASHIMACHI,,34.938595,135.767197
桃山長岡越中北町,モモヤマナガオカエッチュウキタマチ,MOMOYAMA NAGAOKAETCHUKITAMACHI,,34.941594,135.769656
桃山長岡越中東町,モモヤマナガオカエッチュウヒガシマチ,MOMOYAMA NAGAOKAETCHUHIGASHIMACHI,,34.940681,135.770554
桃山長岡越中南町,モモヤマナガオカエッチュウミナミマチ,MOMOYAMA NAGAOKAETCHUMINAMIMACHI,,34.940505,135.768833
桃山羽柴長吉中町,モモヤマハシバチョウキチナカマチ,MOMOYAMA HASHIBACHOKICHINAKAMACHI,,34.93641,135.766506
桃山羽柴長吉西町,モモヤマハシバチョウキチニシマチ,MOMOYAMA HASHIBACHOKICHINISHIMACHI,,34.936391,135.765647
桃山羽柴長吉東町,モモヤマハシバチョウキチヒガシマチ,MOMOYAMA HASHIBACHOKICHIHIGASHIMACH,,34.936368,135.7672
桃山福島太夫北町,モモヤマフクシマダユウキタマチ,MOMOYAMA FUKUSHIMADAYUKITAMACHI,,34.939202,135.769902
桃山福島太夫西町,モモヤマフクシマダユウニシマチ,MOMOYAMA FUKUSHIMADAYUNISHIMACHI,,34.938596,135.768405
桃山福島太夫南町,モモヤマフクシマダユウミナミマチ,MOMOYAMA FUKUSHIMADAYUMINAMIMACHI,,34.938108,135.770016
桃山水野左近西町,モモヤマミズノサコンニシマチ,MOMOYAMA MIZUNOSAKONNISHIMACHI,,34.942972,135.76645
桃山水野左近東町,モモヤマミズノサコンヒガシマチ,MOMOYAMA MIZUNOSAKONHIGASHIMACHI,,34.942755,135.768987
桃山南大島町,モモヤマミナミオオシマチョウ,MOMOYAMA MINAMIOSHIMACHO,,34.9249,135.786074
桃山毛利長門西町,モモヤマモウリナガトニシマチ,MOMOYAMA MORINAGATONISHIMACHI,,34.936387,135.767866
桃山毛利長門東町,モモヤマモウリナガトヒガシマチ,MOMOYAMA MORINAGATOHIGASHIMACHI,,34.936114,135.769434
桃山最上町,モモヤマモガミチョウ,MOMOYAMA MOGAMICHO,,34.943739,135.768626
桃山与五郎町,モモヤマヨゴロウチョウ,MOMOYAMA YOGOROCHO,,34.928794,135.780714
山崎町,ヤマザキチョウ,YAMAZAKICHO,,34.930782,135.757811
大和町,ヤマトチョウ,YAMATOCHO,,34.942428,135.760759
鑓屋町,ヤリヤマチ,YARIYAMACHI,,34.946106,135.765907
八幡町,ヤワタチョウ,YAWATACHO,,34.931748,135.754994
横大路一本木,ヨコオオジイッポンギ,YOKOOJI IPPONGI,,34.920079,135.733848
横大路柿ノ本町,ヨコオオジカキノモトチョウ,YOKOOJI KAKINOMOTOCHO,,34.925387,135.735989
横大路上ノ浜町,ヨコオオジカミノハマチョウ,YOKOOJI KAMINOHAMACHO,,34.927029,135.731869
横大路北ノ口町,ヨコオオジキタノクチチョウ,YOKOOJI KITANOKUCHICHO,,34.917117,135.732996
横大路貴船,ヨコオオジキフネ,YOKOOJI KIFUNE,,34.929195,135.738558
横大路草津町,ヨコオオジクサツチョウ,YOKOOJI KUSATSUCHO,,34.929313,135.734452
横大路畔ノ内,ヨコオオジクロノウチ,YOKOOJI KURONOCHI,,34.922602,135.734819
横大路鍬ノ本,ヨコオオジクワノモト,YOKOOJI KUWANOMOTO,,34.925261,135.738438
横大路西海道,ヨコオオジサイカイドウ,YOKOOJI SAIKAIDO,,34.915629,135.728901
横大路芝生,ヨコオオジシバフ,YOKOOJI SHIBAFU,,34.927306,135.74493
横大路下ノ坪,ヨコオオジシモノツボ,YOKOOJI SHIMONOTSUBO,,34.913716,135.734392
横大路下三栖梶原町,ヨコオオジシモミスカジワラチョウ,YOKOOJISHIMOMISU KAJIWARACHO,,34.929319,135.748382
横大路下三栖里ノ内,ヨコオオジシモミスサトノウチ,YOKOOJISHIMOMISU SATONOCHI,,34.922849,135.750562
横大路下三栖城ノ前町,ヨコオオジシモミスジョウノマエチョウ,YOKOOJISHIMOMISU JONOMAECHO,,34.92585,135.748323
横大路下三栖辻堂町,ヨコオオジシモミスツジドウチョウ,YOKOOJISHIMOMISU TSUJIDOCHO,,34.929177,135.750395
横大路下三栖南郷,ヨコオオジシモミスナンゴウ,YOKOOJISHIMOMISU NANGO,,34.929799,135.746593
横大路下三栖東ノ口,ヨコオオジシモミスヒガシノクチ,YOKOOJISHIMOMISU HIGASHINOKUCHI,,34.923624,135.753615
横大路下三栖宮ノ後,ヨコオオジシモミスミヤノゴウ,YOKOOJISHIMOMISU MIYANOGO,,34.925894,135.746489
横大路下三栖山殿,ヨコオオジシモミスヤマデン,YOKOOJISHIMOMISU YAMADEN,,34.929044,135.753206
横大路朱雀,ヨコオオジシュジャク,YOKOOJI SHUJAKU,,34.929354,135.743103
横大路神宮寺,ヨコオオジジングウジ,YOKOOJI JINGUJI,,34.913074,135.731257
横大路菅本,ヨコオオジスガモト,YOKOOJI SUGAMOTO,,34.921795,135.737384
横大路千両松町,ヨコオオジセンリョウマツチョウ,YOKOOJI SENRYOMATSUCHO,,34.918711,135.741378
横大路天王後,ヨコオオジテンノウゴウ,YOKOOJI TENNOGO,,34.9293,135.740871
横大路天王前,ヨコオオジテンノウマエ,YOKOOJI TENNOMAE,,34.925047,135.740756
横大路富ノ森町,ヨコオオジトミノモリチョウ,YOKOOJI TOMINOMORICHO,,34.917292,135.726257
横大路中ノ島町,ヨコオオジナカノシマチョウ,YOKOOJI NAKANOSHIMACHO,,34.923725,135.729294
横大路中ノ庄町,ヨコオオジナカノショウチョウ,YOKOOJI NAKANOSHOCHO,,34.927622,135.735285
横大路長畑町,ヨコオオジナガハタチョウ,YOKOOJI NAGAHATACHO,,34.924328,135.732101
横大路橋本,ヨコオオジハシモト,YOKOOJI HASHIMOTO,,34.925519,135.743217
横大路畑中町,ヨコオオジハタナカチョウ,YOKOOJI HATANAKACHO,,34.92636,135.733962
横大路八反田,ヨコオオジハッタンダ,YOKOOJI HATTANDA,,34.917213,135.735226
横大路東裏町,ヨコオオジヒガシウラチョウ,YOKOOJI HIGASHIURACHO,,34.92897,135.736393
横大路前川町,ヨコオオジマエガワチョウ,YOKOOJI MAEGAWACHO,,34.917621,135.726971
横大路松林,ヨコオオジマツバヤシ,YOKOOJI MATSUBAYASHI,,34.912276,135.736638
横大路三栖池田屋敷町,ヨコオオジミスイケダヤシキチョウ,YOKOOJIMISU IKEDAYASHIKICHO,,34.927987,135.751699
横大路三栖木下屋敷町,ヨコオオジミスキノシタヤシキチョウ,YOKOOJIMISU KINOSHITAYASHIKICHO,,34.929416,135.755068
横大路三栖大黒町,ヨコオオジミスダイコクチョウ,YOKOOJIMISU DAIKOKUCHO,,34.932511,135.754375
横大路三栖泥町跡町,ヨコオオジミスドロマチアトチョウ,YOKOOJIMISU DOROMACHIATOCHO,,34.930933,135.752683
横大路三栖山城屋敷町,ヨコオオジミスヤマシロヤシキチョウ,YOKOOJIMISU YAMASHIROYASHIKICHO,,34.932183,135.752674
横大路向ヒ,ヨコオオジムカイ,YOKOOJI MUKAI,,34.923747,135.733321
横大路六反畑,ヨコオオジロクタンハタ,YOKOOJI ROKUTANHATA,,34.917531,135.730301
葭島金井戸町,ヨシジマカナイドチョウ,YOSHIJIMA KANAIDOCHO,,34.922992,135.758623
葭島矢倉町,ヨシジマヤグラチョウ,YOSHIJIMA YAGURACHO,,34.925626,135.761423
葭島渡場島町,ヨシジマワタシバジマチョウ,YOSHIJIMA WATASHIBAJIMACHO,,34.909276,135.733879
淀池上町,ヨドイケガミチョウ,YODO IKEGAMICHO,,34.903647,135.722007
淀大下津町,ヨドオオシモヅチョウ,YODO OSHIMOZUCHO,,34.905241,135.709053
淀川顔町,ヨドカワヅラチョウ,YODO KAWAZURACHO,,34.89886,135.718127
淀木津町,ヨドキヅチョウ,YODO KIZUCHO,,34.902737,135.713851
淀際目町,ヨドサイメチョウ,YODO SAIMECHO,,34.891143,135.71617
淀下津町,ヨドシモヅチョウ,YODO SHIMOZUCHO,,34.902976,135.719257
淀新町,ヨドシンマチ,YODO SHIMMACHI,,34.900952,135.71913
淀生津町,ヨドナマヅチョウ,YODO NAMAZUCHO,,34.881428,135.724807
淀樋爪町,ヨドヒヅメチョウ,YODO HIZUMECHO,,34.919089,135.72041
淀本町,ヨドホンマチ,YODO HOMMACHI,,34.905557,135.717931
淀水垂町,ヨドミズタレチョウ,YODO MIZUTARECHO,,34.912773,135.714366
淀美豆町,ヨドミヅチョウ,YODO MIZUCHO,,34.898784,135.709652
両替町一丁目,リョウガエマチ 1,RYOGAEMACHI 1,,34.928462,135.764014
両替町十丁目,リョウガエマチ 10,RYOGAEMACHI 10,,34.939236,135.764135
両替町十一丁目,リョウガエマチ 11,RYOGAEMACHI 11,,34.940385,135.764172
両替町十二丁目,リョウガエマチ 12,RYOGAEMACHI 12,,34.941557,135.764239
両替町十三丁目,リョウガエマチ 13,RYOGAEMACHI 13,,34.942634,135.764341
両替町十四丁目,リョウガエマチ 14,RYOGAEMACHI 14,,34.943595,135.764542
両替町十五丁目,リョウガエマチ 15,RYOGAEMACHI 15,,34.944677,135.76471
両替町二丁目,リョウガエマチ 2,RYOGAEMACHI 2,,34.93026,135.764
両替町三丁目,リョウガエマチ 3,RYOGAEMACHI 3,,34.931077,135.763984
両替町四丁目,リョウガエマチ 4,RYOGAEMACHI 4,,34.932417,135.76395
両替町九丁目,リョウガエマチ 9,RYOGAEMACHI 9,,34.938119,135.764102
