name,name_kana,name_romaji,nickname,latitude,longitude
大字三番,,,,34.72276,135.588031
大字北島,,,,34.725684,135.60127
大字打越,,,,34.728839,135.601817
大字桑才,,,,34.722355,135.590223
大字横地,,,,34.728795,135.603859
大字稗島,,,,34.715946,135.588567
大字野口,,,,34.727204,135.604452
大字門真,,,,34.739052,135.573763
朝日町,アサヒチョウ,ASAHICHO,,34.748385,135.60712
石原町,イシハラチョウ,ISHIHARACHO,,34.745306,135.590285
泉町,イズミマチ,IZUMIMACHI,,34.74293,135.583824
一番町,イチバンチョウ,ICHIBANCHO,,34.730736,135.594407
打越町,ウチコシチョウ,UCHIKOSHICHO,,34.732745,135.597584
江端町,エバタチョウ,EBATACHO,,34.722455,135.616172
大池町,オオイケチョウ,OIKECHO,,34.736965,135.603086
大倉町,オオクラチョウ,OKURACHO,,34.744999,135.593456
大橋町,オオハシチョウ,OHASHICHO,,34.736606,135.598577
沖町,オキマチ,OKIMACHI,,34.730905,135.60271
垣内町,カキウチチョウ,KAKIUCHICHO,,34.741964,135.593067
上島町,カミシマチョウ,KAMISHIMACHO,,34.744622,135.60982
上野口町,カミノグチチョウ,KAMINOGUCHICHO,,34.741231,135.607352
岸和田一丁目,キシワダ 1,KISHIWADA 1,,34.73276,135.619577
岸和田二丁目,キシワダ 2,KISHIWADA 2,,34.729957,135.619098
岸和田三丁目,キシワダ 3,KISHIWADA 3,,34.726173,135.61965
岸和田四丁目,キシワダ 4,KISHIWADA 4,,34.722938,135.622663
北岸和田一丁目,キタキシワダ 1,KITAKISHIWADA 1,,34.73867,135.620162
北岸和田二丁目,キタキシワダ 2,KITAKISHIWADA 2,,34.735046,135.618341
北岸和田三丁目,キタキシワダ 3,KITAKISHIWADA 3,,34.735479,135.620916
北島町,キタジマチョウ,KITAJIMACHO,,34.725183,135.59652
北島東町,キタジマヒガシマチ,KITAJIMAHIGASHIMACHI,,34.724475,135.603128
北巣本町,キタスモトチョウ,KITASUMOTOCHO,,34.742418,135.617987
桑才新町,クワザイシンマチ,KUWAZAISHIMMACHI,,34.723872,135.585828
幸福町,コウフクチョウ,KOFUKUCHO,,34.741167,135.590351
寿町,コトブキチョウ,KOTOBUKICHO,,34.735848,135.59525
栄町,サカエマチ,SAKAEMACHI,,34.735858,135.580986
五月田町,サツキダチョウ,SATSUKIDACHO,,34.729288,135.59749
四宮一丁目,シノミヤ 1,SHINOMIYA 1,,34.737719,135.612074
四宮二丁目,シノミヤ 2,SHINOMIYA 2,,34.737899,135.615886
四宮三丁目,シノミヤ 3,SHINOMIYA 3,,34.736404,135.613577
四宮四丁目,シノミヤ 4,SHINOMIYA 4,,34.733032,135.612253
四宮五丁目,シノミヤ 5,SHINOMIYA 5,,34.733418,135.615233
四宮六丁目,シノミヤ 6,SHINOMIYA 6,,34.730166,135.614482
島頭一丁目,シマガシラ 1,SHIMAGASHIRA 1,,34.735681,135.609581
島頭二丁目,シマガシラ 2,SHIMAGASHIRA 2,,34.732107,135.606437
島頭三丁目,シマガシラ 3,SHIMAGASHIRA 3,,34.732648,135.609451
島頭四丁目,シマガシラ 4,SHIMAGASHIRA 4,,34.729068,135.609116
下島町,シモシマチョウ,SHIMOSHIMACHO,,34.739884,135.611009
下馬伏町,シモマブシチョウ,SHIMOMABUSHICHO,,34.728862,135.615293
小路町,ショウジチョウ,SHOJICHO,,34.740313,135.57891
城垣町,シロガキチョウ,SHIROGAKICHO,,34.742692,135.614011
新橋町,シンバシチョウ,SHIMBASHICHO,,34.736205,135.584038
常称寺町,ジョウショウジチョウ,JOSHOJICHO,,34.743848,135.600351
末広町,スエヒロチョウ,SUEHIROCHO,,34.738829,135.59179
巣本町,スモトチョウ,SUMOTOCHO,,34.739962,135.620147
千石西町,センゴクニシマチ,SENGOKU NISHIMACHI,,34.724733,135.606319
千石東町,センゴクヒガシマチ,SENGOKU HIGASHIMACHI,,34.724108,135.61035
月出町,ツキデチョウ,TSUKIDECHO,,34.745579,135.584374
常盤町,トキワチョウ,TOKIWACHO,,34.740761,135.599675
殿島町,トノシマチョウ,TONOSHIMACHO,,34.731058,135.580705
堂山町,ドウヤマチョウ,DOYAMACHO,,34.743299,135.580055
中町,ナカマチ,NAKAMACHI,,34.740186,135.587372
野里町,ノザトチョウ,NOZATOCHO,,34.741358,135.603196
浜町,ハママチ,HAMAMACHI,,34.744996,135.587367
速見町,ハヤミチョウ,HAYAMICHO,,34.735484,135.591608
東江端町,ヒガシエバタチョウ,HIGASHIEBATACHO,,34.721525,135.620393
東田町,ヒガシダチョウ,HIGASHIDACHO,,34.725419,135.59142
深田町,フカダチョウ,FUKADACHO,,34.730562,135.587549
舟田町,フナダチョウ,FUNADACHO,,34.733841,135.602775
古川町,フルカワチョウ,FURUKAWACHO,,34.739596,135.596359
本町,ホンマチ,HOMMACHI,,34.734623,135.578173
松生町,マツオチョウ,MATSUOCHO,,34.730413,135.584116
松葉町,マツバチョウ,MATSUBACHO,,34.740104,135.583992
三ツ島一丁目,ミツシマ 1,MITSUSHIMA 1,,34.721611,135.595837
三ツ島二丁目,ミツシマ 2,MITSUSHIMA 2,,34.718295,135.592717
三ツ島三丁目,ミツシマ 3,MITSUSHIMA 3,,34.715669,135.593644
三ツ島四丁目,ミツシマ 4,MITSUSHIMA 4,,34.721328,135.602002
三ツ島五丁目,ミツシマ 5,MITSUSHIMA 5,,34.719035,135.602292
三ツ島六丁目,ミツシマ 6,MITSUSHIMA 6,,34.720395,135.605843
御堂町,ミドウチョウ,MIDOCHO,,34.743446,135.596179
南野口町,ミナミノグチチョウ,MINAMINOGUCHICHO,,34.735232,135.60697
宮野町,ミヤノチョウ,MIYANOCHO,,34.744973,135.604986
宮前町,ミヤマエチョウ,MIYAMAECHO,,34.740463,135.614613
向島町,ムコウジマチョウ,MUKOJIMACHO,,34.746028,135.581547
元町,モトマチ,MOTOMACHI,,34.738396,135.578686
柳田町,ヤナギダチョウ,YANAGIDACHO,,34.730566,135.590929
柳町,ヤナギマチ,YANAGIMACHI,,34.736415,135.587583
脇田町,ワキタチョウ,WAKITACHO,,34.724687,135.614166
