name,name_kana,name_romaji,nickname,latitude,longitude
越水字社家郷山,,,,34.784426,135.295636
相生町,アイオイチョウ,AIOICHO,,34.743538,135.32744
青木町,アオキチョウ,AOKICHO,,34.74595,135.346539
青葉台一丁目,アオバダイ 1,AOBADAI 1,,34.820164,135.320008
青葉台二丁目,アオバダイ 2,AOBADAI 2,,34.823107,135.321576
上鳴尾町,アゲナルオチョウ,AGENARUOCHO,,34.722385,135.368463
朝凪町,アサナギチョウ,ASANAGICHO,,34.722522,135.341319
芦原町,アシハラチョウ,ASHIHARACHO,,34.741766,135.353465
愛宕山,アタゴヤマ,ATAGOYAMA,,34.755899,135.349022
荒戎町,アラエビスチョウ,ARAEBISUCHO,,34.732438,135.332415
荒木町,アラキチョウ,ARAKICHO,,34.754386,135.367003
池田町,イケダチョウ,IKEDACHO,,34.737584,135.345691
池開町,イケビラキチョウ,IKEBIRAKICHO,,34.717716,135.376224
石在町,イシザイチョウ,ISHIZAICHO,,34.730723,135.341618
石刎町,イシバネチョウ,ISHIBANECHO,,34.751439,135.327674
泉町,イズミチョウ,IZUMICHO,,34.725267,135.332205
一ケ谷町,イチガヤチョウ,ICHIGAYACHO,,34.757861,135.340783
市庭町,イチニワチョウ,ICHINIWACHO,,34.734927,135.332197
一里山町,イチリヤマチョウ,ICHIRIYAMACHO,,34.772837,135.371332
今在家町,イマザイケチョウ,IMAZAIKECHO,,34.7361,135.339509
今津曙町,イマヅアケボノチョウ,IMAZU AKEBONOCHO,,34.72913,135.355262
今津上野町,イマヅウエノチョウ,IMAZU UENOCHO,,34.729589,135.358547
今津大東町,イマヅオオヒガシチョウ,IMAZU OHIGASHICHO,,34.724975,135.354979
今津久寿川町,イマヅクスガワチョウ,IMAZU KUSUGAWACHO,,34.723126,135.354928
今津社前町,イマヅシャゼンチョウ,IMAZU SHAZENCHO,,34.725441,135.352933
今津巽町,イマヅタツミチョウ,IMAZU TATSUMICHO,,34.722761,135.352041
今津出在家町,イマヅデザイケチョウ,IMAZU DEZAIKECHO,,34.725796,135.349877
今津西浜町,イマヅニシハマチョウ,IMAZU NISHIHAMACHO,,34.72241,135.34689
今津野田町,イマヅノダチョウ,IMAZU NODACHO,,34.73176,135.359518
今津二葉町,イマヅフタバチョウ,IMAZU FUTABACHO,,34.727986,135.351282
今津真砂町,イマヅマサゴチョウ,IMAZU MASAGOCHO,,34.719356,135.347984
今津水波町,イマヅミズナミチョウ,IMAZU MIZUNAMICHO,,34.728505,135.353476
今津港町,イマヅミナトチョウ,IMAZU MINATOCHO,,34.723351,135.349653
今津山中町,イマヅヤマナカチョウ,IMAZU YAMANAKACHO,,34.731148,135.35645
上ケ原十番町,ウエガハラ10バンチョウ,UEGAHARA 10-BANCHO,,34.761773,135.339342
上ケ原一番町,ウエガハラ1バンチョウ,UEGAHARA 1-BANCHO,,34.76855,135.346629
上ケ原二番町,ウエガハラ2バンチョウ,UEGAHARA 2-BANCHO,,34.765673,135.349076
上ケ原三番町,ウエガハラ3バンチョウ,UEGAHARA 3-BANCHO,,34.765206,135.345982
上ケ原四番町,ウエガハラ4バンチョウ,UEGAHARA 4-BANCHO,,34.761343,135.348893
上ケ原五番町,ウエガハラ5バンチョウ,UEGAHARA 5-BANCHO,,34.761463,135.347682
上ケ原六番町,ウエガハラ6バンチョウ,UEGAHARA 6-BANCHO,,34.764837,135.343832
上ケ原七番町,ウエガハラ7バンチョウ,UEGAHARA 7-BANCHO,,34.760415,135.345702
上ケ原八番町,ウエガハラ8バンチョウ,UEGAHARA 8-BANCHO,,34.761116,135.343919
上ケ原九番町,ウエガハラ9バンチョウ,UEGAHARA 9-BANCHO,,34.760993,135.341841
上ケ原山田町,ウエガハラヤマダチョウ,UEGAHARA YAMADACHO,,34.765829,135.339718
上ケ原山手町,ウエガハラヤマテチョウ,UEGAHARA YAMATECHO,,34.766073,135.341698
上田中町,ウエダナカマチ,UEDA NAKAMACHI,,34.708478,135.373025
上田西町,ウエダニシマチ,UEDA NISHIMACHI,,34.710749,135.370573
上田東町,ウエダヒガシマチ,UEDA HIGASHIMACHI,,34.705663,135.376089
江上町,エガミチョウ,EGAMICHO,,34.740262,135.340353
枝川町,エダガワチョウ,EDAGAWACHO,,34.709555,135.362293
老松町,オイマツチョウ,OIMATSUCHO,,34.749935,135.316772
大井手町,オオイデチョウ,OIDECHO,,34.743904,135.330103
大島町,オオシマチョウ,OSHIMACHO,,34.76129,135.366908
大谷町,オオタニチョウ,OTANICHO,,34.739382,135.319509
大畑町,オオハタチョウ,OHATACHO,,34.748661,135.349903
大浜町,オオハマチョウ,OHAMACHO,,34.725843,135.326609
大森町,オオモリチョウ,OMORICHO,,34.749697,135.367484
大屋町,オオヤチョウ,OYACHO,,34.74497,135.365416
岡田山,オカダヤマ,OKADAYAMA,,34.758453,135.350936
奥畑,オクハタ,OKUHATA,,34.753349,135.335877
御茶家所町,オチャヤショチョウ,OCHAYASHOCHO,,34.737827,135.326868
神楽町,カグラチョウ,KAGURACHO,,34.738332,135.330087
笠屋町,カサヤチョウ,KASAYACHO,,34.713745,135.374819
霞町,カスミチョウ,KASUMICHO,,34.74036,135.324747
甲山町,カブトヤマチョウ,KABUTOYAMACHO,,34.774602,135.3319
上大市一丁目,カミオオイチ 1,KAMIOICHI 1,,34.76517,135.36113
上大市二丁目,カミオオイチ 2,KAMIOICHI 2,,34.762763,135.361282
上大市三丁目,カミオオイチ 3,KAMIOICHI 3,,34.765006,135.364252
上大市四丁目,カミオオイチ 4,KAMIOICHI 4,,34.763275,135.366175
上大市五丁目,カミオオイチ 5,KAMIOICHI 5,,34.767219,135.371642
神垣町,カミガキチョウ,KAMIGAKICHO,,34.748922,135.339537
上甲子園一丁目,カミコウシエン 1,KAMIKOSHIEN 1,,34.73238,135.370369
上甲子園二丁目,カミコウシエン 2,KAMIKOSHIEN 2,,34.732182,135.367393
上甲子園三丁目,カミコウシエン 3,KAMIKOSHIEN 3,,34.732245,135.365486
上甲子園四丁目,カミコウシエン 4,KAMIKOSHIEN 4,,34.73395,135.364022
上甲子園五丁目,カミコウシエン 5,KAMIKOSHIEN 5,,34.734166,135.360413
上甲東園一丁目,カミコウトウエン 1,KAMIKOTOEN 1,,34.768298,135.357545
上甲東園二丁目,カミコウトウエン 2,KAMIKOTOEN 2,,34.767666,135.35376
上甲東園三丁目,カミコウトウエン 3,KAMIKOTOEN 3,,34.768505,135.350601
上甲東園四丁目,カミコウトウエン 4,KAMIKOTOEN 4,,34.764261,135.353805
上甲東園五丁目,カミコウトウエン 5,KAMIKOTOEN 5,,34.766007,135.35087
上甲東園六丁目,カミコウトウエン 6,KAMIKOTOEN 6,,34.764571,135.355389
神園町,カミゾノチョウ,KAMIZONOCHO,,34.757773,135.330194
上之町,カミノチョウ,KAMINOCHO,,34.753889,135.37084
上葭原町,カミヨシハラチョウ,KAMIYOSHIHARACHO,,34.728966,135.326518
柏堂町,カヤンドウチョウ,KAYANDOCHO,,34.763836,135.315095
柏堂西町,カヤンドウニシマチ,KAYANDONISHIMACHI,,34.76451,135.310407
川添町,カワゾエチョウ,KAWAZOECHO,,34.729107,135.330366
川西町,カワニシチョウ,KAWANISHICHO,,34.73205,135.328568
河原町,カワハラチョウ,KAWAHARACHO,,34.748595,135.346224
川東町,カワヒガシチョウ,KAWAHIGASHICHO,,34.732571,135.330115
瓦林町,カワラバヤシチョウ,KAWARABAYASHICHO,,34.745136,135.368665
神呪町,カンノウチョウ,KANNOCHO,,34.762479,135.357195
神原,カンバラ,KAMBARA,,34.756222,135.33362
学文殿町一丁目,ガクブンデンチョウ 1,GAKUBUNDENCHO 1,,34.723844,135.373864
学文殿町二丁目,ガクブンデンチョウ 2,GAKUBUNDENCHO 2,,34.724886,135.371873
菊谷町,キクタニチョウ,KIKUTANICHO,,34.749587,135.324419
木津山町,キズヤマチョウ,KIZUYAMACHO,,34.747448,135.320147
北口町,キタグチチョウ,KITAGUCHICHO,,34.749143,135.357848
北昭和町,キタショウワチョウ,KITASHOWACHO,,34.748687,135.353492
北名次町,キタナツギチョウ,KITANATSUGICHO,,34.752691,135.330633
北山町,キタヤマチョウ,KITAYAMACHO,,34.767261,135.3204
北六甲台一丁目,キタロッコウダイ 1,KITAROKKODAI 1,,34.835467,135.243547
北六甲台二丁目,キタロッコウダイ 2,KITAROKKODAI 2,,34.834906,135.248258
北六甲台三丁目,キタロッコウダイ 3,KITAROKKODAI 3,,34.834598,135.252632
北六甲台四丁目,キタロッコウダイ 4,KITAROKKODAI 4,,34.831012,135.250942
北六甲台五丁目,キタロッコウダイ 5,KITAROKKODAI 5,,34.832235,135.245701
清瀬台,キヨセダイ,KIYOSEDAI,,34.826849,135.319893
久出ケ谷町,クデガヤチョウ,KUDEGAYACHO,,34.746429,135.325014
国見台一丁目,クニミダイ 1,KUNIMIDAI 1,,34.837132,135.312415
国見台二丁目,クニミダイ 2,KUNIMIDAI 2,,34.839009,135.310839
国見台三丁目,クニミダイ 3,KUNIMIDAI 3,,34.839684,135.305886
国見台四丁目,クニミダイ 4,KUNIMIDAI 4,,34.836661,135.308813
国見台五丁目,クニミダイ 5,KUNIMIDAI 5,,34.836472,135.304298
国見台六丁目,クニミダイ 6,KUNIMIDAI 6,,34.838393,135.300663
久保町,クボチョウ,KUBOCHO,,34.729398,135.339618
熊野町,クマノチョウ,KUMANOCHO,,34.744214,135.371779
雲井町,クモイチョウ,KUMOICHO,,34.743546,135.324769
鞍掛町,クラカケチョウ,KURAKAKECHO,,34.72971,135.338584
苦楽園一番町,クラクエン1バンチョウ,KURAKUEN 1-BANCHO,,34.755327,135.317272
苦楽園二番町,クラクエン2バンチョウ,KURAKUEN 2-BANCHO,,34.7597,135.313931
苦楽園三番町,クラクエン3バンチョウ,KURAKUEN 3-BANCHO,,34.763422,135.307715
苦楽園四番町,クラクエン4バンチョウ,KURAKUEN 4-BANCHO,,34.758607,135.308399
苦楽園五番町,クラクエン5バンチョウ,KURAKUEN 5-BANCHO,,34.754734,135.314107
苦楽園六番町,クラクエン6バンチョウ,KURAKUEN 6-BANCHO,,34.752535,135.313648
結善町,ケツゼンチョウ,KETSUZENCHO,,34.747015,135.330225
剣谷町,ケンダニチョウ,KENDANICHO,,34.767219,135.312399
甲子園一番町,コウシエン1バンチョウ,KOSHIEN 1-BANCHO,,34.731238,135.374795
甲子園二番町,コウシエン2バンチョウ,KOSHIEN 2-BANCHO,,34.731613,135.372224
甲子園三番町,コウシエン3バンチョウ,KOSHIEN 3-BANCHO,,34.729625,135.37
甲子園四番町,コウシエン4バンチョウ,KOSHIEN 4-BANCHO,,34.728075,135.369077
甲子園五番町,コウシエン5バンチョウ,KOSHIEN 5-BANCHO,,34.726845,135.366455
甲子園六番町,コウシエン6バンチョウ,KOSHIEN 6-BANCHO,,34.72437,135.365219
甲子園七番町,コウシエン7バンチョウ,KOSHIEN 7-BANCHO,,34.721173,135.365355
甲子園八番町,コウシエン8バンチョウ,KOSHIEN 8-BANCHO,,34.71808,135.363795
甲子園九番町,コウシエン9バンチョウ,KOSHIEN 9-BANCHO,,34.71533,135.362348
甲子園網引町,コウシエンアビキチョウ,KOSHIEN ABIKICHO,,34.721345,135.354709
甲子園浦風町,コウシエンウラカゼチョウ,KOSHIEN URAKAZECHO,,34.726025,135.361066
甲子園口一丁目,コウシエングチ 1,KOSHIENGUCHI 1,,34.736785,135.378842
甲子園口二丁目,コウシエングチ 2,KOSHIENGUCHI 2,,34.736153,135.37539
甲子園口三丁目,コウシエングチ 3,KOSHIENGUCHI 3,,34.736197,135.372611
甲子園口四丁目,コウシエングチ 4,KOSHIENGUCHI 4,,34.736265,135.370196
甲子園口五丁目,コウシエングチ 5,KOSHIENGUCHI 5,,34.736618,135.367872
甲子園口六丁目,コウシエングチ 6,KOSHIENGUCHI 6,,34.736803,135.365064
甲子園口北町,コウシエングチキタマチ,KOSHIENGUCHIKITAMACHI,,34.741026,135.376454
甲子園洲鳥町,コウシエンスドリチョウ,KOSHIEN SUDORICHO,,34.723305,135.358248
甲子園砂田町,コウシエンスナダチョウ,KOSHIEN SUNADACHO,,34.729084,135.364119
甲子園高潮町,コウシエンタカシオチョウ,KOSHIEN TAKASHIOCHO,,34.724141,135.360471
甲子園町,コウシエンチョウ,KOSHIENCHO,,34.720432,135.359446
甲子園浜田町,コウシエンハマダチョウ,KOSHIEN HAMADACHO,,34.728701,135.360834
甲子園浜一丁目,コウシエンハマダチョウ 1,KOSHIEN HAMADACHO 1,,34.708958,135.34884
甲子園浜二丁目,コウシエンハマダチョウ 2,KOSHIEN HAMADACHO 2,,34.709058,135.344653
甲子園浜三丁目,コウシエンハマダチョウ 3,KOSHIEN HAMADACHO 3,,34.717361,135.346579
甲子園春風町,コウシエンハルカゼチョウ,KOSHIEN HARUKAZECHO,,34.730806,135.362402
甲子園三保町,コウシエンミホチョウ,KOSHIEN MIHOCHO,,34.728523,135.365256
甲子園六石町,コウシエンロッコクチョウ,KOSHIEN ROKKOKUCHO,,34.727521,135.362972
甲東園一丁目,コウトウエン 1,KOTOEN 1,,34.767599,135.360949
甲東園二丁目,コウトウエン 2,KOTOEN 2,,34.769816,135.361322
甲東園三丁目,コウトウエン 3,KOTOEN 3,,34.768328,135.35944
甲風園一丁目,コウフウエン 1,KOFUEN 1,,34.747646,135.356012
甲風園二丁目,コウフウエン 2,KOFUEN 2,,34.750788,135.356141
甲風園三丁目,コウフウエン 3,KOFUEN 3,,34.753819,135.356469
甲陽園山王町,コウヨウエンサンノウチョウ,KOYOEN SANNOCHO,,34.765473,135.333568
甲陽園西山町,コウヨウエンニシヤマチョウ,KOYOEN NISHIYAMACHO,,34.76291,135.32732
甲陽園東山町,コウヨウエンヒガシヤマチョウ,KOYOEN HIGASHIYAMACHO,,34.766724,135.336434
甲陽園日之出町,コウヨウエンヒノデチョウ,KOYOEN HINODECHO,,34.761874,135.334209
甲陽園本庄町,コウヨウエンホンジョウチョウ,KOYOEN HONJOCHO,,34.760527,135.332703
甲陽園目神山町,コウヨウエンメガミヤマチョウ,KOYOEN MEGAMIYAMACHO,,34.770246,135.325987
甲陽園若江町,コウヨウエンワカエチョウ,KOYOEN WAKAECHO,,34.759025,135.330896
甑岩町,コシキイワチョウ,KOSHIKIIWACHO,,34.759237,135.323443
越水町,コシミズチョウ,KOSHIMIZUCHO,,34.745488,135.340051
小曽根町一丁目,コソネチョウ 1,KOSONECHO 1,,34.731474,135.378021
小曽根町二丁目,コソネチョウ 2,KOSONECHO 2,,34.729702,135.377927
小曽根町三丁目,コソネチョウ 3,KOSONECHO 3,,34.728452,135.378122
小曽根町四丁目,コソネチョウ 4,KOSONECHO 4,,34.727317,135.378511
寿町,コトブキチョウ,KOTOBUKICHO,,34.741914,135.331529
小松北町一丁目,コマツキタマチ 1,KOMATSU KITAMACHI 1,,34.725929,135.377581
小松北町二丁目,コマツキタマチ 2,KOMATSU KITAMACHI 2,,34.724629,135.3776
小松町一丁目,コマツチョウ 1,KOMATSUCHO 1,,34.723602,135.378181
小松町二丁目,コマツチョウ 2,KOMATSUCHO 2,,34.722383,135.378242
小松西町一丁目,コマツニシマチ 1,KOMATSU NISHIMACHI 1,,34.723083,135.37615
小松西町二丁目,コマツニシマチ 2,KOMATSU NISHIMACHI 2,,34.720701,135.375969
小松東町一丁目,コマツヒガシマチ 1,KOMATSU HIGASHIMACHI 1,,34.725681,135.381128
小松東町二丁目,コマツヒガシマチ 2,KOMATSU HIGASHIMACHI 2,,34.723677,135.381821
小松東町三丁目,コマツヒガシマチ 3,KOMATSU HIGASHIMACHI 3,,34.722269,135.382077
小松南町一丁目,コマツミナミマチ 1,KOMATSU MINAMIMACHI 1,,34.719953,135.381674
小松南町二丁目,コマツミナミマチ 2,KOMATSU MINAMIMACHI 2,,34.72045,135.379124
小松南町三丁目,コマツミナミマチ 3,KOMATSU MINAMIMACHI 3,,34.720573,135.377585
郷免町,ゴウメンチョウ,GOMENCHO,,34.7371,135.322332
西福町,サイフクチョウ,SAIFUKUCHO,,34.739795,135.348572
桜谷町,サクラダニチョウ,SAKURADANICHO,,34.745884,135.337058
桜町,サクラマチ,SAKURAMACHI,,34.753588,135.321851
五月ケ丘,サツキガオカ,SATSUKIGAOKA,,34.75844,135.337922
里中町一丁目,サトナカチョウ 1,SATONAKACHO 1,,34.720708,135.374474
里中町二丁目,サトナカチョウ 2,SATONAKACHO 2,,34.720969,135.372934
里中町三丁目,サトナカチョウ 3,SATONAKACHO 3,,34.721228,135.371226
産所町,サンショチョウ,SANSHOCHO,,34.737578,135.334649
塩瀬町名塩,シオセチョウナジオ,SHIOSECHONAJIO,,34.840047,135.291214
塩瀬町生瀬,シオセチョウナマゼ,SHIOSECHO NAMAZE,,34.81432,135.308406
獅子ケ口町,シシガグチチョウ,SHISHIGAGUCHICHO,,34.757789,135.327339
清水町,シミズチョウ,SHIMIZUCHO,,34.744857,135.334825
下大市西町,シモオオイチニシマチ,SHIMOOICHI NISHIMACHI,,34.760273,135.359867
下大市東町,シモオオイチヒガシマチ,SHIMOOICHI HIGASHIMACHI,,34.758913,135.360929
下葭原町,シモヨシハラチョウ,SHIMOYOSHIHARACHO,,34.727347,135.326756
社家町,シャケチョウ,SHAKECHO,,34.735184,135.334656
松籟荘,ショウライソウ,SHORAISO,,34.765557,135.358209
城山,シロヤマ,SHIROYAMA,,34.749387,135.33645
新甲陽町,シンコウヨウチョウ,SHINKOYOCHO,,34.762257,135.336701
神明町,シンメイチョウ,SHIMMEICHO,,34.741981,135.350344
鷲林寺,ジュウリンジ,JURINJI,,34.772895,135.302032
鷲林寺,ジュウリンジ,JURINJI,剣谷,34.779402,135.311851
鷲林寺一丁目,ジュウリンジ 1,JURINJI 1,,34.77646,135.311588
鷲林寺二丁目,ジュウリンジ 2,JURINJI 2,,34.776186,135.317905
鷲林寺町,ジュウリンジチョウ,JURINJICHO,,34.774396,135.310047
鷲林寺南町,ジュウリンジミナミマチ,JURINJIMINAMIMACHI,,34.769838,135.313206
城ケ堀町,ジョウガボリチョウ,JOGABORICHO,,34.742569,135.340415
神祇官町,ジンギカンチョウ,JINGIKANCHO,,34.739888,135.353464
末広町,スエヒロチョウ,SUEHIROCHO,,34.742617,135.336922
角石町,スミイシチョウ,SUMIISHICHO,,34.758886,135.318267
すみれ台一丁目,スミレダイ 1,SUMIREDAI 1,,34.819164,135.244084
すみれ台二丁目,スミレダイ 2,SUMIREDAI 2,,34.819161,135.238525
すみれ台三丁目,スミレダイ 3,SUMIREDAI 3,,34.818305,135.235271
染殿町,ソメドノチョウ,SOMEDONOCHO,,34.73388,135.345209
大社町,タイシャチョウ,TAISHACHO,,34.752788,135.340061
高木西町,タカギニシマチ,TAKAGI NISHIMACHI,,34.750097,135.359969
高木東町,タカギヒガシマチ,TAKAGI HIGASHIMACHI,,34.750295,135.363215
高座町,タカクラチョウ,TAKAKURACHO,,34.754825,135.344147
高須町一丁目,タカスチョウ 1,TAKASUCHO 1,,34.701722,135.371981
高須町二丁目,タカスチョウ 2,TAKASUCHO 2,,34.706789,135.367728
高塚町,タカツカチョウ,TAKATSUKACHO,,34.743371,135.318576
高畑町,タカハタチョウ,TAKAHATACHO,,34.740738,135.362126
高松町,タカマツチョウ,TAKAMATSUCHO,,34.744483,135.35826
田代町,タシロチョウ,TASHIROCHO,,34.744723,135.362689
田近野町,タジカノチョウ,TAJIKANOCHO,,34.777814,135.371949
建石町,タテイシチョウ,TATEISHICHO,,34.729401,135.333812
田中町,タナカチョウ,TANAKACHO,,34.736492,135.337229
段上町一丁目,ダンジョウチョウ 1,DANJOCHO 1,,34.767487,135.364452
段上町二丁目,ダンジョウチョウ 2,DANJOCHO 2,,34.769537,135.365205
段上町三丁目,ダンジョウチョウ 3,DANJOCHO 3,,34.771757,135.365155
段上町四丁目,ダンジョウチョウ 4,DANJOCHO 4,,34.772951,135.360972
段上町五丁目,ダンジョウチョウ 5,DANJOCHO 5,,34.774094,135.364259
段上町六丁目,ダンジョウチョウ 6,DANJOCHO 6,,34.772668,135.367555
段上町七丁目,ダンジョウチョウ 7,DANJOCHO 7,,34.769507,135.369115
段上町八丁目,ダンジョウチョウ 8,DANJOCHO 8,,34.766763,135.367468
千歳町,チトセチョウ,CHITOSECHO,,34.740766,135.331484
津田町,ツダチョウ,TSUDACHO,,34.740311,135.345713
堤町,ツツミチョウ,TSUTSUMICHO,,34.757113,135.370918
津門綾羽町,ツトアヤハチョウ,TSUTO AYAHACHO,,34.733682,135.355531
津門飯田町,ツトイイデンチョウ,TSUTO IIDENCHO,,34.737108,135.361495
津門稲荷町,ツトイナリチョウ,TSUTO INARICHO,,34.736227,135.351767
津門大箇町,ツトオオゴチョウ,TSUTO OGOCHO,,34.735222,135.356574
津門大塚町,ツトオオツカチョウ,TSUTO OTSUKACHO,,34.737486,135.354735
津門川町,ツトガワチョウ,TSUTOGAWACHO,,34.732283,135.348128
津門呉羽町,ツトクレハチョウ,TSUTO KUREHACHO,,34.731995,135.354251
津門住江町,ツトスミエチョウ,TSUTO SUMIECHO,,34.728601,135.348287
津門西口町,ツトニシグチチョウ,TSUTO NISHIGUCHICHO,,34.734483,135.348288
津門仁辺町,ツトニベチョウ,TSUTO NIBECHO,,34.734617,135.3515
津門宝津町,ツトホウズチョウ,TSUTO HOZUCHO,,34.732798,135.350871
天道町,テンドウチョウ,TENDOCHO,,34.740692,135.369241
常磐町,トキワチョウ,TOKIWACHO,,34.740763,135.336984
戸崎町,トザキチョウ,TOZAKICHO,,34.733866,135.377718
戸田町,トダチョウ,TODACHO,,34.735384,135.340688
殿山町,トノヤマチョウ,TONOYAMACHO,,34.744017,135.322115
中島町,ナカジマチョウ,NAKAJIMACHO,,34.740766,135.365991
中須佐町,ナカスサチョウ,NAKASUSACHO,,34.742586,135.346138
中殿町,ナカドノチョウ,NAKADONOCHO,,34.742681,135.348474
中浜町,ナカハマチョウ,NAKAHAMACHO,,34.731759,135.325345
中前田町,ナカマエダチョウ,NAKAMAEDACHO,,34.742634,135.343197
中屋町,ナカヤチョウ,NAKAYACHO,,34.750917,135.343742
中葭原町,ナカヨシハラチョウ,NAKAYOSHIHARACHO,,34.728307,135.326089
長田町,ナガタチョウ,NAGATACHO,,34.74729,135.362335
名塩一丁目,ナジオ 1,NAJIO 1,,34.830046,135.30251
名塩二丁目,ナジオ 2,NAJIO 2,,34.830218,135.294146
名塩三丁目,ナジオ 3,NAJIO 3,,34.831619,135.289978
名塩赤坂,ナジオアカサカ,NAJIO AKASAKA,,34.837858,135.268942
名塩ガーデン,ナジオガーデン,NAJIO GADEN,,34.82791,135.287256
名塩木之元,ナジオコノモト,NAJIO KONOMOTO,,34.824722,135.314186
名塩さくら台一丁目,ナジオサクラダイ 1,NAJIO SAKURADAI 1,,34.837227,135.282426
名塩さくら台二丁目,ナジオサクラダイ 2,NAJIO SAKURADAI 2,,34.836964,135.278581
名塩さくら台三丁目,ナジオサクラダイ 3,NAJIO SAKURADAI 3,,34.839549,135.277866
名塩さくら台四丁目,ナジオサクラダイ 4,NAJIO SAKURADAI 4,,34.838155,135.274128
名塩山荘,ナジオサンソウ,NAJIO SANSO,,34.827241,135.290738
名塩新町,ナジオシンマチ,NAJIO SHIMMACHI,,34.826975,135.311446
名塩茶園町,ナジオチャエンチョウ,NAJIO CHAENCHO,,34.834828,135.283569
名塩東久保,ナジオトウクボ,NAJIO TOKUBO,,34.833874,135.276097
名塩平成台,ナジオヘイセイダイ,NAJIO HEISEIDAI,,34.83042,135.282713
名塩南台一丁目,ナジオミナミダイ 1,NAJIO MINAMIDAI 1,,34.825428,135.300848
名塩南台二丁目,ナジオミナミダイ 2,NAJIO MINAMIDAI 2,,34.826034,135.297208
名塩南台三丁目,ナジオミナミダイ 3,NAJIO MINAMIDAI 3,,34.822895,135.301094
名塩南台四丁目,ナジオミナミダイ 4,NAJIO MINAMIDAI 4,,34.82347,135.302858
名塩美山,ナジオミヤマ,NAJIO MIYAMA,,34.846545,135.270286
名次町,ナツギチョウ,NATSUGICHO,,34.74999,135.331786
生瀬武庫川町,ナマセムコガワチョウ,NAMASEMUKOGAWACHO,,34.817319,135.331442
生瀬高台,ナマゼタカダイ,NAMAZE TAKADAI,,34.814744,135.32403
生瀬町一丁目,ナマゼチョウ 1,NAMAZECHO 1,,34.820172,135.327347
生瀬町二丁目,ナマゼチョウ 2,NAMAZECHO 2,,34.818779,135.327374
生瀬東町,ナマゼヒガシマチ,NAMAZE HIGASHIMACHI,,34.815688,135.335677
鳴尾町一丁目,ナルオチョウ 1,NARUOCHO 1,,34.717337,135.372427
鳴尾町二丁目,ナルオチョウ 2,NARUOCHO 2,,34.714834,135.371214
鳴尾町三丁目,ナルオチョウ 3,NARUOCHO 3,,34.718288,135.369794
鳴尾町四丁目,ナルオチョウ 4,NARUOCHO 4,,34.716078,135.36847
鳴尾町五丁目,ナルオチョウ 5,NARUOCHO 5,,34.718072,135.367204
鳴尾浜一丁目,ナルオハマ 1,NARUOHAMA 1,,34.699577,135.363644
鳴尾浜二丁目,ナルオハマ 2,NARUOHAMA 2,,34.692814,135.365088
鳴尾浜三丁目,ナルオハマ 3,NARUOHAMA 3,,34.695519,135.358765
南郷町,ナンゴウチョウ,NANGOCHO,,34.746196,135.332139
仁川五ケ山町,ニガワゴカヤマチョウ,NIGAWA GOKAYAMACHO,,34.771384,135.349185
仁川町一丁目,ニガワチョウ 1,NIGAWACHO 1,,34.775638,135.365807
仁川町二丁目,ニガワチョウ 2,NIGAWACHO 2,,34.774272,135.359412
仁川町三丁目,ニガワチョウ 3,NIGAWACHO 3,,34.772569,135.356407
仁川町四丁目,ニガワチョウ 4,NIGAWACHO 4,,34.771146,135.353175
仁川町五丁目,ニガワチョウ 5,NIGAWACHO 5,,34.77309,135.350849
仁川町六丁目,ニガワチョウ 6,NIGAWACHO 6,,34.780177,135.332513
仁川百合野町,ニガワユリノチョウ,NIGAWA YURINOCHO,,34.771325,135.343339
西田町,ニシダチョウ,NISHIDACHO,,34.743427,135.336879
西宮浜一丁目,ニシノミヤハマ 1,NISHINOMIYAHAMA 1,,34.717698,135.337483
西宮浜二丁目,ニシノミヤハマ 2,NISHINOMIYAHAMA 2,,34.71368,135.336409
西宮浜三丁目,ニシノミヤハマ 3,NISHINOMIYAHAMA 3,,34.719103,135.331064
西宮浜四丁目,ニシノミヤハマ 4,NISHINOMIYAHAMA 4,,34.713577,135.328786
西波止町,ニシハトチョウ,NISHIHATOCHO,,34.723498,135.33331
西平町,ニシヒラチョウ,NISHIHIRACHO,,34.756944,135.324561
能登町,ノトチョウ,NOTOCHO,,34.752007,135.351096
野間町,ノマチョウ,NOMACHO,,34.756519,135.359867
羽衣町,ハゴロモチョウ,HAGOROMOCHO,,34.740541,135.327093
櫨塚町,ハゼツカチョウ,HAZETSUKACHO,,34.740327,135.343268
花園町,ハナゾノチョウ,HANAZONOCHO,,34.725714,135.369279
花の峯,ハナノミネ,HANANOMINE,,34.823505,135.328104
浜甲子園一丁目,ハマコウシエン 1,HAMAKOSHIEN 1,,34.71327,135.356993
浜甲子園二丁目,ハマコウシエン 2,HAMAKOSHIEN 2,,34.714372,135.354408
浜甲子園三丁目,ハマコウシエン 3,HAMAKOSHIEN 3,,34.715898,135.352454
浜甲子園四丁目,ハマコウシエン 4,HAMAKOSHIEN 4,,34.717541,135.350531
浜町,ハマチョウ,HAMACHO,,34.727981,135.336934
浜松原町,ハママツバラチョウ,HAMAMATSUBARACHO,,34.727347,135.346091
浜脇町,ハマワキチョウ,HAMAWAKICHO,,34.732479,135.336993
林田町,ハヤシダチョウ,HAYASHIDACHO,,34.757375,135.361877
馬場町,ババチョウ,BABACHO,,34.735144,135.337841
東鳴尾町一丁目,ヒガシナルオチョウ 1,HIGASHINARUOCHO 1,,34.713595,135.378882
東鳴尾町二丁目,ヒガシナルオチョウ 2,HIGASHINARUOCHO 2,,34.710218,135.377689
東浜町,ヒガシハマチョウ,HIGASHIHAMACHO,,34.724206,135.344175
東町一丁目,ヒガシマチ 1,HIGASHIMACHI 1,,34.727086,135.343483
東町二丁目,ヒガシマチ 2,HIGASHIMACHI 2,,34.726163,135.340512
東山台一丁目,ヒガシヤマダイ 1,HIGASHIYAMADAI 1,,34.829058,135.310898
東山台二丁目,ヒガシヤマダイ 2,HIGASHIYAMADAI 2,,34.830342,135.31429
東山台三丁目,ヒガシヤマダイ 3,HIGASHIYAMADAI 3,,34.833039,135.313225
東山台四丁目,ヒガシヤマダイ 4,HIGASHIYAMADAI 4,,34.833126,135.308878
東山台五丁目,ヒガシヤマダイ 5,HIGASHIYAMADAI 5,,34.830808,135.307529
樋之池町,ヒノイケチョウ,HINOIKECHO,,34.751635,135.320287
樋ノ口町一丁目,ヒノクチチョウ 1,HINOKUCHICHO 1,,34.762835,135.371062
樋ノ口町二丁目,ヒノクチチョウ 2,HINOKUCHICHO 2,,34.759808,135.370043
日野町,ヒノチョウ,HINOCHO,,34.750469,135.372206
平木町,ヒラキチョウ,HIRAKICHO,,34.746057,135.350215
平松町,ヒラマツチョウ,HIRAMATSUCHO,,34.73961,135.336882
広田町,ヒロタチョウ,HIROTACHO,,34.751059,135.347058
毘沙門町,ビシャモンチョウ,BISHAMONCHO,,34.759362,135.320756
深津町,フカズチョウ,FUKAZUCHO,,34.740668,135.357839
深谷町,フカタニチョウ,FUKATANICHO,,34.74702,135.317871
伏原町,フシハラチョウ,FUSHIHARACHO,,34.753976,135.35927
二見町,フタミチョウ,FUTAMICHO,,34.740631,135.372278
古川町,フルカワチョウ,FURUKAWACHO,,34.713192,135.368006
分銅町,ブンドウチョウ,BUNDOCHO,,34.741813,135.336953
宝生ケ丘一丁目,ホウショウガオカ 1,HOSHOGAOKA 1,,34.813823,135.331594
宝生ケ丘二丁目,ホウショウガオカ 2,HOSHOGAOKA 2,,34.813967,135.328109
豊楽町,ホウラクチョウ,HORAKUCHO,,34.75337,135.324788
堀切町,ホリキリチョウ,HORIKIRICHO,,34.730662,135.325919
本町,ホンマチ,HOMMACHI,,34.73391,135.339799
前浜町,マエハマチョウ,MAEHAMACHO,,34.727357,135.332807
松生町,マツオイチョウ,MATSUOICHO,,34.74648,135.328028
松風町,マツカゼチョウ,MATSUKAZECHO,,34.754088,135.327475
松ケ丘町,マツガオカチョウ,MATSUGAOKACHO,,34.748471,135.32143
松下町,マツシタチョウ,MATSUSHITACHO,,34.735791,135.327925
松園町,マツゾノチョウ,MATSUZONOCHO,,34.739737,135.322464
松並町,マツナミチョウ,MATSUNAMICHO,,34.74557,135.374801
松原町,マツバラチョウ,MATSUBARACHO,,34.736188,135.346244
松山町,マツヤマチョウ,MATSUYAMACHO,,34.747154,135.372051
丸橋町,マルハシチョウ,MARUHASHICHO,,34.752699,135.353851
満池谷町,マンチダニチョウ,MANCHIDANICHO,,34.748862,135.334384
美作町,ミサクチョウ,MISAKUCHO,,34.756025,135.320879
南甲子園一丁目,ミナミコウシエン 1,MINAMIKOSHIEN 1,,34.717012,135.357839
南甲子園二丁目,ミナミコウシエン 2,MINAMIKOSHIEN 2,,34.718384,135.355141
南甲子園三丁目,ミナミコウシエン 3,MINAMIKOSHIEN 3,,34.719389,135.352665
南越木岩町,ミナミコシキイワチョウ,MINAMIKOSHIKIIWACHO,,34.749165,135.327616
南昭和町,ミナミショウワチョウ,MINAMISHOWACHO,,34.74643,135.353655
宮西町,ミヤニシチョウ,MIYANISHICHO,,34.735727,135.330865
宮前町,ミヤマエチョウ,MIYAMAECHO,,34.732407,135.334417
武庫川町,ムコガワチョウ,MUKOGAWACHO,,34.717051,135.380158
室川町,ムロカワチョウ,MUROKAWACHO,,34.745406,135.342888
森下町,モリシタチョウ,MORISHITACHO,,34.743949,135.350337
門前町,モンゼンチョウ,MONZENCHO,,34.757391,135.364599
門戸岡田町,モンドオカダチョウ,MONDO OKADACHO,,34.757749,135.353648
門戸荘,モンドソウ,MONDOSO,,34.756125,135.356364
門戸西町,モンドニシマチ,MONDO NISHIMACHI,,34.762544,135.352365
門戸東町,モンドヒガシマチ,MONDO HIGASHIMACHI,,34.760297,135.356763
薬師町,ヤクシチョウ,YAKUSHICHO,,34.754001,135.363545
屋敷町,ヤシキチョウ,YASHIKICHO,,34.735262,135.325612
安井町,ヤスイチョウ,YASUICHO,,34.739717,135.331564
柳本町,ヤナギモトチョウ,YANAGIMOTOCHO,,34.749061,135.342714
山口町上山口,ヤマグチチョウカミヤマグチ,YAMAGUCHICHO KAMIYAMAGUCHI,,34.815953,135.240184
山口町上山口一丁目,ヤマグチチョウカミヤマグチ 1,YAMAGUCHICHO KAMIYAMAGUCHI 1,,34.82422,135.243097
山口町上山口二丁目,ヤマグチチョウカミヤマグチ 2,YAMAGUCHICHO KAMIYAMAGUCHI 2,,34.826673,135.244523
山口町上山口三丁目,ヤマグチチョウカミヤマグチ 3,YAMAGUCHICHO KAMIYAMAGUCHI 3,,34.827554,135.248671
山口町上山口四丁目,ヤマグチチョウカミヤマグチ 4,YAMAGUCHICHO KAMIYAMAGUCHI 4,,34.824318,135.248246
山口町金仙寺,ヤマグチチョウキンセンジ,YAMAGUCHICHO KINSENJI,,34.815803,135.261388
山口町金仙寺一丁目,ヤマグチチョウキンセンジ 1,YAMAGUCHICHO KINSENJI 1,,34.82325,135.252929
山口町金仙寺二丁目,ヤマグチチョウキンセンジ 2,YAMAGUCHICHO KINSENJI 2,,34.821447,135.252519
山口町金仙寺三丁目,ヤマグチチョウキンセンジ 3,YAMAGUCHICHO KINSENJI 3,,34.824349,135.252275
山口町香花園,ヤマグチチョウコウカエン,YAMAGUCHICHO KOKAEN,,34.805464,135.245864
山口町下山口,ヤマグチチョウシモヤマグチ,YAMAGUCHICHO SHIMOYAMAGUCHI,,34.831315,135.260458
山口町下山口一丁目,ヤマグチチョウシモヤマグチ 1,YAMAGUCHICHO SHIMOYAMAGUCHI 1,,34.836455,135.238265
山口町下山口二丁目,ヤマグチチョウシモヤマグチ 2,YAMAGUCHICHO SHIMOYAMAGUCHI 2,,34.83609,135.236584
山口町下山口三丁目,ヤマグチチョウシモヤマグチ 3,YAMAGUCHICHO SHIMOYAMAGUCHI 3,,34.832889,135.238789
山口町下山口四丁目,ヤマグチチョウシモヤマグチ 4,YAMAGUCHICHO SHIMOYAMAGUCHI 4,,34.829327,135.239472
山口町下山口五丁目,ヤマグチチョウシモヤマグチ 5,YAMAGUCHICHO SHIMOYAMAGUCHI 5,,34.830497,135.242537
山口町中野,ヤマグチチョウナカノ,YAMAGUCHICHO NAKANO,,34.808882,135.259225
山口町中野一丁目,ヤマグチチョウナカノ 1,YAMAGUCHICHO NAKANO 1,,34.810972,135.250406
山口町中野二丁目,ヤマグチチョウナカノ 2,YAMAGUCHICHO NAKANO 2,,34.814423,135.248432
山口町中野三丁目,ヤマグチチョウナカノ 3,YAMAGUCHICHO NAKANO 3,,34.814706,135.24994
山口町名来,ヤマグチチョウナライ,YAMAGUCHICHO NARAI,,34.842371,135.24455
山口町名来一丁目,ヤマグチチョウナライ 1,YAMAGUCHICHO NARAI 1,,34.844325,135.236009
山口町名来二丁目,ヤマグチチョウナライ 2,YAMAGUCHICHO NARAI 2,,34.840412,135.236342
山口町阪神流通センター一丁目,ヤマグチチョウハンシンリュウツウセンター 1,YAMAGUCHICHO HANSHINRYUTSUSENTA 1,,34.825655,135.234653
山口町阪神流通センター二丁目,ヤマグチチョウハンシンリュウツウセンター 2,YAMAGUCHICHO HANSHINRYUTSUSENTA 2,,34.824444,135.230828
山口町阪神流通センター三丁目,ヤマグチチョウハンシンリュウツウセンター 3,YAMAGUCHICHO HANSHINRYUTSUSENTA 3,,34.830502,135.233477
山口町船坂,ヤマグチチョウフナサカ,YAMAGUCHICHO FUNASAKA,,34.800531,135.285864
湯元町,ユノモトチョウ,YUNOMOTOCHO,,34.778255,135.313976
弓場町,ユバチョウ,YUBACHO,,34.73462,135.322736
用海町,ヨウガイチョウ,YOGAICHO,,34.731481,135.344195
与古道町,ヨコミチチョウ,YOKOMICHICHO,,34.734966,135.342825
両度町,リョウドチョウ,RYODOCHO,,34.743977,135.353442
六湛寺町,ロクタンジチョウ,ROKUTANJICHO,,34.737603,135.34189
六軒町,ロッケンチョウ,ROKKENCHO,,34.758291,135.335809
若草町一丁目,ワカクサチョウ 1,WAKAKUSACHO 1,,34.728648,135.373989
若草町二丁目,ワカクサチョウ 2,WAKAKUSACHO 2,,34.726839,135.373458
若松町,ワカマツチョウ,WAKAMATSUCHO,,34.743123,135.333127
若山町,ワカヤマチョウ,WAKAYAMACHO,,34.759996,135.365086
和上町,ワジョウチョウ,WAJOCHO,,34.737858,135.337799
